遊戲名稱,期別,開獎日期,銷售總額,銷售注數,總獎金,獎號1,獎號2,獎號3,獎號4,獎號5,獎號6
春節加碼活動,115000013,2026/02/12,195656750,3913135,163266467,05,06,14,22,28,32
春節加碼活動,115000013,2026/02/12,195656750,3913135,163266467,05,06,14,22,28,36
春節加碼活動,115000013,2026/02/12,195656750,3913135,163266467,05,06,14,22,28,37
春節加碼活動,115000013,2026/02/12,195656750,3913135,163266467,05,06,14,22,28,38
春節加碼活動,115000013,2026/02/12,195656750,3913135,163266467,05,06,14,22,28,47
春節加碼活動,115000013,2026/02/12,195656750,3913135,163266467,05,06,14,22,32,36
春節加碼活動,115000013,2026/02/12,195656750,3913135,163266467,05,06,14,22,32,37
春節加碼活動,115000013,2026/02/12,195656750,3913135,163266467,05,06,14,22,32,38
春節加碼活動,115000013,2026/02/12,195656750,3913135,163266467,05,06,14,22,32,47
春節加碼活動,115000013,2026/02/12,195656750,3913135,163266467,05,06,14,22,36,37
春節加碼活動,115000013,2026/02/12,195656750,3913135,163266467,05,06,14,22,36,38
春節加碼活動,115000013,2026/02/12,195656750,3913135,163266467,05,06,14,22,36,47
春節加碼活動,115000013,2026/02/12,195656750,3913135,163266467,05,06,14,22,37,38
春節加碼活動,115000013,2026/02/12,195656750,3913135,163266467,05,06,14,22,37,47
春節加碼活動,115000013,2026/02/12,195656750,3913135,163266467,05,06,14,22,38,47
春節加碼活動,115000013,2026/02/12,195656750,3913135,163266467,05,06,14,28,32,36
春節加碼活動,115000013,2026/02/12,195656750,3913135,163266467,05,06,14,28,32,37
春節加碼活動,115000013,2026/02/12,195656750,3913135,163266467,05,06,14,28,32,38
春節加碼活動,115000013,2026/02/12,195656750,3913135,163266467,05,06,14,28,32,47
春節加碼活動,115000013,2026/02/12,195656750,3913135,163266467,05,06,14,28,36,37
春節加碼活動,115000013,2026/02/12,195656750,3913135,163266467,05,06,14,28,36,38
春節加碼活動,115000013,2026/02/12,195656750,3913135,163266467,05,06,14,28,36,47
春節加碼活動,115000013,2026/02/12,195656750,3913135,163266467,05,06,14,28,37,38
春節加碼活動,115000013,2026/02/12,195656750,3913135,163266467,05,06,14,28,37,47
春節加碼活動,115000013,2026/02/12,195656750,3913135,163266467,05,06,14,28,38,47
春節加碼活動,115000013,2026/02/12,195656750,3913135,163266467,05,06,14,32,36,37
春節加碼活動,115000013,2026/02/12,195656750,3913135,163266467,05,06,14,32,36,38
春節加碼活動,115000013,2026/02/12,195656750,3913135,163266467,05,06,14,32,36,47
春節加碼活動,115000013,2026/02/12,195656750,3913135,163266467,05,06,14,32,37,38
春節加碼活動,115000013,2026/02/12,195656750,3913135,163266467,05,06,14,32,37,47
春節加碼活動,115000013,2026/02/12,195656750,3913135,163266467,05,06,14,32,38,47
春節加碼活動,115000013,2026/02/12,195656750,3913135,163266467,05,06,14,36,37,38
春節加碼活動,115000013,2026/02/12,195656750,3913135,163266467,05,06,14,36,37,47
春節加碼活動,115000013,2026/02/12,195656750,3913135,163266467,05,06,14,36,38,47
春節加碼活動,115000013,2026/02/12,195656750,3913135,163266467,05,06,14,37,38,47
春節加碼活動,115000013,2026/02/12,195656750,3913135,163266467,05,06,22,28,32,36
春節加碼活動,115000013,2026/02/12,195656750,3913135,163266467,05,06,22,28,32,37
春節加碼活動,115000013,2026/02/12,195656750,3913135,163266467,05,06,22,28,32,38
春節加碼活動,115000013,2026/02/12,195656750,3913135,163266467,05,06,22,28,32,47
春節加碼活動,115000013,2026/02/12,195656750,3913135,163266467,05,06,22,28,36,37
春節加碼活動,115000013,2026/02/12,195656750,3913135,163266467,05,06,22,28,36,38
春節加碼活動,115000013,2026/02/12,195656750,3913135,163266467,05,06,22,28,36,47
春節加碼活動,115000013,2026/02/12,195656750,3913135,163266467,05,06,22,28,37,38
春節加碼活動,115000013,2026/02/12,195656750,3913135,163266467,05,06,22,28,37,47
春節加碼活動,115000013,2026/02/12,195656750,3913135,163266467,05,06,22,28,38,47
春節加碼活動,115000013,2026/02/12,195656750,3913135,163266467,05,06,22,32,36,37
春節加碼活動,115000013,2026/02/12,195656750,3913135,163266467,05,06,22,32,36,38
春節加碼活動,115000013,2026/02/12,195656750,3913135,163266467,05,06,22,32,36,47
春節加碼活動,115000013,2026/02/12,195656750,3913135,163266467,05,06,22,32,37,38
春節加碼活動,115000013,2026/02/12,195656750,3913135,163266467,05,06,22,32,37,47
春節加碼活動,115000013,2026/02/12,195656750,3913135,163266467,05,06,22,32,38,47
春節加碼活動,115000013,2026/02/12,195656750,3913135,163266467,05,06,22,36,37,38
春節加碼活動,115000013,2026/02/12,195656750,3913135,163266467,05,06,22,36,37,47
春節加碼活動,115000013,2026/02/12,195656750,3913135,163266467,05,06,22,36,38,47
春節加碼活動,115000013,2026/02/12,195656750,3913135,163266467,05,06,22,37,38,47
春節加碼活動,115000013,2026/02/12,195656750,3913135,163266467,05,06,28,32,36,37
春節加碼活動,115000013,2026/02/12,195656750,3913135,163266467,05,06,28,32,36,38
春節加碼活動,115000013,2026/02/12,195656750,3913135,163266467,05,06,28,32,36,47
春節加碼活動,115000013,2026/02/12,195656750,3913135,163266467,05,06,28,32,37,38
春節加碼活動,115000013,2026/02/12,195656750,3913135,163266467,05,06,28,32,37,47
春節加碼活動,115000013,2026/02/12,195656750,3913135,163266467,05,06,28,32,38,47
春節加碼活動,115000013,2026/02/12,195656750,3913135,163266467,05,06,28,36,37,38
春節加碼活動,115000013,2026/02/12,195656750,3913135,163266467,05,06,28,36,37,47
春節加碼活動,115000013,2026/02/12,195656750,3913135,163266467,05,06,28,36,38,47
春節加碼活動,115000013,2026/02/12,195656750,3913135,163266467,05,06,28,37,38,47
春節加碼活動,115000013,2026/02/12,195656750,3913135,163266467,05,06,32,36,37,38
春節加碼活動,115000013,2026/02/12,195656750,3913135,163266467,05,06,32,36,37,47
春節加碼活動,115000013,2026/02/12,195656750,3913135,163266467,05,06,32,36,38,47
春節加碼活動,115000013,2026/02/12,195656750,3913135,163266467,05,06,32,37,38,47
春節加碼活動,115000013,2026/02/12,195656750,3913135,163266467,05,06,36,37,38,47
春節加碼活動,115000013,2026/02/12,195656750,3913135,163266467,05,14,22,28,32,36
春節加碼活動,115000013,2026/02/12,195656750,3913135,163266467,05,14,22,28,32,37
春節加碼活動,115000013,2026/02/12,195656750,3913135,163266467,05,14,22,28,32,38
春節加碼活動,115000013,2026/02/12,195656750,3913135,163266467,05,14,22,28,32,47
春節加碼活動,115000013,2026/02/12,195656750,3913135,163266467,05,14,22,28,36,37
春節加碼活動,115000013,2026/02/12,195656750,3913135,163266467,05,14,22,28,36,38
春節加碼活動,115000013,2026/02/12,195656750,3913135,163266467,05,14,22,28,36,47
春節加碼活動,115000013,2026/02/12,195656750,3913135,163266467,05,14,22,28,37,38
春節加碼活動,115000013,2026/02/12,195656750,3913135,163266467,05,14,22,28,37,47
春節加碼活動,115000013,2026/02/12,195656750,3913135,163266467,05,14,22,28,38,47
春節加碼活動,115000013,2026/02/12,195656750,3913135,163266467,05,14,22,32,36,37
春節加碼活動,115000013,2026/02/12,195656750,3913135,163266467,05,14,22,32,36,38
春節加碼活動,115000013,2026/02/12,195656750,3913135,163266467,05,14,22,32,36,47
春節加碼活動,115000013,2026/02/12,195656750,3913135,163266467,05,14,22,32,37,38
春節加碼活動,115000013,2026/02/12,195656750,3913135,163266467,05,14,22,32,37,47
春節加碼活動,115000013,2026/02/12,195656750,3913135,163266467,05,14,22,32,38,47
春節加碼活動,115000013,2026/02/12,195656750,3913135,163266467,05,14,22,36,37,38
春節加碼活動,115000013,2026/02/12,195656750,3913135,163266467,05,14,22,36,37,47
春節加碼活動,115000013,2026/02/12,195656750,3913135,163266467,05,14,22,36,38,47
春節加碼活動,115000013,2026/02/12,195656750,3913135,163266467,05,14,22,37,38,47
春節加碼活動,115000013,2026/02/12,195656750,3913135,163266467,05,14,28,32,36,37
春節加碼活動,115000013,2026/02/12,195656750,3913135,163266467,05,14,28,32,36,38
春節加碼活動,115000013,2026/02/12,195656750,3913135,163266467,05,14,28,32,36,47
春節加碼活動,115000013,2026/02/12,195656750,3913135,163266467,05,14,28,32,37,38
春節加碼活動,115000013,2026/02/12,195656750,3913135,163266467,05,14,28,32,37,47
春節加碼活動,115000013,2026/02/12,195656750,3913135,163266467,05,14,28,32,38,47
春節加碼活動,115000013,2026/02/12,195656750,3913135,163266467,05,14,28,36,37,38
春節加碼活動,115000013,2026/02/12,195656750,3913135,163266467,05,14,28,36,37,47
春節加碼活動,115000013,2026/02/12,195656750,3913135,163266467,05,14,28,36,38,47
春節加碼活動,115000013,2026/02/12,195656750,3913135,163266467,05,14,28,37,38,47
春節加碼活動,115000013,2026/02/12,195656750,3913135,163266467,05,14,32,36,37,38
春節加碼活動,115000013,2026/02/12,195656750,3913135,163266467,05,14,32,36,37,47
春節加碼活動,115000013,2026/02/12,195656750,3913135,163266467,05,14,32,36,38,47
春節加碼活動,115000013,2026/02/12,195656750,3913135,163266467,05,14,32,37,38,47
春節加碼活動,115000013,2026/02/12,195656750,3913135,163266467,05,14,36,37,38,47
春節加碼活動,115000013,2026/02/12,195656750,3913135,163266467,05,22,28,32,36,37
春節加碼活動,115000013,2026/02/12,195656750,3913135,163266467,05,22,28,32,36,38
春節加碼活動,115000013,2026/02/12,195656750,3913135,163266467,05,22,28,32,36,47
春節加碼活動,115000013,2026/02/12,195656750,3913135,163266467,05,22,28,32,37,38
春節加碼活動,115000013,2026/02/12,195656750,3913135,163266467,05,22,28,32,37,47
春節加碼活動,115000013,2026/02/12,195656750,3913135,163266467,05,22,28,32,38,47
春節加碼活動,115000013,2026/02/12,195656750,3913135,163266467,05,22,28,36,37,38
春節加碼活動,115000013,2026/02/12,195656750,3913135,163266467,05,22,28,36,37,47
春節加碼活動,115000013,2026/02/12,195656750,3913135,163266467,05,22,28,36,38,47
春節加碼活動,115000013,2026/02/12,195656750,3913135,163266467,05,22,28,37,38,47
春節加碼活動,115000013,2026/02/12,195656750,3913135,163266467,05,22,32,36,37,38
春節加碼活動,115000013,2026/02/12,195656750,3913135,163266467,05,22,32,36,37,47
春節加碼活動,115000013,2026/02/12,195656750,3913135,163266467,05,22,32,36,38,47
春節加碼活動,115000013,2026/02/12,195656750,3913135,163266467,05,22,32,37,38,47
春節加碼活動,115000013,2026/02/12,195656750,3913135,163266467,05,22,36,37,38,47
春節加碼活動,115000013,2026/02/12,195656750,3913135,163266467,05,28,32,36,37,38
春節加碼活動,115000013,2026/02/12,195656750,3913135,163266467,05,28,32,36,37,47
春節加碼活動,115000013,2026/02/12,195656750,3913135,163266467,05,28,32,36,38,47
春節加碼活動,115000013,2026/02/12,195656750,3913135,163266467,05,28,32,37,38,47
春節加碼活動,115000013,2026/02/12,195656750,3913135,163266467,05,28,36,37,38,47
春節加碼活動,115000013,2026/02/12,195656750,3913135,163266467,05,32,36,37,38,47
春節加碼活動,115000013,2026/02/12,195656750,3913135,163266467,06,14,22,28,32,36
春節加碼活動,115000013,2026/02/12,195656750,3913135,163266467,06,14,22,28,32,37
春節加碼活動,115000013,2026/02/12,195656750,3913135,163266467,06,14,22,28,32,38
春節加碼活動,115000013,2026/02/12,195656750,3913135,163266467,06,14,22,28,32,47
春節加碼活動,115000013,2026/02/12,195656750,3913135,163266467,06,14,22,28,36,37
春節加碼活動,115000013,2026/02/12,195656750,3913135,163266467,06,14,22,28,36,38
春節加碼活動,115000013,2026/02/12,195656750,3913135,163266467,06,14,22,28,36,47
春節加碼活動,115000013,2026/02/12,195656750,3913135,163266467,06,14,22,28,37,38
春節加碼活動,115000013,2026/02/12,195656750,3913135,163266467,06,14,22,28,37,47
春節加碼活動,115000013,2026/02/12,195656750,3913135,163266467,06,14,22,28,38,47
春節加碼活動,115000013,2026/02/12,195656750,3913135,163266467,06,14,22,32,36,37
春節加碼活動,115000013,2026/02/12,195656750,3913135,163266467,06,14,22,32,36,38
春節加碼活動,115000013,2026/02/12,195656750,3913135,163266467,06,14,22,32,36,47
春節加碼活動,115000013,2026/02/12,195656750,3913135,163266467,06,14,22,32,37,38
春節加碼活動,115000013,2026/02/12,195656750,3913135,163266467,06,14,22,32,37,47
春節加碼活動,115000013,2026/02/12,195656750,3913135,163266467,06,14,22,32,38,47
春節加碼活動,115000013,2026/02/12,195656750,3913135,163266467,06,14,22,36,37,38
春節加碼活動,115000013,2026/02/12,195656750,3913135,163266467,06,14,22,36,37,47
春節加碼活動,115000013,2026/02/12,195656750,3913135,163266467,06,14,22,36,38,47
春節加碼活動,115000013,2026/02/12,195656750,3913135,163266467,06,14,22,37,38,47
春節加碼活動,115000013,2026/02/12,195656750,3913135,163266467,06,14,28,32,36,37
春節加碼活動,115000013,2026/02/12,195656750,3913135,163266467,06,14,28,32,36,38
春節加碼活動,115000013,2026/02/12,195656750,3913135,163266467,06,14,28,32,36,47
春節加碼活動,115000013,2026/02/12,195656750,3913135,163266467,06,14,28,32,37,38
春節加碼活動,115000013,2026/02/12,195656750,3913135,163266467,06,14,28,32,37,47
春節加碼活動,115000013,2026/02/12,195656750,3913135,163266467,06,14,28,32,38,47
春節加碼活動,115000013,2026/02/12,195656750,3913135,163266467,06,14,28,36,37,38
春節加碼活動,115000013,2026/02/12,195656750,3913135,163266467,06,14,28,36,37,47
春節加碼活動,115000013,2026/02/12,195656750,3913135,163266467,06,14,28,36,38,47
春節加碼活動,115000013,2026/02/12,195656750,3913135,163266467,06,14,28,37,38,47
春節加碼活動,115000013,2026/02/12,195656750,3913135,163266467,06,14,32,36,37,38
春節加碼活動,115000013,2026/02/12,195656750,3913135,163266467,06,14,32,36,37,47
春節加碼活動,115000013,2026/02/12,195656750,3913135,163266467,06,14,32,36,38,47
春節加碼活動,115000013,2026/02/12,195656750,3913135,163266467,06,14,32,37,38,47
春節加碼活動,115000013,2026/02/12,195656750,3913135,163266467,06,14,36,37,38,47
春節加碼活動,115000013,2026/02/12,195656750,3913135,163266467,06,22,28,32,36,37
春節加碼活動,115000013,2026/02/12,195656750,3913135,163266467,06,22,28,32,36,38
春節加碼活動,115000013,2026/02/12,195656750,3913135,163266467,06,22,28,32,36,47
春節加碼活動,115000013,2026/02/12,195656750,3913135,163266467,06,22,28,32,37,38
春節加碼活動,115000013,2026/02/12,195656750,3913135,163266467,06,22,28,32,37,47
春節加碼活動,115000013,2026/02/12,195656750,3913135,163266467,06,22,28,32,38,47
春節加碼活動,115000013,2026/02/12,195656750,3913135,163266467,06,22,28,36,37,38
春節加碼活動,115000013,2026/02/12,195656750,3913135,163266467,06,22,28,36,37,47
春節加碼活動,115000013,2026/02/12,195656750,3913135,163266467,06,22,28,36,38,47
春節加碼活動,115000013,2026/02/12,195656750,3913135,163266467,06,22,28,37,38,47
春節加碼活動,115000013,2026/02/12,195656750,3913135,163266467,06,22,32,36,37,38
春節加碼活動,115000013,2026/02/12,195656750,3913135,163266467,06,22,32,36,37,47
春節加碼活動,115000013,2026/02/12,195656750,3913135,163266467,06,22,32,36,38,47
春節加碼活動,115000013,2026/02/12,195656750,3913135,163266467,06,22,32,37,38,47
春節加碼活動,115000013,2026/02/12,195656750,3913135,163266467,06,22,36,37,38,47
春節加碼活動,115000013,2026/02/12,195656750,3913135,163266467,06,28,32,36,37,38
春節加碼活動,115000013,2026/02/12,195656750,3913135,163266467,06,28,32,36,37,47
春節加碼活動,115000013,2026/02/12,195656750,3913135,163266467,06,28,32,36,38,47
春節加碼活動,115000013,2026/02/12,195656750,3913135,163266467,06,28,32,37,38,47
春節加碼活動,115000013,2026/02/12,195656750,3913135,163266467,06,28,36,37,38,47
春節加碼活動,115000013,2026/02/12,195656750,3913135,163266467,06,32,36,37,38,47
春節加碼活動,115000013,2026/02/12,195656750,3913135,163266467,14,22,28,32,36,37
春節加碼活動,115000013,2026/02/12,195656750,3913135,163266467,14,22,28,32,36,38
春節加碼活動,115000013,2026/02/12,195656750,3913135,163266467,14,22,28,32,36,47
春節加碼活動,115000013,2026/02/12,195656750,3913135,163266467,14,22,28,32,37,38
春節加碼活動,115000013,2026/02/12,195656750,3913135,163266467,14,22,28,32,37,47
春節加碼活動,115000013,2026/02/12,195656750,3913135,163266467,14,22,28,32,38,47
春節加碼活動,115000013,2026/02/12,195656750,3913135,163266467,14,22,28,36,37,38
春節加碼活動,115000013,2026/02/12,195656750,3913135,163266467,14,22,28,36,37,47
春節加碼活動,115000013,2026/02/12,195656750,3913135,163266467,14,22,28,36,38,47
春節加碼活動,115000013,2026/02/12,195656750,3913135,163266467,14,22,28,37,38,47
春節加碼活動,115000013,2026/02/12,195656750,3913135,163266467,14,22,32,36,37,38
春節加碼活動,115000013,2026/02/12,195656750,3913135,163266467,14,22,32,36,37,47
春節加碼活動,115000013,2026/02/12,195656750,3913135,163266467,14,22,32,36,38,47
春節加碼活動,115000013,2026/02/12,195656750,3913135,163266467,14,22,32,37,38,47
春節加碼活動,115000013,2026/02/12,195656750,3913135,163266467,14,22,36,37,38,47
春節加碼活動,115000013,2026/02/12,195656750,3913135,163266467,14,28,32,36,37,38
春節加碼活動,115000013,2026/02/12,195656750,3913135,163266467,14,28,32,36,37,47
春節加碼活動,115000013,2026/02/12,195656750,3913135,163266467,14,28,32,36,38,47
春節加碼活動,115000013,2026/02/12,195656750,3913135,163266467,14,28,32,37,38,47
春節加碼活動,115000013,2026/02/12,195656750,3913135,163266467,14,28,36,37,38,47
春節加碼活動,115000013,2026/02/12,195656750,3913135,163266467,14,32,36,37,38,47
春節加碼活動,115000013,2026/02/12,195656750,3913135,163266467,22,28,32,36,37,38
春節加碼活動,115000013,2026/02/12,195656750,3913135,163266467,22,28,32,36,37,47
春節加碼活動,115000013,2026/02/12,195656750,3913135,163266467,22,28,32,36,38,47
春節加碼活動,115000013,2026/02/12,195656750,3913135,163266467,22,28,32,37,38,47
春節加碼活動,115000013,2026/02/12,195656750,3913135,163266467,22,28,36,37,38,47
春節加碼活動,115000013,2026/02/12,195656750,3913135,163266467,22,32,36,37,38,47
春節加碼活動,115000013,2026/02/12,195656750,3913135,163266467,28,32,36,37,38,47
春節加碼活動,115000014,2026/02/13,207590350,4151807,212129738,01,06,18,23,25,28
春節加碼活動,115000014,2026/02/13,207590350,4151807,212129738,01,06,18,23,25,33
春節加碼活動,115000014,2026/02/13,207590350,4151807,212129738,01,06,18,23,25,37
春節加碼活動,115000014,2026/02/13,207590350,4151807,212129738,01,06,18,23,25,40
春節加碼活動,115000014,2026/02/13,207590350,4151807,212129738,01,06,18,23,25,48
春節加碼活動,115000014,2026/02/13,207590350,4151807,212129738,01,06,18,23,28,33
春節加碼活動,115000014,2026/02/13,207590350,4151807,212129738,01,06,18,23,28,37
春節加碼活動,115000014,2026/02/13,207590350,4151807,212129738,01,06,18,23,28,40
春節加碼活動,115000014,2026/02/13,207590350,4151807,212129738,01,06,18,23,28,48
春節加碼活動,115000014,2026/02/13,207590350,4151807,212129738,01,06,18,23,33,37
春節加碼活動,115000014,2026/02/13,207590350,4151807,212129738,01,06,18,23,33,40
春節加碼活動,115000014,2026/02/13,207590350,4151807,212129738,01,06,18,23,33,48
春節加碼活動,115000014,2026/02/13,207590350,4151807,212129738,01,06,18,23,37,40
春節加碼活動,115000014,2026/02/13,207590350,4151807,212129738,01,06,18,23,37,48
春節加碼活動,115000014,2026/02/13,207590350,4151807,212129738,01,06,18,23,40,48
春節加碼活動,115000014,2026/02/13,207590350,4151807,212129738,01,06,18,25,28,33
春節加碼活動,115000014,2026/02/13,207590350,4151807,212129738,01,06,18,25,28,37
春節加碼活動,115000014,2026/02/13,207590350,4151807,212129738,01,06,18,25,28,40
春節加碼活動,115000014,2026/02/13,207590350,4151807,212129738,01,06,18,25,28,48
春節加碼活動,115000014,2026/02/13,207590350,4151807,212129738,01,06,18,25,33,37
春節加碼活動,115000014,2026/02/13,207590350,4151807,212129738,01,06,18,25,33,40
春節加碼活動,115000014,2026/02/13,207590350,4151807,212129738,01,06,18,25,33,48
春節加碼活動,115000014,2026/02/13,207590350,4151807,212129738,01,06,18,25,37,40
春節加碼活動,115000014,2026/02/13,207590350,4151807,212129738,01,06,18,25,37,48
春節加碼活動,115000014,2026/02/13,207590350,4151807,212129738,01,06,18,25,40,48
春節加碼活動,115000014,2026/02/13,207590350,4151807,212129738,01,06,18,28,33,37
春節加碼活動,115000014,2026/02/13,207590350,4151807,212129738,01,06,18,28,33,40
春節加碼活動,115000014,2026/02/13,207590350,4151807,212129738,01,06,18,28,33,48
春節加碼活動,115000014,2026/02/13,207590350,4151807,212129738,01,06,18,28,37,40
春節加碼活動,115000014,2026/02/13,207590350,4151807,212129738,01,06,18,28,37,48
春節加碼活動,115000014,2026/02/13,207590350,4151807,212129738,01,06,18,28,40,48
春節加碼活動,115000014,2026/02/13,207590350,4151807,212129738,01,06,18,33,37,40
春節加碼活動,115000014,2026/02/13,207590350,4151807,212129738,01,06,18,33,37,48
春節加碼活動,115000014,2026/02/13,207590350,4151807,212129738,01,06,18,33,40,48
春節加碼活動,115000014,2026/02/13,207590350,4151807,212129738,01,06,18,37,40,48
春節加碼活動,115000014,2026/02/13,207590350,4151807,212129738,01,06,23,25,28,33
春節加碼活動,115000014,2026/02/13,207590350,4151807,212129738,01,06,23,25,28,37
春節加碼活動,115000014,2026/02/13,207590350,4151807,212129738,01,06,23,25,28,40
春節加碼活動,115000014,2026/02/13,207590350,4151807,212129738,01,06,23,25,28,48
春節加碼活動,115000014,2026/02/13,207590350,4151807,212129738,01,06,23,25,33,37
春節加碼活動,115000014,2026/02/13,207590350,4151807,212129738,01,06,23,25,33,40
春節加碼活動,115000014,2026/02/13,207590350,4151807,212129738,01,06,23,25,33,48
春節加碼活動,115000014,2026/02/13,207590350,4151807,212129738,01,06,23,25,37,40
春節加碼活動,115000014,2026/02/13,207590350,4151807,212129738,01,06,23,25,37,48
春節加碼活動,115000014,2026/02/13,207590350,4151807,212129738,01,06,23,25,40,48
春節加碼活動,115000014,2026/02/13,207590350,4151807,212129738,01,06,23,28,33,37
春節加碼活動,115000014,2026/02/13,207590350,4151807,212129738,01,06,23,28,33,40
春節加碼活動,115000014,2026/02/13,207590350,4151807,212129738,01,06,23,28,33,48
春節加碼活動,115000014,2026/02/13,207590350,4151807,212129738,01,06,23,28,37,40
春節加碼活動,115000014,2026/02/13,207590350,4151807,212129738,01,06,23,28,37,48
春節加碼活動,115000014,2026/02/13,207590350,4151807,212129738,01,06,23,28,40,48
春節加碼活動,115000014,2026/02/13,207590350,4151807,212129738,01,06,23,33,37,40
春節加碼活動,115000014,2026/02/13,207590350,4151807,212129738,01,06,23,33,37,48
春節加碼活動,115000014,2026/02/13,207590350,4151807,212129738,01,06,23,33,40,48
春節加碼活動,115000014,2026/02/13,207590350,4151807,212129738,01,06,23,37,40,48
春節加碼活動,115000014,2026/02/13,207590350,4151807,212129738,01,06,25,28,33,37
春節加碼活動,115000014,2026/02/13,207590350,4151807,212129738,01,06,25,28,33,40
春節加碼活動,115000014,2026/02/13,207590350,4151807,212129738,01,06,25,28,33,48
春節加碼活動,115000014,2026/02/13,207590350,4151807,212129738,01,06,25,28,37,40
春節加碼活動,115000014,2026/02/13,207590350,4151807,212129738,01,06,25,28,37,48
春節加碼活動,115000014,2026/02/13,207590350,4151807,212129738,01,06,25,28,40,48
春節加碼活動,115000014,2026/02/13,207590350,4151807,212129738,01,06,25,33,37,40
春節加碼活動,115000014,2026/02/13,207590350,4151807,212129738,01,06,25,33,37,48
春節加碼活動,115000014,2026/02/13,207590350,4151807,212129738,01,06,25,33,40,48
春節加碼活動,115000014,2026/02/13,207590350,4151807,212129738,01,06,25,37,40,48
春節加碼活動,115000014,2026/02/13,207590350,4151807,212129738,01,06,28,33,37,40
春節加碼活動,115000014,2026/02/13,207590350,4151807,212129738,01,06,28,33,37,48
春節加碼活動,115000014,2026/02/13,207590350,4151807,212129738,01,06,28,33,40,48
春節加碼活動,115000014,2026/02/13,207590350,4151807,212129738,01,06,28,37,40,48
春節加碼活動,115000014,2026/02/13,207590350,4151807,212129738,01,06,33,37,40,48
春節加碼活動,115000014,2026/02/13,207590350,4151807,212129738,01,18,23,25,28,33
春節加碼活動,115000014,2026/02/13,207590350,4151807,212129738,01,18,23,25,28,37
春節加碼活動,115000014,2026/02/13,207590350,4151807,212129738,01,18,23,25,28,40
春節加碼活動,115000014,2026/02/13,207590350,4151807,212129738,01,18,23,25,28,48
春節加碼活動,115000014,2026/02/13,207590350,4151807,212129738,01,18,23,25,33,37
春節加碼活動,115000014,2026/02/13,207590350,4151807,212129738,01,18,23,25,33,40
春節加碼活動,115000014,2026/02/13,207590350,4151807,212129738,01,18,23,25,33,48
春節加碼活動,115000014,2026/02/13,207590350,4151807,212129738,01,18,23,25,37,40
春節加碼活動,115000014,2026/02/13,207590350,4151807,212129738,01,18,23,25,37,48
春節加碼活動,115000014,2026/02/13,207590350,4151807,212129738,01,18,23,25,40,48
春節加碼活動,115000014,2026/02/13,207590350,4151807,212129738,01,18,23,28,33,37
春節加碼活動,115000014,2026/02/13,207590350,4151807,212129738,01,18,23,28,33,40
春節加碼活動,115000014,2026/02/13,207590350,4151807,212129738,01,18,23,28,33,48
春節加碼活動,115000014,2026/02/13,207590350,4151807,212129738,01,18,23,28,37,40
春節加碼活動,115000014,2026/02/13,207590350,4151807,212129738,01,18,23,28,37,48
春節加碼活動,115000014,2026/02/13,207590350,4151807,212129738,01,18,23,28,40,48
春節加碼活動,115000014,2026/02/13,207590350,4151807,212129738,01,18,23,33,37,40
春節加碼活動,115000014,2026/02/13,207590350,4151807,212129738,01,18,23,33,37,48
春節加碼活動,115000014,2026/02/13,207590350,4151807,212129738,01,18,23,33,40,48
春節加碼活動,115000014,2026/02/13,207590350,4151807,212129738,01,18,23,37,40,48
春節加碼活動,115000014,2026/02/13,207590350,4151807,212129738,01,18,25,28,33,37
春節加碼活動,115000014,2026/02/13,207590350,4151807,212129738,01,18,25,28,33,40
春節加碼活動,115000014,2026/02/13,207590350,4151807,212129738,01,18,25,28,33,48
春節加碼活動,115000014,2026/02/13,207590350,4151807,212129738,01,18,25,28,37,40
春節加碼活動,115000014,2026/02/13,207590350,4151807,212129738,01,18,25,28,37,48
春節加碼活動,115000014,2026/02/13,207590350,4151807,212129738,01,18,25,28,40,48
春節加碼活動,115000014,2026/02/13,207590350,4151807,212129738,01,18,25,33,37,40
春節加碼活動,115000014,2026/02/13,207590350,4151807,212129738,01,18,25,33,37,48
春節加碼活動,115000014,2026/02/13,207590350,4151807,212129738,01,18,25,33,40,48
春節加碼活動,115000014,2026/02/13,207590350,4151807,212129738,01,18,25,37,40,48
春節加碼活動,115000014,2026/02/13,207590350,4151807,212129738,01,18,28,33,37,40
春節加碼活動,115000014,2026/02/13,207590350,4151807,212129738,01,18,28,33,37,48
春節加碼活動,115000014,2026/02/13,207590350,4151807,212129738,01,18,28,33,40,48
春節加碼活動,115000014,2026/02/13,207590350,4151807,212129738,01,18,28,37,40,48
春節加碼活動,115000014,2026/02/13,207590350,4151807,212129738,01,18,33,37,40,48
春節加碼活動,115000014,2026/02/13,207590350,4151807,212129738,01,23,25,28,33,37
春節加碼活動,115000014,2026/02/13,207590350,4151807,212129738,01,23,25,28,33,40
春節加碼活動,115000014,2026/02/13,207590350,4151807,212129738,01,23,25,28,33,48
春節加碼活動,115000014,2026/02/13,207590350,4151807,212129738,01,23,25,28,37,40
春節加碼活動,115000014,2026/02/13,207590350,4151807,212129738,01,23,25,28,37,48
春節加碼活動,115000014,2026/02/13,207590350,4151807,212129738,01,23,25,28,40,48
春節加碼活動,115000014,2026/02/13,207590350,4151807,212129738,01,23,25,33,37,40
春節加碼活動,115000014,2026/02/13,207590350,4151807,212129738,01,23,25,33,37,48
春節加碼活動,115000014,2026/02/13,207590350,4151807,212129738,01,23,25,33,40,48
春節加碼活動,115000014,2026/02/13,207590350,4151807,212129738,01,23,25,37,40,48
春節加碼活動,115000014,2026/02/13,207590350,4151807,212129738,01,23,28,33,37,40
春節加碼活動,115000014,2026/02/13,207590350,4151807,212129738,01,23,28,33,37,48
春節加碼活動,115000014,2026/02/13,207590350,4151807,212129738,01,23,28,33,40,48
春節加碼活動,115000014,2026/02/13,207590350,4151807,212129738,01,23,28,37,40,48
春節加碼活動,115000014,2026/02/13,207590350,4151807,212129738,01,23,33,37,40,48
春節加碼活動,115000014,2026/02/13,207590350,4151807,212129738,01,25,28,33,37,40
春節加碼活動,115000014,2026/02/13,207590350,4151807,212129738,01,25,28,33,37,48
春節加碼活動,115000014,2026/02/13,207590350,4151807,212129738,01,25,28,33,40,48
春節加碼活動,115000014,2026/02/13,207590350,4151807,212129738,01,25,28,37,40,48
春節加碼活動,115000014,2026/02/13,207590350,4151807,212129738,01,25,33,37,40,48
春節加碼活動,115000014,2026/02/13,207590350,4151807,212129738,01,28,33,37,40,48
春節加碼活動,115000014,2026/02/13,207590350,4151807,212129738,06,18,23,25,28,33
春節加碼活動,115000014,2026/02/13,207590350,4151807,212129738,06,18,23,25,28,37
春節加碼活動,115000014,2026/02/13,207590350,4151807,212129738,06,18,23,25,28,40
春節加碼活動,115000014,2026/02/13,207590350,4151807,212129738,06,18,23,25,28,48
春節加碼活動,115000014,2026/02/13,207590350,4151807,212129738,06,18,23,25,33,37
春節加碼活動,115000014,2026/02/13,207590350,4151807,212129738,06,18,23,25,33,40
春節加碼活動,115000014,2026/02/13,207590350,4151807,212129738,06,18,23,25,33,48
春節加碼活動,115000014,2026/02/13,207590350,4151807,212129738,06,18,23,25,37,40
春節加碼活動,115000014,2026/02/13,207590350,4151807,212129738,06,18,23,25,37,48
春節加碼活動,115000014,2026/02/13,207590350,4151807,212129738,06,18,23,25,40,48
春節加碼活動,115000014,2026/02/13,207590350,4151807,212129738,06,18,23,28,33,37
春節加碼活動,115000014,2026/02/13,207590350,4151807,212129738,06,18,23,28,33,40
春節加碼活動,115000014,2026/02/13,207590350,4151807,212129738,06,18,23,28,33,48
春節加碼活動,115000014,2026/02/13,207590350,4151807,212129738,06,18,23,28,37,40
春節加碼活動,115000014,2026/02/13,207590350,4151807,212129738,06,18,23,28,37,48
春節加碼活動,115000014,2026/02/13,207590350,4151807,212129738,06,18,23,28,40,48
春節加碼活動,115000014,2026/02/13,207590350,4151807,212129738,06,18,23,33,37,40
春節加碼活動,115000014,2026/02/13,207590350,4151807,212129738,06,18,23,33,37,48
春節加碼活動,115000014,2026/02/13,207590350,4151807,212129738,06,18,23,33,40,48
春節加碼活動,115000014,2026/02/13,207590350,4151807,212129738,06,18,23,37,40,48
春節加碼活動,115000014,2026/02/13,207590350,4151807,212129738,06,18,25,28,33,37
春節加碼活動,115000014,2026/02/13,207590350,4151807,212129738,06,18,25,28,33,40
春節加碼活動,115000014,2026/02/13,207590350,4151807,212129738,06,18,25,28,33,48
春節加碼活動,115000014,2026/02/13,207590350,4151807,212129738,06,18,25,28,37,40
春節加碼活動,115000014,2026/02/13,207590350,4151807,212129738,06,18,25,28,37,48
春節加碼活動,115000014,2026/02/13,207590350,4151807,212129738,06,18,25,28,40,48
春節加碼活動,115000014,2026/02/13,207590350,4151807,212129738,06,18,25,33,37,40
春節加碼活動,115000014,2026/02/13,207590350,4151807,212129738,06,18,25,33,37,48
春節加碼活動,115000014,2026/02/13,207590350,4151807,212129738,06,18,25,33,40,48
春節加碼活動,115000014,2026/02/13,207590350,4151807,212129738,06,18,25,37,40,48
春節加碼活動,115000014,2026/02/13,207590350,4151807,212129738,06,18,28,33,37,40
春節加碼活動,115000014,2026/02/13,207590350,4151807,212129738,06,18,28,33,37,48
春節加碼活動,115000014,2026/02/13,207590350,4151807,212129738,06,18,28,33,40,48
春節加碼活動,115000014,2026/02/13,207590350,4151807,212129738,06,18,28,37,40,48
春節加碼活動,115000014,2026/02/13,207590350,4151807,212129738,06,18,33,37,40,48
春節加碼活動,115000014,2026/02/13,207590350,4151807,212129738,06,23,25,28,33,37
春節加碼活動,115000014,2026/02/13,207590350,4151807,212129738,06,23,25,28,33,40
春節加碼活動,115000014,2026/02/13,207590350,4151807,212129738,06,23,25,28,33,48
春節加碼活動,115000014,2026/02/13,207590350,4151807,212129738,06,23,25,28,37,40
春節加碼活動,115000014,2026/02/13,207590350,4151807,212129738,06,23,25,28,37,48
春節加碼活動,115000014,2026/02/13,207590350,4151807,212129738,06,23,25,28,40,48
春節加碼活動,115000014,2026/02/13,207590350,4151807,212129738,06,23,25,33,37,40
春節加碼活動,115000014,2026/02/13,207590350,4151807,212129738,06,23,25,33,37,48
春節加碼活動,115000014,2026/02/13,207590350,4151807,212129738,06,23,25,33,40,48
春節加碼活動,115000014,2026/02/13,207590350,4151807,212129738,06,23,25,37,40,48
春節加碼活動,115000014,2026/02/13,207590350,4151807,212129738,06,23,28,33,37,40
春節加碼活動,115000014,2026/02/13,207590350,4151807,212129738,06,23,28,33,37,48
春節加碼活動,115000014,2026/02/13,207590350,4151807,212129738,06,23,28,33,40,48
春節加碼活動,115000014,2026/02/13,207590350,4151807,212129738,06,23,28,37,40,48
春節加碼活動,115000014,2026/02/13,207590350,4151807,212129738,06,23,33,37,40,48
春節加碼活動,115000014,2026/02/13,207590350,4151807,212129738,06,25,28,33,37,40
春節加碼活動,115000014,2026/02/13,207590350,4151807,212129738,06,25,28,33,37,48
春節加碼活動,115000014,2026/02/13,207590350,4151807,212129738,06,25,28,33,40,48
春節加碼活動,115000014,2026/02/13,207590350,4151807,212129738,06,25,28,37,40,48
春節加碼活動,115000014,2026/02/13,207590350,4151807,212129738,06,25,33,37,40,48
春節加碼活動,115000014,2026/02/13,207590350,4151807,212129738,06,28,33,37,40,48
春節加碼活動,115000014,2026/02/13,207590350,4151807,212129738,18,23,25,28,33,37
春節加碼活動,115000014,2026/02/13,207590350,4151807,212129738,18,23,25,28,33,40
春節加碼活動,115000014,2026/02/13,207590350,4151807,212129738,18,23,25,28,33,48
春節加碼活動,115000014,2026/02/13,207590350,4151807,212129738,18,23,25,28,37,40
春節加碼活動,115000014,2026/02/13,207590350,4151807,212129738,18,23,25,28,37,48
春節加碼活動,115000014,2026/02/13,207590350,4151807,212129738,18,23,25,28,40,48
春節加碼活動,115000014,2026/02/13,207590350,4151807,212129738,18,23,25,33,37,40
春節加碼活動,115000014,2026/02/13,207590350,4151807,212129738,18,23,25,33,37,48
春節加碼活動,115000014,2026/02/13,207590350,4151807,212129738,18,23,25,33,40,48
春節加碼活動,115000014,2026/02/13,207590350,4151807,212129738,18,23,25,37,40,48
春節加碼活動,115000014,2026/02/13,207590350,4151807,212129738,18,23,28,33,37,40
春節加碼活動,115000014,2026/02/13,207590350,4151807,212129738,18,23,28,33,37,48
春節加碼活動,115000014,2026/02/13,207590350,4151807,212129738,18,23,28,33,40,48
春節加碼活動,115000014,2026/02/13,207590350,4151807,212129738,18,23,28,37,40,48
春節加碼活動,115000014,2026/02/13,207590350,4151807,212129738,18,23,33,37,40,48
春節加碼活動,115000014,2026/02/13,207590350,4151807,212129738,18,25,28,33,37,40
春節加碼活動,115000014,2026/02/13,207590350,4151807,212129738,18,25,28,33,37,48
春節加碼活動,115000014,2026/02/13,207590350,4151807,212129738,18,25,28,33,40,48
春節加碼活動,115000014,2026/02/13,207590350,4151807,212129738,18,25,28,37,40,48
春節加碼活動,115000014,2026/02/13,207590350,4151807,212129738,18,25,33,37,40,48
春節加碼活動,115000014,2026/02/13,207590350,4151807,212129738,18,28,33,37,40,48
春節加碼活動,115000014,2026/02/13,207590350,4151807,212129738,23,25,28,33,37,40
春節加碼活動,115000014,2026/02/13,207590350,4151807,212129738,23,25,28,33,37,48
春節加碼活動,115000014,2026/02/13,207590350,4151807,212129738,23,25,28,33,40,48
春節加碼活動,115000014,2026/02/13,207590350,4151807,212129738,23,25,28,37,40,48
春節加碼活動,115000014,2026/02/13,207590350,4151807,212129738,23,25,33,37,40,48
春節加碼活動,115000014,2026/02/13,207590350,4151807,212129738,23,28,33,37,40,48
春節加碼活動,115000014,2026/02/13,207590350,4151807,212129738,25,28,33,37,40,48
春節加碼活動,115000015,2026/02/14,201050700,4021014,261936220,05,08,11,14,19,30
春節加碼活動,115000015,2026/02/14,201050700,4021014,261936220,05,08,11,14,19,31
春節加碼活動,115000015,2026/02/14,201050700,4021014,261936220,05,08,11,14,19,38
春節加碼活動,115000015,2026/02/14,201050700,4021014,261936220,05,08,11,14,19,39
春節加碼活動,115000015,2026/02/14,201050700,4021014,261936220,05,08,11,14,19,41
春節加碼活動,115000015,2026/02/14,201050700,4021014,261936220,05,08,11,14,30,31
春節加碼活動,115000015,2026/02/14,201050700,4021014,261936220,05,08,11,14,30,38
春節加碼活動,115000015,2026/02/14,201050700,4021014,261936220,05,08,11,14,30,39
春節加碼活動,115000015,2026/02/14,201050700,4021014,261936220,05,08,11,14,30,41
春節加碼活動,115000015,2026/02/14,201050700,4021014,261936220,05,08,11,14,31,38
春節加碼活動,115000015,2026/02/14,201050700,4021014,261936220,05,08,11,14,31,39
春節加碼活動,115000015,2026/02/14,201050700,4021014,261936220,05,08,11,14,31,41
春節加碼活動,115000015,2026/02/14,201050700,4021014,261936220,05,08,11,14,38,39
春節加碼活動,115000015,2026/02/14,201050700,4021014,261936220,05,08,11,14,38,41
春節加碼活動,115000015,2026/02/14,201050700,4021014,261936220,05,08,11,14,39,41
春節加碼活動,115000015,2026/02/14,201050700,4021014,261936220,05,08,11,19,30,31
春節加碼活動,115000015,2026/02/14,201050700,4021014,261936220,05,08,11,19,30,38
春節加碼活動,115000015,2026/02/14,201050700,4021014,261936220,05,08,11,19,30,39
春節加碼活動,115000015,2026/02/14,201050700,4021014,261936220,05,08,11,19,30,41
春節加碼活動,115000015,2026/02/14,201050700,4021014,261936220,05,08,11,19,31,38
春節加碼活動,115000015,2026/02/14,201050700,4021014,261936220,05,08,11,19,31,39
春節加碼活動,115000015,2026/02/14,201050700,4021014,261936220,05,08,11,19,31,41
春節加碼活動,115000015,2026/02/14,201050700,4021014,261936220,05,08,11,19,38,39
春節加碼活動,115000015,2026/02/14,201050700,4021014,261936220,05,08,11,19,38,41
春節加碼活動,115000015,2026/02/14,201050700,4021014,261936220,05,08,11,19,39,41
春節加碼活動,115000015,2026/02/14,201050700,4021014,261936220,05,08,11,30,31,38
春節加碼活動,115000015,2026/02/14,201050700,4021014,261936220,05,08,11,30,31,39
春節加碼活動,115000015,2026/02/14,201050700,4021014,261936220,05,08,11,30,31,41
春節加碼活動,115000015,2026/02/14,201050700,4021014,261936220,05,08,11,30,38,39
春節加碼活動,115000015,2026/02/14,201050700,4021014,261936220,05,08,11,30,38,41
春節加碼活動,115000015,2026/02/14,201050700,4021014,261936220,05,08,11,30,39,41
春節加碼活動,115000015,2026/02/14,201050700,4021014,261936220,05,08,11,31,38,39
春節加碼活動,115000015,2026/02/14,201050700,4021014,261936220,05,08,11,31,38,41
春節加碼活動,115000015,2026/02/14,201050700,4021014,261936220,05,08,11,31,39,41
春節加碼活動,115000015,2026/02/14,201050700,4021014,261936220,05,08,11,38,39,41
春節加碼活動,115000015,2026/02/14,201050700,4021014,261936220,05,08,14,19,30,31
春節加碼活動,115000015,2026/02/14,201050700,4021014,261936220,05,08,14,19,30,38
春節加碼活動,115000015,2026/02/14,201050700,4021014,261936220,05,08,14,19,30,39
春節加碼活動,115000015,2026/02/14,201050700,4021014,261936220,05,08,14,19,30,41
春節加碼活動,115000015,2026/02/14,201050700,4021014,261936220,05,08,14,19,31,38
春節加碼活動,115000015,2026/02/14,201050700,4021014,261936220,05,08,14,19,31,39
春節加碼活動,115000015,2026/02/14,201050700,4021014,261936220,05,08,14,19,31,41
春節加碼活動,115000015,2026/02/14,201050700,4021014,261936220,05,08,14,19,38,39
春節加碼活動,115000015,2026/02/14,201050700,4021014,261936220,05,08,14,19,38,41
春節加碼活動,115000015,2026/02/14,201050700,4021014,261936220,05,08,14,19,39,41
春節加碼活動,115000015,2026/02/14,201050700,4021014,261936220,05,08,14,30,31,38
春節加碼活動,115000015,2026/02/14,201050700,4021014,261936220,05,08,14,30,31,39
春節加碼活動,115000015,2026/02/14,201050700,4021014,261936220,05,08,14,30,31,41
春節加碼活動,115000015,2026/02/14,201050700,4021014,261936220,05,08,14,30,38,39
春節加碼活動,115000015,2026/02/14,201050700,4021014,261936220,05,08,14,30,38,41
春節加碼活動,115000015,2026/02/14,201050700,4021014,261936220,05,08,14,30,39,41
春節加碼活動,115000015,2026/02/14,201050700,4021014,261936220,05,08,14,31,38,39
春節加碼活動,115000015,2026/02/14,201050700,4021014,261936220,05,08,14,31,38,41
春節加碼活動,115000015,2026/02/14,201050700,4021014,261936220,05,08,14,31,39,41
春節加碼活動,115000015,2026/02/14,201050700,4021014,261936220,05,08,14,38,39,41
春節加碼活動,115000015,2026/02/14,201050700,4021014,261936220,05,08,19,30,31,38
春節加碼活動,115000015,2026/02/14,201050700,4021014,261936220,05,08,19,30,31,39
春節加碼活動,115000015,2026/02/14,201050700,4021014,261936220,05,08,19,30,31,41
春節加碼活動,115000015,2026/02/14,201050700,4021014,261936220,05,08,19,30,38,39
春節加碼活動,115000015,2026/02/14,201050700,4021014,261936220,05,08,19,30,38,41
春節加碼活動,115000015,2026/02/14,201050700,4021014,261936220,05,08,19,30,39,41
春節加碼活動,115000015,2026/02/14,201050700,4021014,261936220,05,08,19,31,38,39
春節加碼活動,115000015,2026/02/14,201050700,4021014,261936220,05,08,19,31,38,41
春節加碼活動,115000015,2026/02/14,201050700,4021014,261936220,05,08,19,31,39,41
春節加碼活動,115000015,2026/02/14,201050700,4021014,261936220,05,08,19,38,39,41
春節加碼活動,115000015,2026/02/14,201050700,4021014,261936220,05,08,30,31,38,39
春節加碼活動,115000015,2026/02/14,201050700,4021014,261936220,05,08,30,31,38,41
春節加碼活動,115000015,2026/02/14,201050700,4021014,261936220,05,08,30,31,39,41
春節加碼活動,115000015,2026/02/14,201050700,4021014,261936220,05,08,30,38,39,41
春節加碼活動,115000015,2026/02/14,201050700,4021014,261936220,05,08,31,38,39,41
春節加碼活動,115000015,2026/02/14,201050700,4021014,261936220,05,11,14,19,30,31
春節加碼活動,115000015,2026/02/14,201050700,4021014,261936220,05,11,14,19,30,38
春節加碼活動,115000015,2026/02/14,201050700,4021014,261936220,05,11,14,19,30,39
春節加碼活動,115000015,2026/02/14,201050700,4021014,261936220,05,11,14,19,30,41
春節加碼活動,115000015,2026/02/14,201050700,4021014,261936220,05,11,14,19,31,38
春節加碼活動,115000015,2026/02/14,201050700,4021014,261936220,05,11,14,19,31,39
春節加碼活動,115000015,2026/02/14,201050700,4021014,261936220,05,11,14,19,31,41
春節加碼活動,115000015,2026/02/14,201050700,4021014,261936220,05,11,14,19,38,39
春節加碼活動,115000015,2026/02/14,201050700,4021014,261936220,05,11,14,19,38,41
春節加碼活動,115000015,2026/02/14,201050700,4021014,261936220,05,11,14,19,39,41
春節加碼活動,115000015,2026/02/14,201050700,4021014,261936220,05,11,14,30,31,38
春節加碼活動,115000015,2026/02/14,201050700,4021014,261936220,05,11,14,30,31,39
春節加碼活動,115000015,2026/02/14,201050700,4021014,261936220,05,11,14,30,31,41
春節加碼活動,115000015,2026/02/14,201050700,4021014,261936220,05,11,14,30,38,39
春節加碼活動,115000015,2026/02/14,201050700,4021014,261936220,05,11,14,30,38,41
春節加碼活動,115000015,2026/02/14,201050700,4021014,261936220,05,11,14,30,39,41
春節加碼活動,115000015,2026/02/14,201050700,4021014,261936220,05,11,14,31,38,39
春節加碼活動,115000015,2026/02/14,201050700,4021014,261936220,05,11,14,31,38,41
春節加碼活動,115000015,2026/02/14,201050700,4021014,261936220,05,11,14,31,39,41
春節加碼活動,115000015,2026/02/14,201050700,4021014,261936220,05,11,14,38,39,41
春節加碼活動,115000015,2026/02/14,201050700,4021014,261936220,05,11,19,30,31,38
春節加碼活動,115000015,2026/02/14,201050700,4021014,261936220,05,11,19,30,31,39
春節加碼活動,115000015,2026/02/14,201050700,4021014,261936220,05,11,19,30,31,41
春節加碼活動,115000015,2026/02/14,201050700,4021014,261936220,05,11,19,30,38,39
春節加碼活動,115000015,2026/02/14,201050700,4021014,261936220,05,11,19,30,38,41
春節加碼活動,115000015,2026/02/14,201050700,4021014,261936220,05,11,19,30,39,41
春節加碼活動,115000015,2026/02/14,201050700,4021014,261936220,05,11,19,31,38,39
春節加碼活動,115000015,2026/02/14,201050700,4021014,261936220,05,11,19,31,38,41
春節加碼活動,115000015,2026/02/14,201050700,4021014,261936220,05,11,19,31,39,41
春節加碼活動,115000015,2026/02/14,201050700,4021014,261936220,05,11,19,38,39,41
春節加碼活動,115000015,2026/02/14,201050700,4021014,261936220,05,11,30,31,38,39
春節加碼活動,115000015,2026/02/14,201050700,4021014,261936220,05,11,30,31,38,41
春節加碼活動,115000015,2026/02/14,201050700,4021014,261936220,05,11,30,31,39,41
春節加碼活動,115000015,2026/02/14,201050700,4021014,261936220,05,11,30,38,39,41
春節加碼活動,115000015,2026/02/14,201050700,4021014,261936220,05,11,31,38,39,41
春節加碼活動,115000015,2026/02/14,201050700,4021014,261936220,05,14,19,30,31,38
春節加碼活動,115000015,2026/02/14,201050700,4021014,261936220,05,14,19,30,31,39
春節加碼活動,115000015,2026/02/14,201050700,4021014,261936220,05,14,19,30,31,41
春節加碼活動,115000015,2026/02/14,201050700,4021014,261936220,05,14,19,30,38,39
春節加碼活動,115000015,2026/02/14,201050700,4021014,261936220,05,14,19,30,38,41
春節加碼活動,115000015,2026/02/14,201050700,4021014,261936220,05,14,19,30,39,41
春節加碼活動,115000015,2026/02/14,201050700,4021014,261936220,05,14,19,31,38,39
春節加碼活動,115000015,2026/02/14,201050700,4021014,261936220,05,14,19,31,38,41
春節加碼活動,115000015,2026/02/14,201050700,4021014,261936220,05,14,19,31,39,41
春節加碼活動,115000015,2026/02/14,201050700,4021014,261936220,05,14,19,38,39,41
春節加碼活動,115000015,2026/02/14,201050700,4021014,261936220,05,14,30,31,38,39
春節加碼活動,115000015,2026/02/14,201050700,4021014,261936220,05,14,30,31,38,41
春節加碼活動,115000015,2026/02/14,201050700,4021014,261936220,05,14,30,31,39,41
春節加碼活動,115000015,2026/02/14,201050700,4021014,261936220,05,14,30,38,39,41
春節加碼活動,115000015,2026/02/14,201050700,4021014,261936220,05,14,31,38,39,41
春節加碼活動,115000015,2026/02/14,201050700,4021014,261936220,05,19,30,31,38,39
春節加碼活動,115000015,2026/02/14,201050700,4021014,261936220,05,19,30,31,38,41
春節加碼活動,115000015,2026/02/14,201050700,4021014,261936220,05,19,30,31,39,41
春節加碼活動,115000015,2026/02/14,201050700,4021014,261936220,05,19,30,38,39,41
春節加碼活動,115000015,2026/02/14,201050700,4021014,261936220,05,19,31,38,39,41
春節加碼活動,115000015,2026/02/14,201050700,4021014,261936220,05,30,31,38,39,41
春節加碼活動,115000015,2026/02/14,201050700,4021014,261936220,08,11,14,19,30,31
春節加碼活動,115000015,2026/02/14,201050700,4021014,261936220,08,11,14,19,30,38
春節加碼活動,115000015,2026/02/14,201050700,4021014,261936220,08,11,14,19,30,39
春節加碼活動,115000015,2026/02/14,201050700,4021014,261936220,08,11,14,19,30,41
春節加碼活動,115000015,2026/02/14,201050700,4021014,261936220,08,11,14,19,31,38
春節加碼活動,115000015,2026/02/14,201050700,4021014,261936220,08,11,14,19,31,39
春節加碼活動,115000015,2026/02/14,201050700,4021014,261936220,08,11,14,19,31,41
春節加碼活動,115000015,2026/02/14,201050700,4021014,261936220,08,11,14,19,38,39
春節加碼活動,115000015,2026/02/14,201050700,4021014,261936220,08,11,14,19,38,41
春節加碼活動,115000015,2026/02/14,201050700,4021014,261936220,08,11,14,19,39,41
春節加碼活動,115000015,2026/02/14,201050700,4021014,261936220,08,11,14,30,31,38
春節加碼活動,115000015,2026/02/14,201050700,4021014,261936220,08,11,14,30,31,39
春節加碼活動,115000015,2026/02/14,201050700,4021014,261936220,08,11,14,30,31,41
春節加碼活動,115000015,2026/02/14,201050700,4021014,261936220,08,11,14,30,38,39
春節加碼活動,115000015,2026/02/14,201050700,4021014,261936220,08,11,14,30,38,41
春節加碼活動,115000015,2026/02/14,201050700,4021014,261936220,08,11,14,30,39,41
春節加碼活動,115000015,2026/02/14,201050700,4021014,261936220,08,11,14,31,38,39
春節加碼活動,115000015,2026/02/14,201050700,4021014,261936220,08,11,14,31,38,41
春節加碼活動,115000015,2026/02/14,201050700,4021014,261936220,08,11,14,31,39,41
春節加碼活動,115000015,2026/02/14,201050700,4021014,261936220,08,11,14,38,39,41
春節加碼活動,115000015,2026/02/14,201050700,4021014,261936220,08,11,19,30,31,38
春節加碼活動,115000015,2026/02/14,201050700,4021014,261936220,08,11,19,30,31,39
春節加碼活動,115000015,2026/02/14,201050700,4021014,261936220,08,11,19,30,31,41
春節加碼活動,115000015,2026/02/14,201050700,4021014,261936220,08,11,19,30,38,39
春節加碼活動,115000015,2026/02/14,201050700,4021014,261936220,08,11,19,30,38,41
春節加碼活動,115000015,2026/02/14,201050700,4021014,261936220,08,11,19,30,39,41
春節加碼活動,115000015,2026/02/14,201050700,4021014,261936220,08,11,19,31,38,39
春節加碼活動,115000015,2026/02/14,201050700,4021014,261936220,08,11,19,31,38,41
春節加碼活動,115000015,2026/02/14,201050700,4021014,261936220,08,11,19,31,39,41
春節加碼活動,115000015,2026/02/14,201050700,4021014,261936220,08,11,19,38,39,41
春節加碼活動,115000015,2026/02/14,201050700,4021014,261936220,08,11,30,31,38,39
春節加碼活動,115000015,2026/02/14,201050700,4021014,261936220,08,11,30,31,38,41
春節加碼活動,115000015,2026/02/14,201050700,4021014,261936220,08,11,30,31,39,41
春節加碼活動,115000015,2026/02/14,201050700,4021014,261936220,08,11,30,38,39,41
春節加碼活動,115000015,2026/02/14,201050700,4021014,261936220,08,11,31,38,39,41
春節加碼活動,115000015,2026/02/14,201050700,4021014,261936220,08,14,19,30,31,38
春節加碼活動,115000015,2026/02/14,201050700,4021014,261936220,08,14,19,30,31,39
春節加碼活動,115000015,2026/02/14,201050700,4021014,261936220,08,14,19,30,31,41
春節加碼活動,115000015,2026/02/14,201050700,4021014,261936220,08,14,19,30,38,39
春節加碼活動,115000015,2026/02/14,201050700,4021014,261936220,08,14,19,30,38,41
春節加碼活動,115000015,2026/02/14,201050700,4021014,261936220,08,14,19,30,39,41
春節加碼活動,115000015,2026/02/14,201050700,4021014,261936220,08,14,19,31,38,39
春節加碼活動,115000015,2026/02/14,201050700,4021014,261936220,08,14,19,31,38,41
春節加碼活動,115000015,2026/02/14,201050700,4021014,261936220,08,14,19,31,39,41
春節加碼活動,115000015,2026/02/14,201050700,4021014,261936220,08,14,19,38,39,41
春節加碼活動,115000015,2026/02/14,201050700,4021014,261936220,08,14,30,31,38,39
春節加碼活動,115000015,2026/02/14,201050700,4021014,261936220,08,14,30,31,38,41
春節加碼活動,115000015,2026/02/14,201050700,4021014,261936220,08,14,30,31,39,41
春節加碼活動,115000015,2026/02/14,201050700,4021014,261936220,08,14,30,38,39,41
春節加碼活動,115000015,2026/02/14,201050700,4021014,261936220,08,14,31,38,39,41
春節加碼活動,115000015,2026/02/14,201050700,4021014,261936220,08,19,30,31,38,39
春節加碼活動,115000015,2026/02/14,201050700,4021014,261936220,08,19,30,31,38,41
春節加碼活動,115000015,2026/02/14,201050700,4021014,261936220,08,19,30,31,39,41
春節加碼活動,115000015,2026/02/14,201050700,4021014,261936220,08,19,30,38,39,41
春節加碼活動,115000015,2026/02/14,201050700,4021014,261936220,08,19,31,38,39,41
春節加碼活動,115000015,2026/02/14,201050700,4021014,261936220,08,30,31,38,39,41
春節加碼活動,115000015,2026/02/14,201050700,4021014,261936220,11,14,19,30,31,38
春節加碼活動,115000015,2026/02/14,201050700,4021014,261936220,11,14,19,30,31,39
春節加碼活動,115000015,2026/02/14,201050700,4021014,261936220,11,14,19,30,31,41
春節加碼活動,115000015,2026/02/14,201050700,4021014,261936220,11,14,19,30,38,39
春節加碼活動,115000015,2026/02/14,201050700,4021014,261936220,11,14,19,30,38,41
春節加碼活動,115000015,2026/02/14,201050700,4021014,261936220,11,14,19,30,39,41
春節加碼活動,115000015,2026/02/14,201050700,4021014,261936220,11,14,19,31,38,39
春節加碼活動,115000015,2026/02/14,201050700,4021014,261936220,11,14,19,31,38,41
春節加碼活動,115000015,2026/02/14,201050700,4021014,261936220,11,14,19,31,39,41
春節加碼活動,115000015,2026/02/14,201050700,4021014,261936220,11,14,19,38,39,41
春節加碼活動,115000015,2026/02/14,201050700,4021014,261936220,11,14,30,31,38,39
春節加碼活動,115000015,2026/02/14,201050700,4021014,261936220,11,14,30,31,38,41
春節加碼活動,115000015,2026/02/14,201050700,4021014,261936220,11,14,30,31,39,41
春節加碼活動,115000015,2026/02/14,201050700,4021014,261936220,11,14,30,38,39,41
春節加碼活動,115000015,2026/02/14,201050700,4021014,261936220,11,14,31,38,39,41
春節加碼活動,115000015,2026/02/14,201050700,4021014,261936220,11,19,30,31,38,39
春節加碼活動,115000015,2026/02/14,201050700,4021014,261936220,11,19,30,31,38,41
春節加碼活動,115000015,2026/02/14,201050700,4021014,261936220,11,19,30,31,39,41
春節加碼活動,115000015,2026/02/14,201050700,4021014,261936220,11,19,30,38,39,41
春節加碼活動,115000015,2026/02/14,201050700,4021014,261936220,11,19,31,38,39,41
春節加碼活動,115000015,2026/02/14,201050700,4021014,261936220,11,30,31,38,39,41
春節加碼活動,115000015,2026/02/14,201050700,4021014,261936220,14,19,30,31,38,39
春節加碼活動,115000015,2026/02/14,201050700,4021014,261936220,14,19,30,31,38,41
春節加碼活動,115000015,2026/02/14,201050700,4021014,261936220,14,19,30,31,39,41
春節加碼活動,115000015,2026/02/14,201050700,4021014,261936220,14,19,30,38,39,41
春節加碼活動,115000015,2026/02/14,201050700,4021014,261936220,14,19,31,38,39,41
春節加碼活動,115000015,2026/02/14,201050700,4021014,261936220,14,30,31,38,39,41
春節加碼活動,115000015,2026/02/14,201050700,4021014,261936220,19,30,31,38,39,41
春節加碼活動,115000016,2026/02/15,217549900,4350998,129349625,08,14,17,24,28,29
春節加碼活動,115000016,2026/02/15,217549900,4350998,129349625,08,14,17,24,28,35
春節加碼活動,115000016,2026/02/15,217549900,4350998,129349625,08,14,17,24,28,41
春節加碼活動,115000016,2026/02/15,217549900,4350998,129349625,08,14,17,24,28,42
春節加碼活動,115000016,2026/02/15,217549900,4350998,129349625,08,14,17,24,28,43
春節加碼活動,115000016,2026/02/15,217549900,4350998,129349625,08,14,17,24,29,35
春節加碼活動,115000016,2026/02/15,217549900,4350998,129349625,08,14,17,24,29,41
春節加碼活動,115000016,2026/02/15,217549900,4350998,129349625,08,14,17,24,29,42
春節加碼活動,115000016,2026/02/15,217549900,4350998,129349625,08,14,17,24,29,43
春節加碼活動,115000016,2026/02/15,217549900,4350998,129349625,08,14,17,24,35,41
春節加碼活動,115000016,2026/02/15,217549900,4350998,129349625,08,14,17,24,35,42
春節加碼活動,115000016,2026/02/15,217549900,4350998,129349625,08,14,17,24,35,43
春節加碼活動,115000016,2026/02/15,217549900,4350998,129349625,08,14,17,24,41,42
春節加碼活動,115000016,2026/02/15,217549900,4350998,129349625,08,14,17,24,41,43
春節加碼活動,115000016,2026/02/15,217549900,4350998,129349625,08,14,17,24,42,43
春節加碼活動,115000016,2026/02/15,217549900,4350998,129349625,08,14,17,28,29,35
春節加碼活動,115000016,2026/02/15,217549900,4350998,129349625,08,14,17,28,29,41
春節加碼活動,115000016,2026/02/15,217549900,4350998,129349625,08,14,17,28,29,42
春節加碼活動,115000016,2026/02/15,217549900,4350998,129349625,08,14,17,28,29,43
春節加碼活動,115000016,2026/02/15,217549900,4350998,129349625,08,14,17,28,35,41
春節加碼活動,115000016,2026/02/15,217549900,4350998,129349625,08,14,17,28,35,42
春節加碼活動,115000016,2026/02/15,217549900,4350998,129349625,08,14,17,28,35,43
春節加碼活動,115000016,2026/02/15,217549900,4350998,129349625,08,14,17,28,41,42
春節加碼活動,115000016,2026/02/15,217549900,4350998,129349625,08,14,17,28,41,43
春節加碼活動,115000016,2026/02/15,217549900,4350998,129349625,08,14,17,28,42,43
春節加碼活動,115000016,2026/02/15,217549900,4350998,129349625,08,14,17,29,35,41
春節加碼活動,115000016,2026/02/15,217549900,4350998,129349625,08,14,17,29,35,42
春節加碼活動,115000016,2026/02/15,217549900,4350998,129349625,08,14,17,29,35,43
春節加碼活動,115000016,2026/02/15,217549900,4350998,129349625,08,14,17,29,41,42
春節加碼活動,115000016,2026/02/15,217549900,4350998,129349625,08,14,17,29,41,43
春節加碼活動,115000016,2026/02/15,217549900,4350998,129349625,08,14,17,29,42,43
春節加碼活動,115000016,2026/02/15,217549900,4350998,129349625,08,14,17,35,41,42
春節加碼活動,115000016,2026/02/15,217549900,4350998,129349625,08,14,17,35,41,43
春節加碼活動,115000016,2026/02/15,217549900,4350998,129349625,08,14,17,35,42,43
春節加碼活動,115000016,2026/02/15,217549900,4350998,129349625,08,14,17,41,42,43
春節加碼活動,115000016,2026/02/15,217549900,4350998,129349625,08,14,24,28,29,35
春節加碼活動,115000016,2026/02/15,217549900,4350998,129349625,08,14,24,28,29,41
春節加碼活動,115000016,2026/02/15,217549900,4350998,129349625,08,14,24,28,29,42
春節加碼活動,115000016,2026/02/15,217549900,4350998,129349625,08,14,24,28,29,43
春節加碼活動,115000016,2026/02/15,217549900,4350998,129349625,08,14,24,28,35,41
春節加碼活動,115000016,2026/02/15,217549900,4350998,129349625,08,14,24,28,35,42
春節加碼活動,115000016,2026/02/15,217549900,4350998,129349625,08,14,24,28,35,43
春節加碼活動,115000016,2026/02/15,217549900,4350998,129349625,08,14,24,28,41,42
春節加碼活動,115000016,2026/02/15,217549900,4350998,129349625,08,14,24,28,41,43
春節加碼活動,115000016,2026/02/15,217549900,4350998,129349625,08,14,24,28,42,43
春節加碼活動,115000016,2026/02/15,217549900,4350998,129349625,08,14,24,29,35,41
春節加碼活動,115000016,2026/02/15,217549900,4350998,129349625,08,14,24,29,35,42
春節加碼活動,115000016,2026/02/15,217549900,4350998,129349625,08,14,24,29,35,43
春節加碼活動,115000016,2026/02/15,217549900,4350998,129349625,08,14,24,29,41,42
春節加碼活動,115000016,2026/02/15,217549900,4350998,129349625,08,14,24,29,41,43
春節加碼活動,115000016,2026/02/15,217549900,4350998,129349625,08,14,24,29,42,43
春節加碼活動,115000016,2026/02/15,217549900,4350998,129349625,08,14,24,35,41,42
春節加碼活動,115000016,2026/02/15,217549900,4350998,129349625,08,14,24,35,41,43
春節加碼活動,115000016,2026/02/15,217549900,4350998,129349625,08,14,24,35,42,43
春節加碼活動,115000016,2026/02/15,217549900,4350998,129349625,08,14,24,41,42,43
春節加碼活動,115000016,2026/02/15,217549900,4350998,129349625,08,14,28,29,35,41
春節加碼活動,115000016,2026/02/15,217549900,4350998,129349625,08,14,28,29,35,42
春節加碼活動,115000016,2026/02/15,217549900,4350998,129349625,08,14,28,29,35,43
春節加碼活動,115000016,2026/02/15,217549900,4350998,129349625,08,14,28,29,41,42
春節加碼活動,115000016,2026/02/15,217549900,4350998,129349625,08,14,28,29,41,43
春節加碼活動,115000016,2026/02/15,217549900,4350998,129349625,08,14,28,29,42,43
春節加碼活動,115000016,2026/02/15,217549900,4350998,129349625,08,14,28,35,41,42
春節加碼活動,115000016,2026/02/15,217549900,4350998,129349625,08,14,28,35,41,43
春節加碼活動,115000016,2026/02/15,217549900,4350998,129349625,08,14,28,35,42,43
春節加碼活動,115000016,2026/02/15,217549900,4350998,129349625,08,14,28,41,42,43
春節加碼活動,115000016,2026/02/15,217549900,4350998,129349625,08,14,29,35,41,42
春節加碼活動,115000016,2026/02/15,217549900,4350998,129349625,08,14,29,35,41,43
春節加碼活動,115000016,2026/02/15,217549900,4350998,129349625,08,14,29,35,42,43
春節加碼活動,115000016,2026/02/15,217549900,4350998,129349625,08,14,29,41,42,43
春節加碼活動,115000016,2026/02/15,217549900,4350998,129349625,08,14,35,41,42,43
春節加碼活動,115000016,2026/02/15,217549900,4350998,129349625,08,17,24,28,29,35
春節加碼活動,115000016,2026/02/15,217549900,4350998,129349625,08,17,24,28,29,41
春節加碼活動,115000016,2026/02/15,217549900,4350998,129349625,08,17,24,28,29,42
春節加碼活動,115000016,2026/02/15,217549900,4350998,129349625,08,17,24,28,29,43
春節加碼活動,115000016,2026/02/15,217549900,4350998,129349625,08,17,24,28,35,41
春節加碼活動,115000016,2026/02/15,217549900,4350998,129349625,08,17,24,28,35,42
春節加碼活動,115000016,2026/02/15,217549900,4350998,129349625,08,17,24,28,35,43
春節加碼活動,115000016,2026/02/15,217549900,4350998,129349625,08,17,24,28,41,42
春節加碼活動,115000016,2026/02/15,217549900,4350998,129349625,08,17,24,28,41,43
春節加碼活動,115000016,2026/02/15,217549900,4350998,129349625,08,17,24,28,42,43
春節加碼活動,115000016,2026/02/15,217549900,4350998,129349625,08,17,24,29,35,41
春節加碼活動,115000016,2026/02/15,217549900,4350998,129349625,08,17,24,29,35,42
春節加碼活動,115000016,2026/02/15,217549900,4350998,129349625,08,17,24,29,35,43
春節加碼活動,115000016,2026/02/15,217549900,4350998,129349625,08,17,24,29,41,42
春節加碼活動,115000016,2026/02/15,217549900,4350998,129349625,08,17,24,29,41,43
春節加碼活動,115000016,2026/02/15,217549900,4350998,129349625,08,17,24,29,42,43
春節加碼活動,115000016,2026/02/15,217549900,4350998,129349625,08,17,24,35,41,42
春節加碼活動,115000016,2026/02/15,217549900,4350998,129349625,08,17,24,35,41,43
春節加碼活動,115000016,2026/02/15,217549900,4350998,129349625,08,17,24,35,42,43
春節加碼活動,115000016,2026/02/15,217549900,4350998,129349625,08,17,24,41,42,43
春節加碼活動,115000016,2026/02/15,217549900,4350998,129349625,08,17,28,29,35,41
春節加碼活動,115000016,2026/02/15,217549900,4350998,129349625,08,17,28,29,35,42
春節加碼活動,115000016,2026/02/15,217549900,4350998,129349625,08,17,28,29,35,43
春節加碼活動,115000016,2026/02/15,217549900,4350998,129349625,08,17,28,29,41,42
春節加碼活動,115000016,2026/02/15,217549900,4350998,129349625,08,17,28,29,41,43
春節加碼活動,115000016,2026/02/15,217549900,4350998,129349625,08,17,28,29,42,43
春節加碼活動,115000016,2026/02/15,217549900,4350998,129349625,08,17,28,35,41,42
春節加碼活動,115000016,2026/02/15,217549900,4350998,129349625,08,17,28,35,41,43
春節加碼活動,115000016,2026/02/15,217549900,4350998,129349625,08,17,28,35,42,43
春節加碼活動,115000016,2026/02/15,217549900,4350998,129349625,08,17,28,41,42,43
春節加碼活動,115000016,2026/02/15,217549900,4350998,129349625,08,17,29,35,41,42
春節加碼活動,115000016,2026/02/15,217549900,4350998,129349625,08,17,29,35,41,43
春節加碼活動,115000016,2026/02/15,217549900,4350998,129349625,08,17,29,35,42,43
春節加碼活動,115000016,2026/02/15,217549900,4350998,129349625,08,17,29,41,42,43
春節加碼活動,115000016,2026/02/15,217549900,4350998,129349625,08,17,35,41,42,43
春節加碼活動,115000016,2026/02/15,217549900,4350998,129349625,08,24,28,29,35,41
春節加碼活動,115000016,2026/02/15,217549900,4350998,129349625,08,24,28,29,35,42
春節加碼活動,115000016,2026/02/15,217549900,4350998,129349625,08,24,28,29,35,43
春節加碼活動,115000016,2026/02/15,217549900,4350998,129349625,08,24,28,29,41,42
春節加碼活動,115000016,2026/02/15,217549900,4350998,129349625,08,24,28,29,41,43
春節加碼活動,115000016,2026/02/15,217549900,4350998,129349625,08,24,28,29,42,43
春節加碼活動,115000016,2026/02/15,217549900,4350998,129349625,08,24,28,35,41,42
春節加碼活動,115000016,2026/02/15,217549900,4350998,129349625,08,24,28,35,41,43
春節加碼活動,115000016,2026/02/15,217549900,4350998,129349625,08,24,28,35,42,43
春節加碼活動,115000016,2026/02/15,217549900,4350998,129349625,08,24,28,41,42,43
春節加碼活動,115000016,2026/02/15,217549900,4350998,129349625,08,24,29,35,41,42
春節加碼活動,115000016,2026/02/15,217549900,4350998,129349625,08,24,29,35,41,43
春節加碼活動,115000016,2026/02/15,217549900,4350998,129349625,08,24,29,35,42,43
春節加碼活動,115000016,2026/02/15,217549900,4350998,129349625,08,24,29,41,42,43
春節加碼活動,115000016,2026/02/15,217549900,4350998,129349625,08,24,35,41,42,43
春節加碼活動,115000016,2026/02/15,217549900,4350998,129349625,08,28,29,35,41,42
春節加碼活動,115000016,2026/02/15,217549900,4350998,129349625,08,28,29,35,41,43
春節加碼活動,115000016,2026/02/15,217549900,4350998,129349625,08,28,29,35,42,43
春節加碼活動,115000016,2026/02/15,217549900,4350998,129349625,08,28,29,41,42,43
春節加碼活動,115000016,2026/02/15,217549900,4350998,129349625,08,28,35,41,42,43
春節加碼活動,115000016,2026/02/15,217549900,4350998,129349625,08,29,35,41,42,43
春節加碼活動,115000016,2026/02/15,217549900,4350998,129349625,14,17,24,28,29,35
春節加碼活動,115000016,2026/02/15,217549900,4350998,129349625,14,17,24,28,29,41
春節加碼活動,115000016,2026/02/15,217549900,4350998,129349625,14,17,24,28,29,42
春節加碼活動,115000016,2026/02/15,217549900,4350998,129349625,14,17,24,28,29,43
春節加碼活動,115000016,2026/02/15,217549900,4350998,129349625,14,17,24,28,35,41
春節加碼活動,115000016,2026/02/15,217549900,4350998,129349625,14,17,24,28,35,42
春節加碼活動,115000016,2026/02/15,217549900,4350998,129349625,14,17,24,28,35,43
春節加碼活動,115000016,2026/02/15,217549900,4350998,129349625,14,17,24,28,41,42
春節加碼活動,115000016,2026/02/15,217549900,4350998,129349625,14,17,24,28,41,43
春節加碼活動,115000016,2026/02/15,217549900,4350998,129349625,14,17,24,28,42,43
春節加碼活動,115000016,2026/02/15,217549900,4350998,129349625,14,17,24,29,35,41
春節加碼活動,115000016,2026/02/15,217549900,4350998,129349625,14,17,24,29,35,42
春節加碼活動,115000016,2026/02/15,217549900,4350998,129349625,14,17,24,29,35,43
春節加碼活動,115000016,2026/02/15,217549900,4350998,129349625,14,17,24,29,41,42
春節加碼活動,115000016,2026/02/15,217549900,4350998,129349625,14,17,24,29,41,43
春節加碼活動,115000016,2026/02/15,217549900,4350998,129349625,14,17,24,29,42,43
春節加碼活動,115000016,2026/02/15,217549900,4350998,129349625,14,17,24,35,41,42
春節加碼活動,115000016,2026/02/15,217549900,4350998,129349625,14,17,24,35,41,43
春節加碼活動,115000016,2026/02/15,217549900,4350998,129349625,14,17,24,35,42,43
春節加碼活動,115000016,2026/02/15,217549900,4350998,129349625,14,17,24,41,42,43
春節加碼活動,115000016,2026/02/15,217549900,4350998,129349625,14,17,28,29,35,41
春節加碼活動,115000016,2026/02/15,217549900,4350998,129349625,14,17,28,29,35,42
春節加碼活動,115000016,2026/02/15,217549900,4350998,129349625,14,17,28,29,35,43
春節加碼活動,115000016,2026/02/15,217549900,4350998,129349625,14,17,28,29,41,42
春節加碼活動,115000016,2026/02/15,217549900,4350998,129349625,14,17,28,29,41,43
春節加碼活動,115000016,2026/02/15,217549900,4350998,129349625,14,17,28,29,42,43
春節加碼活動,115000016,2026/02/15,217549900,4350998,129349625,14,17,28,35,41,42
春節加碼活動,115000016,2026/02/15,217549900,4350998,129349625,14,17,28,35,41,43
春節加碼活動,115000016,2026/02/15,217549900,4350998,129349625,14,17,28,35,42,43
春節加碼活動,115000016,2026/02/15,217549900,4350998,129349625,14,17,28,41,42,43
春節加碼活動,115000016,2026/02/15,217549900,4350998,129349625,14,17,29,35,41,42
春節加碼活動,115000016,2026/02/15,217549900,4350998,129349625,14,17,29,35,41,43
春節加碼活動,115000016,2026/02/15,217549900,4350998,129349625,14,17,29,35,42,43
春節加碼活動,115000016,2026/02/15,217549900,4350998,129349625,14,17,29,41,42,43
春節加碼活動,115000016,2026/02/15,217549900,4350998,129349625,14,17,35,41,42,43
春節加碼活動,115000016,2026/02/15,217549900,4350998,129349625,14,24,28,29,35,41
春節加碼活動,115000016,2026/02/15,217549900,4350998,129349625,14,24,28,29,35,42
春節加碼活動,115000016,2026/02/15,217549900,4350998,129349625,14,24,28,29,35,43
春節加碼活動,115000016,2026/02/15,217549900,4350998,129349625,14,24,28,29,41,42
春節加碼活動,115000016,2026/02/15,217549900,4350998,129349625,14,24,28,29,41,43
春節加碼活動,115000016,2026/02/15,217549900,4350998,129349625,14,24,28,29,42,43
春節加碼活動,115000016,2026/02/15,217549900,4350998,129349625,14,24,28,35,41,42
春節加碼活動,115000016,2026/02/15,217549900,4350998,129349625,14,24,28,35,41,43
春節加碼活動,115000016,2026/02/15,217549900,4350998,129349625,14,24,28,35,42,43
春節加碼活動,115000016,2026/02/15,217549900,4350998,129349625,14,24,28,41,42,43
春節加碼活動,115000016,2026/02/15,217549900,4350998,129349625,14,24,29,35,41,42
春節加碼活動,115000016,2026/02/15,217549900,4350998,129349625,14,24,29,35,41,43
春節加碼活動,115000016,2026/02/15,217549900,4350998,129349625,14,24,29,35,42,43
春節加碼活動,115000016,2026/02/15,217549900,4350998,129349625,14,24,29,41,42,43
春節加碼活動,115000016,2026/02/15,217549900,4350998,129349625,14,24,35,41,42,43
春節加碼活動,115000016,2026/02/15,217549900,4350998,129349625,14,28,29,35,41,42
春節加碼活動,115000016,2026/02/15,217549900,4350998,129349625,14,28,29,35,41,43
春節加碼活動,115000016,2026/02/15,217549900,4350998,129349625,14,28,29,35,42,43
春節加碼活動,115000016,2026/02/15,217549900,4350998,129349625,14,28,29,41,42,43
春節加碼活動,115000016,2026/02/15,217549900,4350998,129349625,14,28,35,41,42,43
春節加碼活動,115000016,2026/02/15,217549900,4350998,129349625,14,29,35,41,42,43
春節加碼活動,115000016,2026/02/15,217549900,4350998,129349625,17,24,28,29,35,41
春節加碼活動,115000016,2026/02/15,217549900,4350998,129349625,17,24,28,29,35,42
春節加碼活動,115000016,2026/02/15,217549900,4350998,129349625,17,24,28,29,35,43
春節加碼活動,115000016,2026/02/15,217549900,4350998,129349625,17,24,28,29,41,42
春節加碼活動,115000016,2026/02/15,217549900,4350998,129349625,17,24,28,29,41,43
春節加碼活動,115000016,2026/02/15,217549900,4350998,129349625,17,24,28,29,42,43
春節加碼活動,115000016,2026/02/15,217549900,4350998,129349625,17,24,28,35,41,42
春節加碼活動,115000016,2026/02/15,217549900,4350998,129349625,17,24,28,35,41,43
春節加碼活動,115000016,2026/02/15,217549900,4350998,129349625,17,24,28,35,42,43
春節加碼活動,115000016,2026/02/15,217549900,4350998,129349625,17,24,28,41,42,43
春節加碼活動,115000016,2026/02/15,217549900,4350998,129349625,17,24,29,35,41,42
春節加碼活動,115000016,2026/02/15,217549900,4350998,129349625,17,24,29,35,41,43
春節加碼活動,115000016,2026/02/15,217549900,4350998,129349625,17,24,29,35,42,43
春節加碼活動,115000016,2026/02/15,217549900,4350998,129349625,17,24,29,41,42,43
春節加碼活動,115000016,2026/02/15,217549900,4350998,129349625,17,24,35,41,42,43
春節加碼活動,115000016,2026/02/15,217549900,4350998,129349625,17,28,29,35,41,42
春節加碼活動,115000016,2026/02/15,217549900,4350998,129349625,17,28,29,35,41,43
春節加碼活動,115000016,2026/02/15,217549900,4350998,129349625,17,28,29,35,42,43
春節加碼活動,115000016,2026/02/15,217549900,4350998,129349625,17,28,29,41,42,43
春節加碼活動,115000016,2026/02/15,217549900,4350998,129349625,17,28,35,41,42,43
春節加碼活動,115000016,2026/02/15,217549900,4350998,129349625,17,29,35,41,42,43
春節加碼活動,115000016,2026/02/15,217549900,4350998,129349625,24,28,29,35,41,42
春節加碼活動,115000016,2026/02/15,217549900,4350998,129349625,24,28,29,35,41,43
春節加碼活動,115000016,2026/02/15,217549900,4350998,129349625,24,28,29,35,42,43
春節加碼活動,115000016,2026/02/15,217549900,4350998,129349625,24,28,29,41,42,43
春節加碼活動,115000016,2026/02/15,217549900,4350998,129349625,24,28,35,41,42,43
春節加碼活動,115000016,2026/02/15,217549900,4350998,129349625,24,29,35,41,42,43
春節加碼活動,115000016,2026/02/15,217549900,4350998,129349625,28,29,35,41,42,43
春節加碼活動,115000017,2026/02/16,294867300,5897346,218016490,05,06,15,20,21,31
春節加碼活動,115000017,2026/02/16,294867300,5897346,218016490,05,06,15,20,21,33
春節加碼活動,115000017,2026/02/16,294867300,5897346,218016490,05,06,15,20,21,36
春節加碼活動,115000017,2026/02/16,294867300,5897346,218016490,05,06,15,20,21,39
春節加碼活動,115000017,2026/02/16,294867300,5897346,218016490,05,06,15,20,21,40
春節加碼活動,115000017,2026/02/16,294867300,5897346,218016490,05,06,15,20,31,33
春節加碼活動,115000017,2026/02/16,294867300,5897346,218016490,05,06,15,20,31,36
春節加碼活動,115000017,2026/02/16,294867300,5897346,218016490,05,06,15,20,31,39
春節加碼活動,115000017,2026/02/16,294867300,5897346,218016490,05,06,15,20,31,40
春節加碼活動,115000017,2026/02/16,294867300,5897346,218016490,05,06,15,20,33,36
春節加碼活動,115000017,2026/02/16,294867300,5897346,218016490,05,06,15,20,33,39
春節加碼活動,115000017,2026/02/16,294867300,5897346,218016490,05,06,15,20,33,40
春節加碼活動,115000017,2026/02/16,294867300,5897346,218016490,05,06,15,20,36,39
春節加碼活動,115000017,2026/02/16,294867300,5897346,218016490,05,06,15,20,36,40
春節加碼活動,115000017,2026/02/16,294867300,5897346,218016490,05,06,15,20,39,40
春節加碼活動,115000017,2026/02/16,294867300,5897346,218016490,05,06,15,21,31,33
春節加碼活動,115000017,2026/02/16,294867300,5897346,218016490,05,06,15,21,31,36
春節加碼活動,115000017,2026/02/16,294867300,5897346,218016490,05,06,15,21,31,39
春節加碼活動,115000017,2026/02/16,294867300,5897346,218016490,05,06,15,21,31,40
春節加碼活動,115000017,2026/02/16,294867300,5897346,218016490,05,06,15,21,33,36
春節加碼活動,115000017,2026/02/16,294867300,5897346,218016490,05,06,15,21,33,39
春節加碼活動,115000017,2026/02/16,294867300,5897346,218016490,05,06,15,21,33,40
春節加碼活動,115000017,2026/02/16,294867300,5897346,218016490,05,06,15,21,36,39
春節加碼活動,115000017,2026/02/16,294867300,5897346,218016490,05,06,15,21,36,40
春節加碼活動,115000017,2026/02/16,294867300,5897346,218016490,05,06,15,21,39,40
春節加碼活動,115000017,2026/02/16,294867300,5897346,218016490,05,06,15,31,33,36
春節加碼活動,115000017,2026/02/16,294867300,5897346,218016490,05,06,15,31,33,39
春節加碼活動,115000017,2026/02/16,294867300,5897346,218016490,05,06,15,31,33,40
春節加碼活動,115000017,2026/02/16,294867300,5897346,218016490,05,06,15,31,36,39
春節加碼活動,115000017,2026/02/16,294867300,5897346,218016490,05,06,15,31,36,40
春節加碼活動,115000017,2026/02/16,294867300,5897346,218016490,05,06,15,31,39,40
春節加碼活動,115000017,2026/02/16,294867300,5897346,218016490,05,06,15,33,36,39
春節加碼活動,115000017,2026/02/16,294867300,5897346,218016490,05,06,15,33,36,40
春節加碼活動,115000017,2026/02/16,294867300,5897346,218016490,05,06,15,33,39,40
春節加碼活動,115000017,2026/02/16,294867300,5897346,218016490,05,06,15,36,39,40
春節加碼活動,115000017,2026/02/16,294867300,5897346,218016490,05,06,20,21,31,33
春節加碼活動,115000017,2026/02/16,294867300,5897346,218016490,05,06,20,21,31,36
春節加碼活動,115000017,2026/02/16,294867300,5897346,218016490,05,06,20,21,31,39
春節加碼活動,115000017,2026/02/16,294867300,5897346,218016490,05,06,20,21,31,40
春節加碼活動,115000017,2026/02/16,294867300,5897346,218016490,05,06,20,21,33,36
春節加碼活動,115000017,2026/02/16,294867300,5897346,218016490,05,06,20,21,33,39
春節加碼活動,115000017,2026/02/16,294867300,5897346,218016490,05,06,20,21,33,40
春節加碼活動,115000017,2026/02/16,294867300,5897346,218016490,05,06,20,21,36,39
春節加碼活動,115000017,2026/02/16,294867300,5897346,218016490,05,06,20,21,36,40
春節加碼活動,115000017,2026/02/16,294867300,5897346,218016490,05,06,20,21,39,40
春節加碼活動,115000017,2026/02/16,294867300,5897346,218016490,05,06,20,31,33,36
春節加碼活動,115000017,2026/02/16,294867300,5897346,218016490,05,06,20,31,33,39
春節加碼活動,115000017,2026/02/16,294867300,5897346,218016490,05,06,20,31,33,40
春節加碼活動,115000017,2026/02/16,294867300,5897346,218016490,05,06,20,31,36,39
春節加碼活動,115000017,2026/02/16,294867300,5897346,218016490,05,06,20,31,36,40
春節加碼活動,115000017,2026/02/16,294867300,5897346,218016490,05,06,20,31,39,40
春節加碼活動,115000017,2026/02/16,294867300,5897346,218016490,05,06,20,33,36,39
春節加碼活動,115000017,2026/02/16,294867300,5897346,218016490,05,06,20,33,36,40
春節加碼活動,115000017,2026/02/16,294867300,5897346,218016490,05,06,20,33,39,40
春節加碼活動,115000017,2026/02/16,294867300,5897346,218016490,05,06,20,36,39,40
春節加碼活動,115000017,2026/02/16,294867300,5897346,218016490,05,06,21,31,33,36
春節加碼活動,115000017,2026/02/16,294867300,5897346,218016490,05,06,21,31,33,39
春節加碼活動,115000017,2026/02/16,294867300,5897346,218016490,05,06,21,31,33,40
春節加碼活動,115000017,2026/02/16,294867300,5897346,218016490,05,06,21,31,36,39
春節加碼活動,115000017,2026/02/16,294867300,5897346,218016490,05,06,21,31,36,40
春節加碼活動,115000017,2026/02/16,294867300,5897346,218016490,05,06,21,31,39,40
春節加碼活動,115000017,2026/02/16,294867300,5897346,218016490,05,06,21,33,36,39
春節加碼活動,115000017,2026/02/16,294867300,5897346,218016490,05,06,21,33,36,40
春節加碼活動,115000017,2026/02/16,294867300,5897346,218016490,05,06,21,33,39,40
春節加碼活動,115000017,2026/02/16,294867300,5897346,218016490,05,06,21,36,39,40
春節加碼活動,115000017,2026/02/16,294867300,5897346,218016490,05,06,31,33,36,39
春節加碼活動,115000017,2026/02/16,294867300,5897346,218016490,05,06,31,33,36,40
春節加碼活動,115000017,2026/02/16,294867300,5897346,218016490,05,06,31,33,39,40
春節加碼活動,115000017,2026/02/16,294867300,5897346,218016490,05,06,31,36,39,40
春節加碼活動,115000017,2026/02/16,294867300,5897346,218016490,05,06,33,36,39,40
春節加碼活動,115000017,2026/02/16,294867300,5897346,218016490,05,15,20,21,31,33
春節加碼活動,115000017,2026/02/16,294867300,5897346,218016490,05,15,20,21,31,36
春節加碼活動,115000017,2026/02/16,294867300,5897346,218016490,05,15,20,21,31,39
春節加碼活動,115000017,2026/02/16,294867300,5897346,218016490,05,15,20,21,31,40
春節加碼活動,115000017,2026/02/16,294867300,5897346,218016490,05,15,20,21,33,36
春節加碼活動,115000017,2026/02/16,294867300,5897346,218016490,05,15,20,21,33,39
春節加碼活動,115000017,2026/02/16,294867300,5897346,218016490,05,15,20,21,33,40
春節加碼活動,115000017,2026/02/16,294867300,5897346,218016490,05,15,20,21,36,39
春節加碼活動,115000017,2026/02/16,294867300,5897346,218016490,05,15,20,21,36,40
春節加碼活動,115000017,2026/02/16,294867300,5897346,218016490,05,15,20,21,39,40
春節加碼活動,115000017,2026/02/16,294867300,5897346,218016490,05,15,20,31,33,36
春節加碼活動,115000017,2026/02/16,294867300,5897346,218016490,05,15,20,31,33,39
春節加碼活動,115000017,2026/02/16,294867300,5897346,218016490,05,15,20,31,33,40
春節加碼活動,115000017,2026/02/16,294867300,5897346,218016490,05,15,20,31,36,39
春節加碼活動,115000017,2026/02/16,294867300,5897346,218016490,05,15,20,31,36,40
春節加碼活動,115000017,2026/02/16,294867300,5897346,218016490,05,15,20,31,39,40
春節加碼活動,115000017,2026/02/16,294867300,5897346,218016490,05,15,20,33,36,39
春節加碼活動,115000017,2026/02/16,294867300,5897346,218016490,05,15,20,33,36,40
春節加碼活動,115000017,2026/02/16,294867300,5897346,218016490,05,15,20,33,39,40
春節加碼活動,115000017,2026/02/16,294867300,5897346,218016490,05,15,20,36,39,40
春節加碼活動,115000017,2026/02/16,294867300,5897346,218016490,05,15,21,31,33,36
春節加碼活動,115000017,2026/02/16,294867300,5897346,218016490,05,15,21,31,33,39
春節加碼活動,115000017,2026/02/16,294867300,5897346,218016490,05,15,21,31,33,40
春節加碼活動,115000017,2026/02/16,294867300,5897346,218016490,05,15,21,31,36,39
春節加碼活動,115000017,2026/02/16,294867300,5897346,218016490,05,15,21,31,36,40
春節加碼活動,115000017,2026/02/16,294867300,5897346,218016490,05,15,21,31,39,40
春節加碼活動,115000017,2026/02/16,294867300,5897346,218016490,05,15,21,33,36,39
春節加碼活動,115000017,2026/02/16,294867300,5897346,218016490,05,15,21,33,36,40
春節加碼活動,115000017,2026/02/16,294867300,5897346,218016490,05,15,21,33,39,40
春節加碼活動,115000017,2026/02/16,294867300,5897346,218016490,05,15,21,36,39,40
春節加碼活動,115000017,2026/02/16,294867300,5897346,218016490,05,15,31,33,36,39
春節加碼活動,115000017,2026/02/16,294867300,5897346,218016490,05,15,31,33,36,40
春節加碼活動,115000017,2026/02/16,294867300,5897346,218016490,05,15,31,33,39,40
春節加碼活動,115000017,2026/02/16,294867300,5897346,218016490,05,15,31,36,39,40
春節加碼活動,115000017,2026/02/16,294867300,5897346,218016490,05,15,33,36,39,40
春節加碼活動,115000017,2026/02/16,294867300,5897346,218016490,05,20,21,31,33,36
春節加碼活動,115000017,2026/02/16,294867300,5897346,218016490,05,20,21,31,33,39
春節加碼活動,115000017,2026/02/16,294867300,5897346,218016490,05,20,21,31,33,40
春節加碼活動,115000017,2026/02/16,294867300,5897346,218016490,05,20,21,31,36,39
春節加碼活動,115000017,2026/02/16,294867300,5897346,218016490,05,20,21,31,36,40
春節加碼活動,115000017,2026/02/16,294867300,5897346,218016490,05,20,21,31,39,40
春節加碼活動,115000017,2026/02/16,294867300,5897346,218016490,05,20,21,33,36,39
春節加碼活動,115000017,2026/02/16,294867300,5897346,218016490,05,20,21,33,36,40
春節加碼活動,115000017,2026/02/16,294867300,5897346,218016490,05,20,21,33,39,40
春節加碼活動,115000017,2026/02/16,294867300,5897346,218016490,05,20,21,36,39,40
春節加碼活動,115000017,2026/02/16,294867300,5897346,218016490,05,20,31,33,36,39
春節加碼活動,115000017,2026/02/16,294867300,5897346,218016490,05,20,31,33,36,40
春節加碼活動,115000017,2026/02/16,294867300,5897346,218016490,05,20,31,33,39,40
春節加碼活動,115000017,2026/02/16,294867300,5897346,218016490,05,20,31,36,39,40
春節加碼活動,115000017,2026/02/16,294867300,5897346,218016490,05,20,33,36,39,40
春節加碼活動,115000017,2026/02/16,294867300,5897346,218016490,05,21,31,33,36,39
春節加碼活動,115000017,2026/02/16,294867300,5897346,218016490,05,21,31,33,36,40
春節加碼活動,115000017,2026/02/16,294867300,5897346,218016490,05,21,31,33,39,40
春節加碼活動,115000017,2026/02/16,294867300,5897346,218016490,05,21,31,36,39,40
春節加碼活動,115000017,2026/02/16,294867300,5897346,218016490,05,21,33,36,39,40
春節加碼活動,115000017,2026/02/16,294867300,5897346,218016490,05,31,33,36,39,40
春節加碼活動,115000017,2026/02/16,294867300,5897346,218016490,06,15,20,21,31,33
春節加碼活動,115000017,2026/02/16,294867300,5897346,218016490,06,15,20,21,31,36
春節加碼活動,115000017,2026/02/16,294867300,5897346,218016490,06,15,20,21,31,39
春節加碼活動,115000017,2026/02/16,294867300,5897346,218016490,06,15,20,21,31,40
春節加碼活動,115000017,2026/02/16,294867300,5897346,218016490,06,15,20,21,33,36
春節加碼活動,115000017,2026/02/16,294867300,5897346,218016490,06,15,20,21,33,39
春節加碼活動,115000017,2026/02/16,294867300,5897346,218016490,06,15,20,21,33,40
春節加碼活動,115000017,2026/02/16,294867300,5897346,218016490,06,15,20,21,36,39
春節加碼活動,115000017,2026/02/16,294867300,5897346,218016490,06,15,20,21,36,40
春節加碼活動,115000017,2026/02/16,294867300,5897346,218016490,06,15,20,21,39,40
春節加碼活動,115000017,2026/02/16,294867300,5897346,218016490,06,15,20,31,33,36
春節加碼活動,115000017,2026/02/16,294867300,5897346,218016490,06,15,20,31,33,39
春節加碼活動,115000017,2026/02/16,294867300,5897346,218016490,06,15,20,31,33,40
春節加碼活動,115000017,2026/02/16,294867300,5897346,218016490,06,15,20,31,36,39
春節加碼活動,115000017,2026/02/16,294867300,5897346,218016490,06,15,20,31,36,40
春節加碼活動,115000017,2026/02/16,294867300,5897346,218016490,06,15,20,31,39,40
春節加碼活動,115000017,2026/02/16,294867300,5897346,218016490,06,15,20,33,36,39
春節加碼活動,115000017,2026/02/16,294867300,5897346,218016490,06,15,20,33,36,40
春節加碼活動,115000017,2026/02/16,294867300,5897346,218016490,06,15,20,33,39,40
春節加碼活動,115000017,2026/02/16,294867300,5897346,218016490,06,15,20,36,39,40
春節加碼活動,115000017,2026/02/16,294867300,5897346,218016490,06,15,21,31,33,36
春節加碼活動,115000017,2026/02/16,294867300,5897346,218016490,06,15,21,31,33,39
春節加碼活動,115000017,2026/02/16,294867300,5897346,218016490,06,15,21,31,33,40
春節加碼活動,115000017,2026/02/16,294867300,5897346,218016490,06,15,21,31,36,39
春節加碼活動,115000017,2026/02/16,294867300,5897346,218016490,06,15,21,31,36,40
春節加碼活動,115000017,2026/02/16,294867300,5897346,218016490,06,15,21,31,39,40
春節加碼活動,115000017,2026/02/16,294867300,5897346,218016490,06,15,21,33,36,39
春節加碼活動,115000017,2026/02/16,294867300,5897346,218016490,06,15,21,33,36,40
春節加碼活動,115000017,2026/02/16,294867300,5897346,218016490,06,15,21,33,39,40
春節加碼活動,115000017,2026/02/16,294867300,5897346,218016490,06,15,21,36,39,40
春節加碼活動,115000017,2026/02/16,294867300,5897346,218016490,06,15,31,33,36,39
春節加碼活動,115000017,2026/02/16,294867300,5897346,218016490,06,15,31,33,36,40
春節加碼活動,115000017,2026/02/16,294867300,5897346,218016490,06,15,31,33,39,40
春節加碼活動,115000017,2026/02/16,294867300,5897346,218016490,06,15,31,36,39,40
春節加碼活動,115000017,2026/02/16,294867300,5897346,218016490,06,15,33,36,39,40
春節加碼活動,115000017,2026/02/16,294867300,5897346,218016490,06,20,21,31,33,36
春節加碼活動,115000017,2026/02/16,294867300,5897346,218016490,06,20,21,31,33,39
春節加碼活動,115000017,2026/02/16,294867300,5897346,218016490,06,20,21,31,33,40
春節加碼活動,115000017,2026/02/16,294867300,5897346,218016490,06,20,21,31,36,39
春節加碼活動,115000017,2026/02/16,294867300,5897346,218016490,06,20,21,31,36,40
春節加碼活動,115000017,2026/02/16,294867300,5897346,218016490,06,20,21,31,39,40
春節加碼活動,115000017,2026/02/16,294867300,5897346,218016490,06,20,21,33,36,39
春節加碼活動,115000017,2026/02/16,294867300,5897346,218016490,06,20,21,33,36,40
春節加碼活動,115000017,2026/02/16,294867300,5897346,218016490,06,20,21,33,39,40
春節加碼活動,115000017,2026/02/16,294867300,5897346,218016490,06,20,21,36,39,40
春節加碼活動,115000017,2026/02/16,294867300,5897346,218016490,06,20,31,33,36,39
春節加碼活動,115000017,2026/02/16,294867300,5897346,218016490,06,20,31,33,36,40
春節加碼活動,115000017,2026/02/16,294867300,5897346,218016490,06,20,31,33,39,40
春節加碼活動,115000017,2026/02/16,294867300,5897346,218016490,06,20,31,36,39,40
春節加碼活動,115000017,2026/02/16,294867300,5897346,218016490,06,20,33,36,39,40
春節加碼活動,115000017,2026/02/16,294867300,5897346,218016490,06,21,31,33,36,39
春節加碼活動,115000017,2026/02/16,294867300,5897346,218016490,06,21,31,33,36,40
春節加碼活動,115000017,2026/02/16,294867300,5897346,218016490,06,21,31,33,39,40
春節加碼活動,115000017,2026/02/16,294867300,5897346,218016490,06,21,31,36,39,40
春節加碼活動,115000017,2026/02/16,294867300,5897346,218016490,06,21,33,36,39,40
春節加碼活動,115000017,2026/02/16,294867300,5897346,218016490,06,31,33,36,39,40
春節加碼活動,115000017,2026/02/16,294867300,5897346,218016490,15,20,21,31,33,36
春節加碼活動,115000017,2026/02/16,294867300,5897346,218016490,15,20,21,31,33,39
春節加碼活動,115000017,2026/02/16,294867300,5897346,218016490,15,20,21,31,33,40
春節加碼活動,115000017,2026/02/16,294867300,5897346,218016490,15,20,21,31,36,39
春節加碼活動,115000017,2026/02/16,294867300,5897346,218016490,15,20,21,31,36,40
春節加碼活動,115000017,2026/02/16,294867300,5897346,218016490,15,20,21,31,39,40
春節加碼活動,115000017,2026/02/16,294867300,5897346,218016490,15,20,21,33,36,39
春節加碼活動,115000017,2026/02/16,294867300,5897346,218016490,15,20,21,33,36,40
春節加碼活動,115000017,2026/02/16,294867300,5897346,218016490,15,20,21,33,39,40
春節加碼活動,115000017,2026/02/16,294867300,5897346,218016490,15,20,21,36,39,40
春節加碼活動,115000017,2026/02/16,294867300,5897346,218016490,15,20,31,33,36,39
春節加碼活動,115000017,2026/02/16,294867300,5897346,218016490,15,20,31,33,36,40
春節加碼活動,115000017,2026/02/16,294867300,5897346,218016490,15,20,31,33,39,40
春節加碼活動,115000017,2026/02/16,294867300,5897346,218016490,15,20,31,36,39,40
春節加碼活動,115000017,2026/02/16,294867300,5897346,218016490,15,20,33,36,39,40
春節加碼活動,115000017,2026/02/16,294867300,5897346,218016490,15,21,31,33,36,39
春節加碼活動,115000017,2026/02/16,294867300,5897346,218016490,15,21,31,33,36,40
春節加碼活動,115000017,2026/02/16,294867300,5897346,218016490,15,21,31,33,39,40
春節加碼活動,115000017,2026/02/16,294867300,5897346,218016490,15,21,31,36,39,40
春節加碼活動,115000017,2026/02/16,294867300,5897346,218016490,15,21,33,36,39,40
春節加碼活動,115000017,2026/02/16,294867300,5897346,218016490,15,31,33,36,39,40
春節加碼活動,115000017,2026/02/16,294867300,5897346,218016490,20,21,31,33,36,39
春節加碼活動,115000017,2026/02/16,294867300,5897346,218016490,20,21,31,33,36,40
春節加碼活動,115000017,2026/02/16,294867300,5897346,218016490,20,21,31,33,39,40
春節加碼活動,115000017,2026/02/16,294867300,5897346,218016490,20,21,31,36,39,40
春節加碼活動,115000017,2026/02/16,294867300,5897346,218016490,20,21,33,36,39,40
春節加碼活動,115000017,2026/02/16,294867300,5897346,218016490,20,31,33,36,39,40
春節加碼活動,115000017,2026/02/16,294867300,5897346,218016490,21,31,33,36,39,40
春節加碼活動,115000018,2026/02/17,331156850,6623137,215831939,06,07,16,18,27,30
春節加碼活動,115000018,2026/02/17,331156850,6623137,215831939,06,07,16,18,27,32
春節加碼活動,115000018,2026/02/17,331156850,6623137,215831939,06,07,16,18,27,36
春節加碼活動,115000018,2026/02/17,331156850,6623137,215831939,06,07,16,18,27,38
春節加碼活動,115000018,2026/02/17,331156850,6623137,215831939,06,07,16,18,27,45
春節加碼活動,115000018,2026/02/17,331156850,6623137,215831939,06,07,16,18,30,32
春節加碼活動,115000018,2026/02/17,331156850,6623137,215831939,06,07,16,18,30,36
春節加碼活動,115000018,2026/02/17,331156850,6623137,215831939,06,07,16,18,30,38
春節加碼活動,115000018,2026/02/17,331156850,6623137,215831939,06,07,16,18,30,45
春節加碼活動,115000018,2026/02/17,331156850,6623137,215831939,06,07,16,18,32,36
春節加碼活動,115000018,2026/02/17,331156850,6623137,215831939,06,07,16,18,32,38
春節加碼活動,115000018,2026/02/17,331156850,6623137,215831939,06,07,16,18,32,45
春節加碼活動,115000018,2026/02/17,331156850,6623137,215831939,06,07,16,18,36,38
春節加碼活動,115000018,2026/02/17,331156850,6623137,215831939,06,07,16,18,36,45
春節加碼活動,115000018,2026/02/17,331156850,6623137,215831939,06,07,16,18,38,45
春節加碼活動,115000018,2026/02/17,331156850,6623137,215831939,06,07,16,27,30,32
春節加碼活動,115000018,2026/02/17,331156850,6623137,215831939,06,07,16,27,30,36
春節加碼活動,115000018,2026/02/17,331156850,6623137,215831939,06,07,16,27,30,38
春節加碼活動,115000018,2026/02/17,331156850,6623137,215831939,06,07,16,27,30,45
春節加碼活動,115000018,2026/02/17,331156850,6623137,215831939,06,07,16,27,32,36
春節加碼活動,115000018,2026/02/17,331156850,6623137,215831939,06,07,16,27,32,38
春節加碼活動,115000018,2026/02/17,331156850,6623137,215831939,06,07,16,27,32,45
春節加碼活動,115000018,2026/02/17,331156850,6623137,215831939,06,07,16,27,36,38
春節加碼活動,115000018,2026/02/17,331156850,6623137,215831939,06,07,16,27,36,45
春節加碼活動,115000018,2026/02/17,331156850,6623137,215831939,06,07,16,27,38,45
春節加碼活動,115000018,2026/02/17,331156850,6623137,215831939,06,07,16,30,32,36
春節加碼活動,115000018,2026/02/17,331156850,6623137,215831939,06,07,16,30,32,38
春節加碼活動,115000018,2026/02/17,331156850,6623137,215831939,06,07,16,30,32,45
春節加碼活動,115000018,2026/02/17,331156850,6623137,215831939,06,07,16,30,36,38
春節加碼活動,115000018,2026/02/17,331156850,6623137,215831939,06,07,16,30,36,45
春節加碼活動,115000018,2026/02/17,331156850,6623137,215831939,06,07,16,30,38,45
春節加碼活動,115000018,2026/02/17,331156850,6623137,215831939,06,07,16,32,36,38
春節加碼活動,115000018,2026/02/17,331156850,6623137,215831939,06,07,16,32,36,45
春節加碼活動,115000018,2026/02/17,331156850,6623137,215831939,06,07,16,32,38,45
春節加碼活動,115000018,2026/02/17,331156850,6623137,215831939,06,07,16,36,38,45
春節加碼活動,115000018,2026/02/17,331156850,6623137,215831939,06,07,18,27,30,32
春節加碼活動,115000018,2026/02/17,331156850,6623137,215831939,06,07,18,27,30,36
春節加碼活動,115000018,2026/02/17,331156850,6623137,215831939,06,07,18,27,30,38
春節加碼活動,115000018,2026/02/17,331156850,6623137,215831939,06,07,18,27,30,45
春節加碼活動,115000018,2026/02/17,331156850,6623137,215831939,06,07,18,27,32,36
春節加碼活動,115000018,2026/02/17,331156850,6623137,215831939,06,07,18,27,32,38
春節加碼活動,115000018,2026/02/17,331156850,6623137,215831939,06,07,18,27,32,45
春節加碼活動,115000018,2026/02/17,331156850,6623137,215831939,06,07,18,27,36,38
春節加碼活動,115000018,2026/02/17,331156850,6623137,215831939,06,07,18,27,36,45
春節加碼活動,115000018,2026/02/17,331156850,6623137,215831939,06,07,18,27,38,45
春節加碼活動,115000018,2026/02/17,331156850,6623137,215831939,06,07,18,30,32,36
春節加碼活動,115000018,2026/02/17,331156850,6623137,215831939,06,07,18,30,32,38
春節加碼活動,115000018,2026/02/17,331156850,6623137,215831939,06,07,18,30,32,45
春節加碼活動,115000018,2026/02/17,331156850,6623137,215831939,06,07,18,30,36,38
春節加碼活動,115000018,2026/02/17,331156850,6623137,215831939,06,07,18,30,36,45
春節加碼活動,115000018,2026/02/17,331156850,6623137,215831939,06,07,18,30,38,45
春節加碼活動,115000018,2026/02/17,331156850,6623137,215831939,06,07,18,32,36,38
春節加碼活動,115000018,2026/02/17,331156850,6623137,215831939,06,07,18,32,36,45
春節加碼活動,115000018,2026/02/17,331156850,6623137,215831939,06,07,18,32,38,45
春節加碼活動,115000018,2026/02/17,331156850,6623137,215831939,06,07,18,36,38,45
春節加碼活動,115000018,2026/02/17,331156850,6623137,215831939,06,07,27,30,32,36
春節加碼活動,115000018,2026/02/17,331156850,6623137,215831939,06,07,27,30,32,38
春節加碼活動,115000018,2026/02/17,331156850,6623137,215831939,06,07,27,30,32,45
春節加碼活動,115000018,2026/02/17,331156850,6623137,215831939,06,07,27,30,36,38
春節加碼活動,115000018,2026/02/17,331156850,6623137,215831939,06,07,27,30,36,45
春節加碼活動,115000018,2026/02/17,331156850,6623137,215831939,06,07,27,30,38,45
春節加碼活動,115000018,2026/02/17,331156850,6623137,215831939,06,07,27,32,36,38
春節加碼活動,115000018,2026/02/17,331156850,6623137,215831939,06,07,27,32,36,45
春節加碼活動,115000018,2026/02/17,331156850,6623137,215831939,06,07,27,32,38,45
春節加碼活動,115000018,2026/02/17,331156850,6623137,215831939,06,07,27,36,38,45
春節加碼活動,115000018,2026/02/17,331156850,6623137,215831939,06,07,30,32,36,38
春節加碼活動,115000018,2026/02/17,331156850,6623137,215831939,06,07,30,32,36,45
春節加碼活動,115000018,2026/02/17,331156850,6623137,215831939,06,07,30,32,38,45
春節加碼活動,115000018,2026/02/17,331156850,6623137,215831939,06,07,30,36,38,45
春節加碼活動,115000018,2026/02/17,331156850,6623137,215831939,06,07,32,36,38,45
春節加碼活動,115000018,2026/02/17,331156850,6623137,215831939,06,16,18,27,30,32
春節加碼活動,115000018,2026/02/17,331156850,6623137,215831939,06,16,18,27,30,36
春節加碼活動,115000018,2026/02/17,331156850,6623137,215831939,06,16,18,27,30,38
春節加碼活動,115000018,2026/02/17,331156850,6623137,215831939,06,16,18,27,30,45
春節加碼活動,115000018,2026/02/17,331156850,6623137,215831939,06,16,18,27,32,36
春節加碼活動,115000018,2026/02/17,331156850,6623137,215831939,06,16,18,27,32,38
春節加碼活動,115000018,2026/02/17,331156850,6623137,215831939,06,16,18,27,32,45
春節加碼活動,115000018,2026/02/17,331156850,6623137,215831939,06,16,18,27,36,38
春節加碼活動,115000018,2026/02/17,331156850,6623137,215831939,06,16,18,27,36,45
春節加碼活動,115000018,2026/02/17,331156850,6623137,215831939,06,16,18,27,38,45
春節加碼活動,115000018,2026/02/17,331156850,6623137,215831939,06,16,18,30,32,36
春節加碼活動,115000018,2026/02/17,331156850,6623137,215831939,06,16,18,30,32,38
春節加碼活動,115000018,2026/02/17,331156850,6623137,215831939,06,16,18,30,32,45
春節加碼活動,115000018,2026/02/17,331156850,6623137,215831939,06,16,18,30,36,38
春節加碼活動,115000018,2026/02/17,331156850,6623137,215831939,06,16,18,30,36,45
春節加碼活動,115000018,2026/02/17,331156850,6623137,215831939,06,16,18,30,38,45
春節加碼活動,115000018,2026/02/17,331156850,6623137,215831939,06,16,18,32,36,38
春節加碼活動,115000018,2026/02/17,331156850,6623137,215831939,06,16,18,32,36,45
春節加碼活動,115000018,2026/02/17,331156850,6623137,215831939,06,16,18,32,38,45
春節加碼活動,115000018,2026/02/17,331156850,6623137,215831939,06,16,18,36,38,45
春節加碼活動,115000018,2026/02/17,331156850,6623137,215831939,06,16,27,30,32,36
春節加碼活動,115000018,2026/02/17,331156850,6623137,215831939,06,16,27,30,32,38
春節加碼活動,115000018,2026/02/17,331156850,6623137,215831939,06,16,27,30,32,45
春節加碼活動,115000018,2026/02/17,331156850,6623137,215831939,06,16,27,30,36,38
春節加碼活動,115000018,2026/02/17,331156850,6623137,215831939,06,16,27,30,36,45
春節加碼活動,115000018,2026/02/17,331156850,6623137,215831939,06,16,27,30,38,45
春節加碼活動,115000018,2026/02/17,331156850,6623137,215831939,06,16,27,32,36,38
春節加碼活動,115000018,2026/02/17,331156850,6623137,215831939,06,16,27,32,36,45
春節加碼活動,115000018,2026/02/17,331156850,6623137,215831939,06,16,27,32,38,45
春節加碼活動,115000018,2026/02/17,331156850,6623137,215831939,06,16,27,36,38,45
春節加碼活動,115000018,2026/02/17,331156850,6623137,215831939,06,16,30,32,36,38
春節加碼活動,115000018,2026/02/17,331156850,6623137,215831939,06,16,30,32,36,45
春節加碼活動,115000018,2026/02/17,331156850,6623137,215831939,06,16,30,32,38,45
春節加碼活動,115000018,2026/02/17,331156850,6623137,215831939,06,16,30,36,38,45
春節加碼活動,115000018,2026/02/17,331156850,6623137,215831939,06,16,32,36,38,45
春節加碼活動,115000018,2026/02/17,331156850,6623137,215831939,06,18,27,30,32,36
春節加碼活動,115000018,2026/02/17,331156850,6623137,215831939,06,18,27,30,32,38
春節加碼活動,115000018,2026/02/17,331156850,6623137,215831939,06,18,27,30,32,45
春節加碼活動,115000018,2026/02/17,331156850,6623137,215831939,06,18,27,30,36,38
春節加碼活動,115000018,2026/02/17,331156850,6623137,215831939,06,18,27,30,36,45
春節加碼活動,115000018,2026/02/17,331156850,6623137,215831939,06,18,27,30,38,45
春節加碼活動,115000018,2026/02/17,331156850,6623137,215831939,06,18,27,32,36,38
春節加碼活動,115000018,2026/02/17,331156850,6623137,215831939,06,18,27,32,36,45
春節加碼活動,115000018,2026/02/17,331156850,6623137,215831939,06,18,27,32,38,45
春節加碼活動,115000018,2026/02/17,331156850,6623137,215831939,06,18,27,36,38,45
春節加碼活動,115000018,2026/02/17,331156850,6623137,215831939,06,18,30,32,36,38
春節加碼活動,115000018,2026/02/17,331156850,6623137,215831939,06,18,30,32,36,45
春節加碼活動,115000018,2026/02/17,331156850,6623137,215831939,06,18,30,32,38,45
春節加碼活動,115000018,2026/02/17,331156850,6623137,215831939,06,18,30,36,38,45
春節加碼活動,115000018,2026/02/17,331156850,6623137,215831939,06,18,32,36,38,45
春節加碼活動,115000018,2026/02/17,331156850,6623137,215831939,06,27,30,32,36,38
春節加碼活動,115000018,2026/02/17,331156850,6623137,215831939,06,27,30,32,36,45
春節加碼活動,115000018,2026/02/17,331156850,6623137,215831939,06,27,30,32,38,45
春節加碼活動,115000018,2026/02/17,331156850,6623137,215831939,06,27,30,36,38,45
春節加碼活動,115000018,2026/02/17,331156850,6623137,215831939,06,27,32,36,38,45
春節加碼活動,115000018,2026/02/17,331156850,6623137,215831939,06,30,32,36,38,45
春節加碼活動,115000018,2026/02/17,331156850,6623137,215831939,07,16,18,27,30,32
春節加碼活動,115000018,2026/02/17,331156850,6623137,215831939,07,16,18,27,30,36
春節加碼活動,115000018,2026/02/17,331156850,6623137,215831939,07,16,18,27,30,38
春節加碼活動,115000018,2026/02/17,331156850,6623137,215831939,07,16,18,27,30,45
春節加碼活動,115000018,2026/02/17,331156850,6623137,215831939,07,16,18,27,32,36
春節加碼活動,115000018,2026/02/17,331156850,6623137,215831939,07,16,18,27,32,38
春節加碼活動,115000018,2026/02/17,331156850,6623137,215831939,07,16,18,27,32,45
春節加碼活動,115000018,2026/02/17,331156850,6623137,215831939,07,16,18,27,36,38
春節加碼活動,115000018,2026/02/17,331156850,6623137,215831939,07,16,18,27,36,45
春節加碼活動,115000018,2026/02/17,331156850,6623137,215831939,07,16,18,27,38,45
春節加碼活動,115000018,2026/02/17,331156850,6623137,215831939,07,16,18,30,32,36
春節加碼活動,115000018,2026/02/17,331156850,6623137,215831939,07,16,18,30,32,38
春節加碼活動,115000018,2026/02/17,331156850,6623137,215831939,07,16,18,30,32,45
春節加碼活動,115000018,2026/02/17,331156850,6623137,215831939,07,16,18,30,36,38
春節加碼活動,115000018,2026/02/17,331156850,6623137,215831939,07,16,18,30,36,45
春節加碼活動,115000018,2026/02/17,331156850,6623137,215831939,07,16,18,30,38,45
春節加碼活動,115000018,2026/02/17,331156850,6623137,215831939,07,16,18,32,36,38
春節加碼活動,115000018,2026/02/17,331156850,6623137,215831939,07,16,18,32,36,45
春節加碼活動,115000018,2026/02/17,331156850,6623137,215831939,07,16,18,32,38,45
春節加碼活動,115000018,2026/02/17,331156850,6623137,215831939,07,16,18,36,38,45
春節加碼活動,115000018,2026/02/17,331156850,6623137,215831939,07,16,27,30,32,36
春節加碼活動,115000018,2026/02/17,331156850,6623137,215831939,07,16,27,30,32,38
春節加碼活動,115000018,2026/02/17,331156850,6623137,215831939,07,16,27,30,32,45
春節加碼活動,115000018,2026/02/17,331156850,6623137,215831939,07,16,27,30,36,38
春節加碼活動,115000018,2026/02/17,331156850,6623137,215831939,07,16,27,30,36,45
春節加碼活動,115000018,2026/02/17,331156850,6623137,215831939,07,16,27,30,38,45
春節加碼活動,115000018,2026/02/17,331156850,6623137,215831939,07,16,27,32,36,38
春節加碼活動,115000018,2026/02/17,331156850,6623137,215831939,07,16,27,32,36,45
春節加碼活動,115000018,2026/02/17,331156850,6623137,215831939,07,16,27,32,38,45
春節加碼活動,115000018,2026/02/17,331156850,6623137,215831939,07,16,27,36,38,45
春節加碼活動,115000018,2026/02/17,331156850,6623137,215831939,07,16,30,32,36,38
春節加碼活動,115000018,2026/02/17,331156850,6623137,215831939,07,16,30,32,36,45
春節加碼活動,115000018,2026/02/17,331156850,6623137,215831939,07,16,30,32,38,45
春節加碼活動,115000018,2026/02/17,331156850,6623137,215831939,07,16,30,36,38,45
春節加碼活動,115000018,2026/02/17,331156850,6623137,215831939,07,16,32,36,38,45
春節加碼活動,115000018,2026/02/17,331156850,6623137,215831939,07,18,27,30,32,36
春節加碼活動,115000018,2026/02/17,331156850,6623137,215831939,07,18,27,30,32,38
春節加碼活動,115000018,2026/02/17,331156850,6623137,215831939,07,18,27,30,32,45
春節加碼活動,115000018,2026/02/17,331156850,6623137,215831939,07,18,27,30,36,38
春節加碼活動,115000018,2026/02/17,331156850,6623137,215831939,07,18,27,30,36,45
春節加碼活動,115000018,2026/02/17,331156850,6623137,215831939,07,18,27,30,38,45
春節加碼活動,115000018,2026/02/17,331156850,6623137,215831939,07,18,27,32,36,38
春節加碼活動,115000018,2026/02/17,331156850,6623137,215831939,07,18,27,32,36,45
春節加碼活動,115000018,2026/02/17,331156850,6623137,215831939,07,18,27,32,38,45
春節加碼活動,115000018,2026/02/17,331156850,6623137,215831939,07,18,27,36,38,45
春節加碼活動,115000018,2026/02/17,331156850,6623137,215831939,07,18,30,32,36,38
春節加碼活動,115000018,2026/02/17,331156850,6623137,215831939,07,18,30,32,36,45
春節加碼活動,115000018,2026/02/17,331156850,6623137,215831939,07,18,30,32,38,45
春節加碼活動,115000018,2026/02/17,331156850,6623137,215831939,07,18,30,36,38,45
春節加碼活動,115000018,2026/02/17,331156850,6623137,215831939,07,18,32,36,38,45
春節加碼活動,115000018,2026/02/17,331156850,6623137,215831939,07,27,30,32,36,38
春節加碼活動,115000018,2026/02/17,331156850,6623137,215831939,07,27,30,32,36,45
春節加碼活動,115000018,2026/02/17,331156850,6623137,215831939,07,27,30,32,38,45
春節加碼活動,115000018,2026/02/17,331156850,6623137,215831939,07,27,30,36,38,45
春節加碼活動,115000018,2026/02/17,331156850,6623137,215831939,07,27,32,36,38,45
春節加碼活動,115000018,2026/02/17,331156850,6623137,215831939,07,30,32,36,38,45
春節加碼活動,115000018,2026/02/17,331156850,6623137,215831939,16,18,27,30,32,36
春節加碼活動,115000018,2026/02/17,331156850,6623137,215831939,16,18,27,30,32,38
春節加碼活動,115000018,2026/02/17,331156850,6623137,215831939,16,18,27,30,32,45
春節加碼活動,115000018,2026/02/17,331156850,6623137,215831939,16,18,27,30,36,38
春節加碼活動,115000018,2026/02/17,331156850,6623137,215831939,16,18,27,30,36,45
春節加碼活動,115000018,2026/02/17,331156850,6623137,215831939,16,18,27,30,38,45
春節加碼活動,115000018,2026/02/17,331156850,6623137,215831939,16,18,27,32,36,38
春節加碼活動,115000018,2026/02/17,331156850,6623137,215831939,16,18,27,32,36,45
春節加碼活動,115000018,2026/02/17,331156850,6623137,215831939,16,18,27,32,38,45
春節加碼活動,115000018,2026/02/17,331156850,6623137,215831939,16,18,27,36,38,45
春節加碼活動,115000018,2026/02/17,331156850,6623137,215831939,16,18,30,32,36,38
春節加碼活動,115000018,2026/02/17,331156850,6623137,215831939,16,18,30,32,36,45
春節加碼活動,115000018,2026/02/17,331156850,6623137,215831939,16,18,30,32,38,45
春節加碼活動,115000018,2026/02/17,331156850,6623137,215831939,16,18,30,36,38,45
春節加碼活動,115000018,2026/02/17,331156850,6623137,215831939,16,18,32,36,38,45
春節加碼活動,115000018,2026/02/17,331156850,6623137,215831939,16,27,30,32,36,38
春節加碼活動,115000018,2026/02/17,331156850,6623137,215831939,16,27,30,32,36,45
春節加碼活動,115000018,2026/02/17,331156850,6623137,215831939,16,27,30,32,38,45
春節加碼活動,115000018,2026/02/17,331156850,6623137,215831939,16,27,30,36,38,45
春節加碼活動,115000018,2026/02/17,331156850,6623137,215831939,16,27,32,36,38,45
春節加碼活動,115000018,2026/02/17,331156850,6623137,215831939,16,30,32,36,38,45
春節加碼活動,115000018,2026/02/17,331156850,6623137,215831939,18,27,30,32,36,38
春節加碼活動,115000018,2026/02/17,331156850,6623137,215831939,18,27,30,32,36,45
春節加碼活動,115000018,2026/02/17,331156850,6623137,215831939,18,27,30,32,38,45
春節加碼活動,115000018,2026/02/17,331156850,6623137,215831939,18,27,30,36,38,45
春節加碼活動,115000018,2026/02/17,331156850,6623137,215831939,18,27,32,36,38,45
春節加碼活動,115000018,2026/02/17,331156850,6623137,215831939,18,30,32,36,38,45
春節加碼活動,115000018,2026/02/17,331156850,6623137,215831939,27,30,32,36,38,45
春節加碼活動,115000019,2026/02/18,305908250,6118165,176826953,02,04,06,10,17,20
春節加碼活動,115000019,2026/02/18,305908250,6118165,176826953,02,04,06,10,17,24
春節加碼活動,115000019,2026/02/18,305908250,6118165,176826953,02,04,06,10,17,29
春節加碼活動,115000019,2026/02/18,305908250,6118165,176826953,02,04,06,10,17,30
春節加碼活動,115000019,2026/02/18,305908250,6118165,176826953,02,04,06,10,17,45
春節加碼活動,115000019,2026/02/18,305908250,6118165,176826953,02,04,06,10,20,24
春節加碼活動,115000019,2026/02/18,305908250,6118165,176826953,02,04,06,10,20,29
春節加碼活動,115000019,2026/02/18,305908250,6118165,176826953,02,04,06,10,20,30
春節加碼活動,115000019,2026/02/18,305908250,6118165,176826953,02,04,06,10,20,45
春節加碼活動,115000019,2026/02/18,305908250,6118165,176826953,02,04,06,10,24,29
春節加碼活動,115000019,2026/02/18,305908250,6118165,176826953,02,04,06,10,24,30
春節加碼活動,115000019,2026/02/18,305908250,6118165,176826953,02,04,06,10,24,45
春節加碼活動,115000019,2026/02/18,305908250,6118165,176826953,02,04,06,10,29,30
春節加碼活動,115000019,2026/02/18,305908250,6118165,176826953,02,04,06,10,29,45
春節加碼活動,115000019,2026/02/18,305908250,6118165,176826953,02,04,06,10,30,45
春節加碼活動,115000019,2026/02/18,305908250,6118165,176826953,02,04,06,17,20,24
春節加碼活動,115000019,2026/02/18,305908250,6118165,176826953,02,04,06,17,20,29
春節加碼活動,115000019,2026/02/18,305908250,6118165,176826953,02,04,06,17,20,30
春節加碼活動,115000019,2026/02/18,305908250,6118165,176826953,02,04,06,17,20,45
春節加碼活動,115000019,2026/02/18,305908250,6118165,176826953,02,04,06,17,24,29
春節加碼活動,115000019,2026/02/18,305908250,6118165,176826953,02,04,06,17,24,30
春節加碼活動,115000019,2026/02/18,305908250,6118165,176826953,02,04,06,17,24,45
春節加碼活動,115000019,2026/02/18,305908250,6118165,176826953,02,04,06,17,29,30
春節加碼活動,115000019,2026/02/18,305908250,6118165,176826953,02,04,06,17,29,45
春節加碼活動,115000019,2026/02/18,305908250,6118165,176826953,02,04,06,17,30,45
春節加碼活動,115000019,2026/02/18,305908250,6118165,176826953,02,04,06,20,24,29
春節加碼活動,115000019,2026/02/18,305908250,6118165,176826953,02,04,06,20,24,30
春節加碼活動,115000019,2026/02/18,305908250,6118165,176826953,02,04,06,20,24,45
春節加碼活動,115000019,2026/02/18,305908250,6118165,176826953,02,04,06,20,29,30
春節加碼活動,115000019,2026/02/18,305908250,6118165,176826953,02,04,06,20,29,45
春節加碼活動,115000019,2026/02/18,305908250,6118165,176826953,02,04,06,20,30,45
春節加碼活動,115000019,2026/02/18,305908250,6118165,176826953,02,04,06,24,29,30
春節加碼活動,115000019,2026/02/18,305908250,6118165,176826953,02,04,06,24,29,45
春節加碼活動,115000019,2026/02/18,305908250,6118165,176826953,02,04,06,24,30,45
春節加碼活動,115000019,2026/02/18,305908250,6118165,176826953,02,04,06,29,30,45
春節加碼活動,115000019,2026/02/18,305908250,6118165,176826953,02,04,10,17,20,24
春節加碼活動,115000019,2026/02/18,305908250,6118165,176826953,02,04,10,17,20,29
春節加碼活動,115000019,2026/02/18,305908250,6118165,176826953,02,04,10,17,20,30
春節加碼活動,115000019,2026/02/18,305908250,6118165,176826953,02,04,10,17,20,45
春節加碼活動,115000019,2026/02/18,305908250,6118165,176826953,02,04,10,17,24,29
春節加碼活動,115000019,2026/02/18,305908250,6118165,176826953,02,04,10,17,24,30
春節加碼活動,115000019,2026/02/18,305908250,6118165,176826953,02,04,10,17,24,45
春節加碼活動,115000019,2026/02/18,305908250,6118165,176826953,02,04,10,17,29,30
春節加碼活動,115000019,2026/02/18,305908250,6118165,176826953,02,04,10,17,29,45
春節加碼活動,115000019,2026/02/18,305908250,6118165,176826953,02,04,10,17,30,45
春節加碼活動,115000019,2026/02/18,305908250,6118165,176826953,02,04,10,20,24,29
春節加碼活動,115000019,2026/02/18,305908250,6118165,176826953,02,04,10,20,24,30
春節加碼活動,115000019,2026/02/18,305908250,6118165,176826953,02,04,10,20,24,45
春節加碼活動,115000019,2026/02/18,305908250,6118165,176826953,02,04,10,20,29,30
春節加碼活動,115000019,2026/02/18,305908250,6118165,176826953,02,04,10,20,29,45
春節加碼活動,115000019,2026/02/18,305908250,6118165,176826953,02,04,10,20,30,45
春節加碼活動,115000019,2026/02/18,305908250,6118165,176826953,02,04,10,24,29,30
春節加碼活動,115000019,2026/02/18,305908250,6118165,176826953,02,04,10,24,29,45
春節加碼活動,115000019,2026/02/18,305908250,6118165,176826953,02,04,10,24,30,45
春節加碼活動,115000019,2026/02/18,305908250,6118165,176826953,02,04,10,29,30,45
春節加碼活動,115000019,2026/02/18,305908250,6118165,176826953,02,04,17,20,24,29
春節加碼活動,115000019,2026/02/18,305908250,6118165,176826953,02,04,17,20,24,30
春節加碼活動,115000019,2026/02/18,305908250,6118165,176826953,02,04,17,20,24,45
春節加碼活動,115000019,2026/02/18,305908250,6118165,176826953,02,04,17,20,29,30
春節加碼活動,115000019,2026/02/18,305908250,6118165,176826953,02,04,17,20,29,45
春節加碼活動,115000019,2026/02/18,305908250,6118165,176826953,02,04,17,20,30,45
春節加碼活動,115000019,2026/02/18,305908250,6118165,176826953,02,04,17,24,29,30
春節加碼活動,115000019,2026/02/18,305908250,6118165,176826953,02,04,17,24,29,45
春節加碼活動,115000019,2026/02/18,305908250,6118165,176826953,02,04,17,24,30,45
春節加碼活動,115000019,2026/02/18,305908250,6118165,176826953,02,04,17,29,30,45
春節加碼活動,115000019,2026/02/18,305908250,6118165,176826953,02,04,20,24,29,30
春節加碼活動,115000019,2026/02/18,305908250,6118165,176826953,02,04,20,24,29,45
春節加碼活動,115000019,2026/02/18,305908250,6118165,176826953,02,04,20,24,30,45
春節加碼活動,115000019,2026/02/18,305908250,6118165,176826953,02,04,20,29,30,45
春節加碼活動,115000019,2026/02/18,305908250,6118165,176826953,02,04,24,29,30,45
春節加碼活動,115000019,2026/02/18,305908250,6118165,176826953,02,06,10,17,20,24
春節加碼活動,115000019,2026/02/18,305908250,6118165,176826953,02,06,10,17,20,29
春節加碼活動,115000019,2026/02/18,305908250,6118165,176826953,02,06,10,17,20,30
春節加碼活動,115000019,2026/02/18,305908250,6118165,176826953,02,06,10,17,20,45
春節加碼活動,115000019,2026/02/18,305908250,6118165,176826953,02,06,10,17,24,29
春節加碼活動,115000019,2026/02/18,305908250,6118165,176826953,02,06,10,17,24,30
春節加碼活動,115000019,2026/02/18,305908250,6118165,176826953,02,06,10,17,24,45
春節加碼活動,115000019,2026/02/18,305908250,6118165,176826953,02,06,10,17,29,30
春節加碼活動,115000019,2026/02/18,305908250,6118165,176826953,02,06,10,17,29,45
春節加碼活動,115000019,2026/02/18,305908250,6118165,176826953,02,06,10,17,30,45
春節加碼活動,115000019,2026/02/18,305908250,6118165,176826953,02,06,10,20,24,29
春節加碼活動,115000019,2026/02/18,305908250,6118165,176826953,02,06,10,20,24,30
春節加碼活動,115000019,2026/02/18,305908250,6118165,176826953,02,06,10,20,24,45
春節加碼活動,115000019,2026/02/18,305908250,6118165,176826953,02,06,10,20,29,30
春節加碼活動,115000019,2026/02/18,305908250,6118165,176826953,02,06,10,20,29,45
春節加碼活動,115000019,2026/02/18,305908250,6118165,176826953,02,06,10,20,30,45
春節加碼活動,115000019,2026/02/18,305908250,6118165,176826953,02,06,10,24,29,30
春節加碼活動,115000019,2026/02/18,305908250,6118165,176826953,02,06,10,24,29,45
春節加碼活動,115000019,2026/02/18,305908250,6118165,176826953,02,06,10,24,30,45
春節加碼活動,115000019,2026/02/18,305908250,6118165,176826953,02,06,10,29,30,45
春節加碼活動,115000019,2026/02/18,305908250,6118165,176826953,02,06,17,20,24,29
春節加碼活動,115000019,2026/02/18,305908250,6118165,176826953,02,06,17,20,24,30
春節加碼活動,115000019,2026/02/18,305908250,6118165,176826953,02,06,17,20,24,45
春節加碼活動,115000019,2026/02/18,305908250,6118165,176826953,02,06,17,20,29,30
春節加碼活動,115000019,2026/02/18,305908250,6118165,176826953,02,06,17,20,29,45
春節加碼活動,115000019,2026/02/18,305908250,6118165,176826953,02,06,17,20,30,45
春節加碼活動,115000019,2026/02/18,305908250,6118165,176826953,02,06,17,24,29,30
春節加碼活動,115000019,2026/02/18,305908250,6118165,176826953,02,06,17,24,29,45
春節加碼活動,115000019,2026/02/18,305908250,6118165,176826953,02,06,17,24,30,45
春節加碼活動,115000019,2026/02/18,305908250,6118165,176826953,02,06,17,29,30,45
春節加碼活動,115000019,2026/02/18,305908250,6118165,176826953,02,06,20,24,29,30
春節加碼活動,115000019,2026/02/18,305908250,6118165,176826953,02,06,20,24,29,45
春節加碼活動,115000019,2026/02/18,305908250,6118165,176826953,02,06,20,24,30,45
春節加碼活動,115000019,2026/02/18,305908250,6118165,176826953,02,06,20,29,30,45
春節加碼活動,115000019,2026/02/18,305908250,6118165,176826953,02,06,24,29,30,45
春節加碼活動,115000019,2026/02/18,305908250,6118165,176826953,02,10,17,20,24,29
春節加碼活動,115000019,2026/02/18,305908250,6118165,176826953,02,10,17,20,24,30
春節加碼活動,115000019,2026/02/18,305908250,6118165,176826953,02,10,17,20,24,45
春節加碼活動,115000019,2026/02/18,305908250,6118165,176826953,02,10,17,20,29,30
春節加碼活動,115000019,2026/02/18,305908250,6118165,176826953,02,10,17,20,29,45
春節加碼活動,115000019,2026/02/18,305908250,6118165,176826953,02,10,17,20,30,45
春節加碼活動,115000019,2026/02/18,305908250,6118165,176826953,02,10,17,24,29,30
春節加碼活動,115000019,2026/02/18,305908250,6118165,176826953,02,10,17,24,29,45
春節加碼活動,115000019,2026/02/18,305908250,6118165,176826953,02,10,17,24,30,45
春節加碼活動,115000019,2026/02/18,305908250,6118165,176826953,02,10,17,29,30,45
春節加碼活動,115000019,2026/02/18,305908250,6118165,176826953,02,10,20,24,29,30
春節加碼活動,115000019,2026/02/18,305908250,6118165,176826953,02,10,20,24,29,45
春節加碼活動,115000019,2026/02/18,305908250,6118165,176826953,02,10,20,24,30,45
春節加碼活動,115000019,2026/02/18,305908250,6118165,176826953,02,10,20,29,30,45
春節加碼活動,115000019,2026/02/18,305908250,6118165,176826953,02,10,24,29,30,45
春節加碼活動,115000019,2026/02/18,305908250,6118165,176826953,02,17,20,24,29,30
春節加碼活動,115000019,2026/02/18,305908250,6118165,176826953,02,17,20,24,29,45
春節加碼活動,115000019,2026/02/18,305908250,6118165,176826953,02,17,20,24,30,45
春節加碼活動,115000019,2026/02/18,305908250,6118165,176826953,02,17,20,29,30,45
春節加碼活動,115000019,2026/02/18,305908250,6118165,176826953,02,17,24,29,30,45
春節加碼活動,115000019,2026/02/18,305908250,6118165,176826953,02,20,24,29,30,45
春節加碼活動,115000019,2026/02/18,305908250,6118165,176826953,04,06,10,17,20,24
春節加碼活動,115000019,2026/02/18,305908250,6118165,176826953,04,06,10,17,20,29
春節加碼活動,115000019,2026/02/18,305908250,6118165,176826953,04,06,10,17,20,30
春節加碼活動,115000019,2026/02/18,305908250,6118165,176826953,04,06,10,17,20,45
春節加碼活動,115000019,2026/02/18,305908250,6118165,176826953,04,06,10,17,24,29
春節加碼活動,115000019,2026/02/18,305908250,6118165,176826953,04,06,10,17,24,30
春節加碼活動,115000019,2026/02/18,305908250,6118165,176826953,04,06,10,17,24,45
春節加碼活動,115000019,2026/02/18,305908250,6118165,176826953,04,06,10,17,29,30
春節加碼活動,115000019,2026/02/18,305908250,6118165,176826953,04,06,10,17,29,45
春節加碼活動,115000019,2026/02/18,305908250,6118165,176826953,04,06,10,17,30,45
春節加碼活動,115000019,2026/02/18,305908250,6118165,176826953,04,06,10,20,24,29
春節加碼活動,115000019,2026/02/18,305908250,6118165,176826953,04,06,10,20,24,30
春節加碼活動,115000019,2026/02/18,305908250,6118165,176826953,04,06,10,20,24,45
春節加碼活動,115000019,2026/02/18,305908250,6118165,176826953,04,06,10,20,29,30
春節加碼活動,115000019,2026/02/18,305908250,6118165,176826953,04,06,10,20,29,45
春節加碼活動,115000019,2026/02/18,305908250,6118165,176826953,04,06,10,20,30,45
春節加碼活動,115000019,2026/02/18,305908250,6118165,176826953,04,06,10,24,29,30
春節加碼活動,115000019,2026/02/18,305908250,6118165,176826953,04,06,10,24,29,45
春節加碼活動,115000019,2026/02/18,305908250,6118165,176826953,04,06,10,24,30,45
春節加碼活動,115000019,2026/02/18,305908250,6118165,176826953,04,06,10,29,30,45
春節加碼活動,115000019,2026/02/18,305908250,6118165,176826953,04,06,17,20,24,29
春節加碼活動,115000019,2026/02/18,305908250,6118165,176826953,04,06,17,20,24,30
春節加碼活動,115000019,2026/02/18,305908250,6118165,176826953,04,06,17,20,24,45
春節加碼活動,115000019,2026/02/18,305908250,6118165,176826953,04,06,17,20,29,30
春節加碼活動,115000019,2026/02/18,305908250,6118165,176826953,04,06,17,20,29,45
春節加碼活動,115000019,2026/02/18,305908250,6118165,176826953,04,06,17,20,30,45
春節加碼活動,115000019,2026/02/18,305908250,6118165,176826953,04,06,17,24,29,30
春節加碼活動,115000019,2026/02/18,305908250,6118165,176826953,04,06,17,24,29,45
春節加碼活動,115000019,2026/02/18,305908250,6118165,176826953,04,06,17,24,30,45
春節加碼活動,115000019,2026/02/18,305908250,6118165,176826953,04,06,17,29,30,45
春節加碼活動,115000019,2026/02/18,305908250,6118165,176826953,04,06,20,24,29,30
春節加碼活動,115000019,2026/02/18,305908250,6118165,176826953,04,06,20,24,29,45
春節加碼活動,115000019,2026/02/18,305908250,6118165,176826953,04,06,20,24,30,45
春節加碼活動,115000019,2026/02/18,305908250,6118165,176826953,04,06,20,29,30,45
春節加碼活動,115000019,2026/02/18,305908250,6118165,176826953,04,06,24,29,30,45
春節加碼活動,115000019,2026/02/18,305908250,6118165,176826953,04,10,17,20,24,29
春節加碼活動,115000019,2026/02/18,305908250,6118165,176826953,04,10,17,20,24,30
春節加碼活動,115000019,2026/02/18,305908250,6118165,176826953,04,10,17,20,24,45
春節加碼活動,115000019,2026/02/18,305908250,6118165,176826953,04,10,17,20,29,30
春節加碼活動,115000019,2026/02/18,305908250,6118165,176826953,04,10,17,20,29,45
春節加碼活動,115000019,2026/02/18,305908250,6118165,176826953,04,10,17,20,30,45
春節加碼活動,115000019,2026/02/18,305908250,6118165,176826953,04,10,17,24,29,30
春節加碼活動,115000019,2026/02/18,305908250,6118165,176826953,04,10,17,24,29,45
春節加碼活動,115000019,2026/02/18,305908250,6118165,176826953,04,10,17,24,30,45
春節加碼活動,115000019,2026/02/18,305908250,6118165,176826953,04,10,17,29,30,45
春節加碼活動,115000019,2026/02/18,305908250,6118165,176826953,04,10,20,24,29,30
春節加碼活動,115000019,2026/02/18,305908250,6118165,176826953,04,10,20,24,29,45
春節加碼活動,115000019,2026/02/18,305908250,6118165,176826953,04,10,20,24,30,45
春節加碼活動,115000019,2026/02/18,305908250,6118165,176826953,04,10,20,29,30,45
春節加碼活動,115000019,2026/02/18,305908250,6118165,176826953,04,10,24,29,30,45
春節加碼活動,115000019,2026/02/18,305908250,6118165,176826953,04,17,20,24,29,30
春節加碼活動,115000019,2026/02/18,305908250,6118165,176826953,04,17,20,24,29,45
春節加碼活動,115000019,2026/02/18,305908250,6118165,176826953,04,17,20,24,30,45
春節加碼活動,115000019,2026/02/18,305908250,6118165,176826953,04,17,20,29,30,45
春節加碼活動,115000019,2026/02/18,305908250,6118165,176826953,04,17,24,29,30,45
春節加碼活動,115000019,2026/02/18,305908250,6118165,176826953,04,20,24,29,30,45
春節加碼活動,115000019,2026/02/18,305908250,6118165,176826953,06,10,17,20,24,29
春節加碼活動,115000019,2026/02/18,305908250,6118165,176826953,06,10,17,20,24,30
春節加碼活動,115000019,2026/02/18,305908250,6118165,176826953,06,10,17,20,24,45
春節加碼活動,115000019,2026/02/18,305908250,6118165,176826953,06,10,17,20,29,30
春節加碼活動,115000019,2026/02/18,305908250,6118165,176826953,06,10,17,20,29,45
春節加碼活動,115000019,2026/02/18,305908250,6118165,176826953,06,10,17,20,30,45
春節加碼活動,115000019,2026/02/18,305908250,6118165,176826953,06,10,17,24,29,30
春節加碼活動,115000019,2026/02/18,305908250,6118165,176826953,06,10,17,24,29,45
春節加碼活動,115000019,2026/02/18,305908250,6118165,176826953,06,10,17,24,30,45
春節加碼活動,115000019,2026/02/18,305908250,6118165,176826953,06,10,17,29,30,45
春節加碼活動,115000019,2026/02/18,305908250,6118165,176826953,06,10,20,24,29,30
春節加碼活動,115000019,2026/02/18,305908250,6118165,176826953,06,10,20,24,29,45
春節加碼活動,115000019,2026/02/18,305908250,6118165,176826953,06,10,20,24,30,45
春節加碼活動,115000019,2026/02/18,305908250,6118165,176826953,06,10,20,29,30,45
春節加碼活動,115000019,2026/02/18,305908250,6118165,176826953,06,10,24,29,30,45
春節加碼活動,115000019,2026/02/18,305908250,6118165,176826953,06,17,20,24,29,30
春節加碼活動,115000019,2026/02/18,305908250,6118165,176826953,06,17,20,24,29,45
春節加碼活動,115000019,2026/02/18,305908250,6118165,176826953,06,17,20,24,30,45
春節加碼活動,115000019,2026/02/18,305908250,6118165,176826953,06,17,20,29,30,45
春節加碼活動,115000019,2026/02/18,305908250,6118165,176826953,06,17,24,29,30,45
春節加碼活動,115000019,2026/02/18,305908250,6118165,176826953,06,20,24,29,30,45
春節加碼活動,115000019,2026/02/18,305908250,6118165,176826953,10,17,20,24,29,30
春節加碼活動,115000019,2026/02/18,305908250,6118165,176826953,10,17,20,24,29,45
春節加碼活動,115000019,2026/02/18,305908250,6118165,176826953,10,17,20,24,30,45
春節加碼活動,115000019,2026/02/18,305908250,6118165,176826953,10,17,20,29,30,45
春節加碼活動,115000019,2026/02/18,305908250,6118165,176826953,10,17,24,29,30,45
春節加碼活動,115000019,2026/02/18,305908250,6118165,176826953,10,20,24,29,30,45
春節加碼活動,115000019,2026/02/18,305908250,6118165,176826953,17,20,24,29,30,45
春節加碼活動,115000020,2026/02/19,289055300,5781106,236160524,05,12,13,14,23,25
春節加碼活動,115000020,2026/02/19,289055300,5781106,236160524,05,12,13,14,23,30
春節加碼活動,115000020,2026/02/19,289055300,5781106,236160524,05,12,13,14,23,36
春節加碼活動,115000020,2026/02/19,289055300,5781106,236160524,05,12,13,14,23,39
春節加碼活動,115000020,2026/02/19,289055300,5781106,236160524,05,12,13,14,23,46
春節加碼活動,115000020,2026/02/19,289055300,5781106,236160524,05,12,13,14,25,30
春節加碼活動,115000020,2026/02/19,289055300,5781106,236160524,05,12,13,14,25,36
春節加碼活動,115000020,2026/02/19,289055300,5781106,236160524,05,12,13,14,25,39
春節加碼活動,115000020,2026/02/19,289055300,5781106,236160524,05,12,13,14,25,46
春節加碼活動,115000020,2026/02/19,289055300,5781106,236160524,05,12,13,14,30,36
春節加碼活動,115000020,2026/02/19,289055300,5781106,236160524,05,12,13,14,30,39
春節加碼活動,115000020,2026/02/19,289055300,5781106,236160524,05,12,13,14,30,46
春節加碼活動,115000020,2026/02/19,289055300,5781106,236160524,05,12,13,14,36,39
春節加碼活動,115000020,2026/02/19,289055300,5781106,236160524,05,12,13,14,36,46
春節加碼活動,115000020,2026/02/19,289055300,5781106,236160524,05,12,13,14,39,46
春節加碼活動,115000020,2026/02/19,289055300,5781106,236160524,05,12,13,23,25,30
春節加碼活動,115000020,2026/02/19,289055300,5781106,236160524,05,12,13,23,25,36
春節加碼活動,115000020,2026/02/19,289055300,5781106,236160524,05,12,13,23,25,39
春節加碼活動,115000020,2026/02/19,289055300,5781106,236160524,05,12,13,23,25,46
春節加碼活動,115000020,2026/02/19,289055300,5781106,236160524,05,12,13,23,30,36
春節加碼活動,115000020,2026/02/19,289055300,5781106,236160524,05,12,13,23,30,39
春節加碼活動,115000020,2026/02/19,289055300,5781106,236160524,05,12,13,23,30,46
春節加碼活動,115000020,2026/02/19,289055300,5781106,236160524,05,12,13,23,36,39
春節加碼活動,115000020,2026/02/19,289055300,5781106,236160524,05,12,13,23,36,46
春節加碼活動,115000020,2026/02/19,289055300,5781106,236160524,05,12,13,23,39,46
春節加碼活動,115000020,2026/02/19,289055300,5781106,236160524,05,12,13,25,30,36
春節加碼活動,115000020,2026/02/19,289055300,5781106,236160524,05,12,13,25,30,39
春節加碼活動,115000020,2026/02/19,289055300,5781106,236160524,05,12,13,25,30,46
春節加碼活動,115000020,2026/02/19,289055300,5781106,236160524,05,12,13,25,36,39
春節加碼活動,115000020,2026/02/19,289055300,5781106,236160524,05,12,13,25,36,46
春節加碼活動,115000020,2026/02/19,289055300,5781106,236160524,05,12,13,25,39,46
春節加碼活動,115000020,2026/02/19,289055300,5781106,236160524,05,12,13,30,36,39
春節加碼活動,115000020,2026/02/19,289055300,5781106,236160524,05,12,13,30,36,46
春節加碼活動,115000020,2026/02/19,289055300,5781106,236160524,05,12,13,30,39,46
春節加碼活動,115000020,2026/02/19,289055300,5781106,236160524,05,12,13,36,39,46
春節加碼活動,115000020,2026/02/19,289055300,5781106,236160524,05,12,14,23,25,30
春節加碼活動,115000020,2026/02/19,289055300,5781106,236160524,05,12,14,23,25,36
春節加碼活動,115000020,2026/02/19,289055300,5781106,236160524,05,12,14,23,25,39
春節加碼活動,115000020,2026/02/19,289055300,5781106,236160524,05,12,14,23,25,46
春節加碼活動,115000020,2026/02/19,289055300,5781106,236160524,05,12,14,23,30,36
春節加碼活動,115000020,2026/02/19,289055300,5781106,236160524,05,12,14,23,30,39
春節加碼活動,115000020,2026/02/19,289055300,5781106,236160524,05,12,14,23,30,46
春節加碼活動,115000020,2026/02/19,289055300,5781106,236160524,05,12,14,23,36,39
春節加碼活動,115000020,2026/02/19,289055300,5781106,236160524,05,12,14,23,36,46
春節加碼活動,115000020,2026/02/19,289055300,5781106,236160524,05,12,14,23,39,46
春節加碼活動,115000020,2026/02/19,289055300,5781106,236160524,05,12,14,25,30,36
春節加碼活動,115000020,2026/02/19,289055300,5781106,236160524,05,12,14,25,30,39
春節加碼活動,115000020,2026/02/19,289055300,5781106,236160524,05,12,14,25,30,46
春節加碼活動,115000020,2026/02/19,289055300,5781106,236160524,05,12,14,25,36,39
春節加碼活動,115000020,2026/02/19,289055300,5781106,236160524,05,12,14,25,36,46
春節加碼活動,115000020,2026/02/19,289055300,5781106,236160524,05,12,14,25,39,46
春節加碼活動,115000020,2026/02/19,289055300,5781106,236160524,05,12,14,30,36,39
春節加碼活動,115000020,2026/02/19,289055300,5781106,236160524,05,12,14,30,36,46
春節加碼活動,115000020,2026/02/19,289055300,5781106,236160524,05,12,14,30,39,46
春節加碼活動,115000020,2026/02/19,289055300,5781106,236160524,05,12,14,36,39,46
春節加碼活動,115000020,2026/02/19,289055300,5781106,236160524,05,12,23,25,30,36
春節加碼活動,115000020,2026/02/19,289055300,5781106,236160524,05,12,23,25,30,39
春節加碼活動,115000020,2026/02/19,289055300,5781106,236160524,05,12,23,25,30,46
春節加碼活動,115000020,2026/02/19,289055300,5781106,236160524,05,12,23,25,36,39
春節加碼活動,115000020,2026/02/19,289055300,5781106,236160524,05,12,23,25,36,46
春節加碼活動,115000020,2026/02/19,289055300,5781106,236160524,05,12,23,25,39,46
春節加碼活動,115000020,2026/02/19,289055300,5781106,236160524,05,12,23,30,36,39
春節加碼活動,115000020,2026/02/19,289055300,5781106,236160524,05,12,23,30,36,46
春節加碼活動,115000020,2026/02/19,289055300,5781106,236160524,05,12,23,30,39,46
春節加碼活動,115000020,2026/02/19,289055300,5781106,236160524,05,12,23,36,39,46
春節加碼活動,115000020,2026/02/19,289055300,5781106,236160524,05,12,25,30,36,39
春節加碼活動,115000020,2026/02/19,289055300,5781106,236160524,05,12,25,30,36,46
春節加碼活動,115000020,2026/02/19,289055300,5781106,236160524,05,12,25,30,39,46
春節加碼活動,115000020,2026/02/19,289055300,5781106,236160524,05,12,25,36,39,46
春節加碼活動,115000020,2026/02/19,289055300,5781106,236160524,05,12,30,36,39,46
春節加碼活動,115000020,2026/02/19,289055300,5781106,236160524,05,13,14,23,25,30
春節加碼活動,115000020,2026/02/19,289055300,5781106,236160524,05,13,14,23,25,36
春節加碼活動,115000020,2026/02/19,289055300,5781106,236160524,05,13,14,23,25,39
春節加碼活動,115000020,2026/02/19,289055300,5781106,236160524,05,13,14,23,25,46
春節加碼活動,115000020,2026/02/19,289055300,5781106,236160524,05,13,14,23,30,36
春節加碼活動,115000020,2026/02/19,289055300,5781106,236160524,05,13,14,23,30,39
春節加碼活動,115000020,2026/02/19,289055300,5781106,236160524,05,13,14,23,30,46
春節加碼活動,115000020,2026/02/19,289055300,5781106,236160524,05,13,14,23,36,39
春節加碼活動,115000020,2026/02/19,289055300,5781106,236160524,05,13,14,23,36,46
春節加碼活動,115000020,2026/02/19,289055300,5781106,236160524,05,13,14,23,39,46
春節加碼活動,115000020,2026/02/19,289055300,5781106,236160524,05,13,14,25,30,36
春節加碼活動,115000020,2026/02/19,289055300,5781106,236160524,05,13,14,25,30,39
春節加碼活動,115000020,2026/02/19,289055300,5781106,236160524,05,13,14,25,30,46
春節加碼活動,115000020,2026/02/19,289055300,5781106,236160524,05,13,14,25,36,39
春節加碼活動,115000020,2026/02/19,289055300,5781106,236160524,05,13,14,25,36,46
春節加碼活動,115000020,2026/02/19,289055300,5781106,236160524,05,13,14,25,39,46
春節加碼活動,115000020,2026/02/19,289055300,5781106,236160524,05,13,14,30,36,39
春節加碼活動,115000020,2026/02/19,289055300,5781106,236160524,05,13,14,30,36,46
春節加碼活動,115000020,2026/02/19,289055300,5781106,236160524,05,13,14,30,39,46
春節加碼活動,115000020,2026/02/19,289055300,5781106,236160524,05,13,14,36,39,46
春節加碼活動,115000020,2026/02/19,289055300,5781106,236160524,05,13,23,25,30,36
春節加碼活動,115000020,2026/02/19,289055300,5781106,236160524,05,13,23,25,30,39
春節加碼活動,115000020,2026/02/19,289055300,5781106,236160524,05,13,23,25,30,46
春節加碼活動,115000020,2026/02/19,289055300,5781106,236160524,05,13,23,25,36,39
春節加碼活動,115000020,2026/02/19,289055300,5781106,236160524,05,13,23,25,36,46
春節加碼活動,115000020,2026/02/19,289055300,5781106,236160524,05,13,23,25,39,46
春節加碼活動,115000020,2026/02/19,289055300,5781106,236160524,05,13,23,30,36,39
春節加碼活動,115000020,2026/02/19,289055300,5781106,236160524,05,13,23,30,36,46
春節加碼活動,115000020,2026/02/19,289055300,5781106,236160524,05,13,23,30,39,46
春節加碼活動,115000020,2026/02/19,289055300,5781106,236160524,05,13,23,36,39,46
春節加碼活動,115000020,2026/02/19,289055300,5781106,236160524,05,13,25,30,36,39
春節加碼活動,115000020,2026/02/19,289055300,5781106,236160524,05,13,25,30,36,46
春節加碼活動,115000020,2026/02/19,289055300,5781106,236160524,05,13,25,30,39,46
春節加碼活動,115000020,2026/02/19,289055300,5781106,236160524,05,13,25,36,39,46
春節加碼活動,115000020,2026/02/19,289055300,5781106,236160524,05,13,30,36,39,46
春節加碼活動,115000020,2026/02/19,289055300,5781106,236160524,05,14,23,25,30,36
春節加碼活動,115000020,2026/02/19,289055300,5781106,236160524,05,14,23,25,30,39
春節加碼活動,115000020,2026/02/19,289055300,5781106,236160524,05,14,23,25,30,46
春節加碼活動,115000020,2026/02/19,289055300,5781106,236160524,05,14,23,25,36,39
春節加碼活動,115000020,2026/02/19,289055300,5781106,236160524,05,14,23,25,36,46
春節加碼活動,115000020,2026/02/19,289055300,5781106,236160524,05,14,23,25,39,46
春節加碼活動,115000020,2026/02/19,289055300,5781106,236160524,05,14,23,30,36,39
春節加碼活動,115000020,2026/02/19,289055300,5781106,236160524,05,14,23,30,36,46
春節加碼活動,115000020,2026/02/19,289055300,5781106,236160524,05,14,23,30,39,46
春節加碼活動,115000020,2026/02/19,289055300,5781106,236160524,05,14,23,36,39,46
春節加碼活動,115000020,2026/02/19,289055300,5781106,236160524,05,14,25,30,36,39
春節加碼活動,115000020,2026/02/19,289055300,5781106,236160524,05,14,25,30,36,46
春節加碼活動,115000020,2026/02/19,289055300,5781106,236160524,05,14,25,30,39,46
春節加碼活動,115000020,2026/02/19,289055300,5781106,236160524,05,14,25,36,39,46
春節加碼活動,115000020,2026/02/19,289055300,5781106,236160524,05,14,30,36,39,46
春節加碼活動,115000020,2026/02/19,289055300,5781106,236160524,05,23,25,30,36,39
春節加碼活動,115000020,2026/02/19,289055300,5781106,236160524,05,23,25,30,36,46
春節加碼活動,115000020,2026/02/19,289055300,5781106,236160524,05,23,25,30,39,46
春節加碼活動,115000020,2026/02/19,289055300,5781106,236160524,05,23,25,36,39,46
春節加碼活動,115000020,2026/02/19,289055300,5781106,236160524,05,23,30,36,39,46
春節加碼活動,115000020,2026/02/19,289055300,5781106,236160524,05,25,30,36,39,46
春節加碼活動,115000020,2026/02/19,289055300,5781106,236160524,12,13,14,23,25,30
春節加碼活動,115000020,2026/02/19,289055300,5781106,236160524,12,13,14,23,25,36
春節加碼活動,115000020,2026/02/19,289055300,5781106,236160524,12,13,14,23,25,39
春節加碼活動,115000020,2026/02/19,289055300,5781106,236160524,12,13,14,23,25,46
春節加碼活動,115000020,2026/02/19,289055300,5781106,236160524,12,13,14,23,30,36
春節加碼活動,115000020,2026/02/19,289055300,5781106,236160524,12,13,14,23,30,39
春節加碼活動,115000020,2026/02/19,289055300,5781106,236160524,12,13,14,23,30,46
春節加碼活動,115000020,2026/02/19,289055300,5781106,236160524,12,13,14,23,36,39
春節加碼活動,115000020,2026/02/19,289055300,5781106,236160524,12,13,14,23,36,46
春節加碼活動,115000020,2026/02/19,289055300,5781106,236160524,12,13,14,23,39,46
春節加碼活動,115000020,2026/02/19,289055300,5781106,236160524,12,13,14,25,30,36
春節加碼活動,115000020,2026/02/19,289055300,5781106,236160524,12,13,14,25,30,39
春節加碼活動,115000020,2026/02/19,289055300,5781106,236160524,12,13,14,25,30,46
春節加碼活動,115000020,2026/02/19,289055300,5781106,236160524,12,13,14,25,36,39
春節加碼活動,115000020,2026/02/19,289055300,5781106,236160524,12,13,14,25,36,46
春節加碼活動,115000020,2026/02/19,289055300,5781106,236160524,12,13,14,25,39,46
春節加碼活動,115000020,2026/02/19,289055300,5781106,236160524,12,13,14,30,36,39
春節加碼活動,115000020,2026/02/19,289055300,5781106,236160524,12,13,14,30,36,46
春節加碼活動,115000020,2026/02/19,289055300,5781106,236160524,12,13,14,30,39,46
春節加碼活動,115000020,2026/02/19,289055300,5781106,236160524,12,13,14,36,39,46
春節加碼活動,115000020,2026/02/19,289055300,5781106,236160524,12,13,23,25,30,36
春節加碼活動,115000020,2026/02/19,289055300,5781106,236160524,12,13,23,25,30,39
春節加碼活動,115000020,2026/02/19,289055300,5781106,236160524,12,13,23,25,30,46
春節加碼活動,115000020,2026/02/19,289055300,5781106,236160524,12,13,23,25,36,39
春節加碼活動,115000020,2026/02/19,289055300,5781106,236160524,12,13,23,25,36,46
春節加碼活動,115000020,2026/02/19,289055300,5781106,236160524,12,13,23,25,39,46
春節加碼活動,115000020,2026/02/19,289055300,5781106,236160524,12,13,23,30,36,39
春節加碼活動,115000020,2026/02/19,289055300,5781106,236160524,12,13,23,30,36,46
春節加碼活動,115000020,2026/02/19,289055300,5781106,236160524,12,13,23,30,39,46
春節加碼活動,115000020,2026/02/19,289055300,5781106,236160524,12,13,23,36,39,46
春節加碼活動,115000020,2026/02/19,289055300,5781106,236160524,12,13,25,30,36,39
春節加碼活動,115000020,2026/02/19,289055300,5781106,236160524,12,13,25,30,36,46
春節加碼活動,115000020,2026/02/19,289055300,5781106,236160524,12,13,25,30,39,46
春節加碼活動,115000020,2026/02/19,289055300,5781106,236160524,12,13,25,36,39,46
春節加碼活動,115000020,2026/02/19,289055300,5781106,236160524,12,13,30,36,39,46
春節加碼活動,115000020,2026/02/19,289055300,5781106,236160524,12,14,23,25,30,36
春節加碼活動,115000020,2026/02/19,289055300,5781106,236160524,12,14,23,25,30,39
春節加碼活動,115000020,2026/02/19,289055300,5781106,236160524,12,14,23,25,30,46
春節加碼活動,115000020,2026/02/19,289055300,5781106,236160524,12,14,23,25,36,39
春節加碼活動,115000020,2026/02/19,289055300,5781106,236160524,12,14,23,25,36,46
春節加碼活動,115000020,2026/02/19,289055300,5781106,236160524,12,14,23,25,39,46
春節加碼活動,115000020,2026/02/19,289055300,5781106,236160524,12,14,23,30,36,39
春節加碼活動,115000020,2026/02/19,289055300,5781106,236160524,12,14,23,30,36,46
春節加碼活動,115000020,2026/02/19,289055300,5781106,236160524,12,14,23,30,39,46
春節加碼活動,115000020,2026/02/19,289055300,5781106,236160524,12,14,23,36,39,46
春節加碼活動,115000020,2026/02/19,289055300,5781106,236160524,12,14,25,30,36,39
春節加碼活動,115000020,2026/02/19,289055300,5781106,236160524,12,14,25,30,36,46
春節加碼活動,115000020,2026/02/19,289055300,5781106,236160524,12,14,25,30,39,46
春節加碼活動,115000020,2026/02/19,289055300,5781106,236160524,12,14,25,36,39,46
春節加碼活動,115000020,2026/02/19,289055300,5781106,236160524,12,14,30,36,39,46
春節加碼活動,115000020,2026/02/19,289055300,5781106,236160524,12,23,25,30,36,39
春節加碼活動,115000020,2026/02/19,289055300,5781106,236160524,12,23,25,30,36,46
春節加碼活動,115000020,2026/02/19,289055300,5781106,236160524,12,23,25,30,39,46
春節加碼活動,115000020,2026/02/19,289055300,5781106,236160524,12,23,25,36,39,46
春節加碼活動,115000020,2026/02/19,289055300,5781106,236160524,12,23,30,36,39,46
春節加碼活動,115000020,2026/02/19,289055300,5781106,236160524,12,25,30,36,39,46
春節加碼活動,115000020,2026/02/19,289055300,5781106,236160524,13,14,23,25,30,36
春節加碼活動,115000020,2026/02/19,289055300,5781106,236160524,13,14,23,25,30,39
春節加碼活動,115000020,2026/02/19,289055300,5781106,236160524,13,14,23,25,30,46
春節加碼活動,115000020,2026/02/19,289055300,5781106,236160524,13,14,23,25,36,39
春節加碼活動,115000020,2026/02/19,289055300,5781106,236160524,13,14,23,25,36,46
春節加碼活動,115000020,2026/02/19,289055300,5781106,236160524,13,14,23,25,39,46
春節加碼活動,115000020,2026/02/19,289055300,5781106,236160524,13,14,23,30,36,39
春節加碼活動,115000020,2026/02/19,289055300,5781106,236160524,13,14,23,30,36,46
春節加碼活動,115000020,2026/02/19,289055300,5781106,236160524,13,14,23,30,39,46
春節加碼活動,115000020,2026/02/19,289055300,5781106,236160524,13,14,23,36,39,46
春節加碼活動,115000020,2026/02/19,289055300,5781106,236160524,13,14,25,30,36,39
春節加碼活動,115000020,2026/02/19,289055300,5781106,236160524,13,14,25,30,36,46
春節加碼活動,115000020,2026/02/19,289055300,5781106,236160524,13,14,25,30,39,46
春節加碼活動,115000020,2026/02/19,289055300,5781106,236160524,13,14,25,36,39,46
春節加碼活動,115000020,2026/02/19,289055300,5781106,236160524,13,14,30,36,39,46
春節加碼活動,115000020,2026/02/19,289055300,5781106,236160524,13,23,25,30,36,39
春節加碼活動,115000020,2026/02/19,289055300,5781106,236160524,13,23,25,30,36,46
春節加碼活動,115000020,2026/02/19,289055300,5781106,236160524,13,23,25,30,39,46
春節加碼活動,115000020,2026/02/19,289055300,5781106,236160524,13,23,25,36,39,46
春節加碼活動,115000020,2026/02/19,289055300,5781106,236160524,13,23,30,36,39,46
春節加碼活動,115000020,2026/02/19,289055300,5781106,236160524,13,25,30,36,39,46
春節加碼活動,115000020,2026/02/19,289055300,5781106,236160524,14,23,25,30,36,39
春節加碼活動,115000020,2026/02/19,289055300,5781106,236160524,14,23,25,30,36,46
春節加碼活動,115000020,2026/02/19,289055300,5781106,236160524,14,23,25,30,39,46
春節加碼活動,115000020,2026/02/19,289055300,5781106,236160524,14,23,25,36,39,46
春節加碼活動,115000020,2026/02/19,289055300,5781106,236160524,14,23,30,36,39,46
春節加碼活動,115000020,2026/02/19,289055300,5781106,236160524,14,25,30,36,39,46
春節加碼活動,115000020,2026/02/19,289055300,5781106,236160524,23,25,30,36,39,46
春節加碼活動,115000021,2026/02/20,300753050,6015061,309543205,01,03,08,12,18,21
春節加碼活動,115000021,2026/02/20,300753050,6015061,309543205,01,03,08,12,18,25
春節加碼活動,115000021,2026/02/20,300753050,6015061,309543205,01,03,08,12,18,27
春節加碼活動,115000021,2026/02/20,300753050,6015061,309543205,01,03,08,12,18,34
春節加碼活動,115000021,2026/02/20,300753050,6015061,309543205,01,03,08,12,18,35
春節加碼活動,115000021,2026/02/20,300753050,6015061,309543205,01,03,08,12,21,25
春節加碼活動,115000021,2026/02/20,300753050,6015061,309543205,01,03,08,12,21,27
春節加碼活動,115000021,2026/02/20,300753050,6015061,309543205,01,03,08,12,21,34
春節加碼活動,115000021,2026/02/20,300753050,6015061,309543205,01,03,08,12,21,35
春節加碼活動,115000021,2026/02/20,300753050,6015061,309543205,01,03,08,12,25,27
春節加碼活動,115000021,2026/02/20,300753050,6015061,309543205,01,03,08,12,25,34
春節加碼活動,115000021,2026/02/20,300753050,6015061,309543205,01,03,08,12,25,35
春節加碼活動,115000021,2026/02/20,300753050,6015061,309543205,01,03,08,12,27,34
春節加碼活動,115000021,2026/02/20,300753050,6015061,309543205,01,03,08,12,27,35
春節加碼活動,115000021,2026/02/20,300753050,6015061,309543205,01,03,08,12,34,35
春節加碼活動,115000021,2026/02/20,300753050,6015061,309543205,01,03,08,18,21,25
春節加碼活動,115000021,2026/02/20,300753050,6015061,309543205,01,03,08,18,21,27
春節加碼活動,115000021,2026/02/20,300753050,6015061,309543205,01,03,08,18,21,34
春節加碼活動,115000021,2026/02/20,300753050,6015061,309543205,01,03,08,18,21,35
春節加碼活動,115000021,2026/02/20,300753050,6015061,309543205,01,03,08,18,25,27
春節加碼活動,115000021,2026/02/20,300753050,6015061,309543205,01,03,08,18,25,34
春節加碼活動,115000021,2026/02/20,300753050,6015061,309543205,01,03,08,18,25,35
春節加碼活動,115000021,2026/02/20,300753050,6015061,309543205,01,03,08,18,27,34
春節加碼活動,115000021,2026/02/20,300753050,6015061,309543205,01,03,08,18,27,35
春節加碼活動,115000021,2026/02/20,300753050,6015061,309543205,01,03,08,18,34,35
春節加碼活動,115000021,2026/02/20,300753050,6015061,309543205,01,03,08,21,25,27
春節加碼活動,115000021,2026/02/20,300753050,6015061,309543205,01,03,08,21,25,34
春節加碼活動,115000021,2026/02/20,300753050,6015061,309543205,01,03,08,21,25,35
春節加碼活動,115000021,2026/02/20,300753050,6015061,309543205,01,03,08,21,27,34
春節加碼活動,115000021,2026/02/20,300753050,6015061,309543205,01,03,08,21,27,35
春節加碼活動,115000021,2026/02/20,300753050,6015061,309543205,01,03,08,21,34,35
春節加碼活動,115000021,2026/02/20,300753050,6015061,309543205,01,03,08,25,27,34
春節加碼活動,115000021,2026/02/20,300753050,6015061,309543205,01,03,08,25,27,35
春節加碼活動,115000021,2026/02/20,300753050,6015061,309543205,01,03,08,25,34,35
春節加碼活動,115000021,2026/02/20,300753050,6015061,309543205,01,03,08,27,34,35
春節加碼活動,115000021,2026/02/20,300753050,6015061,309543205,01,03,12,18,21,25
春節加碼活動,115000021,2026/02/20,300753050,6015061,309543205,01,03,12,18,21,27
春節加碼活動,115000021,2026/02/20,300753050,6015061,309543205,01,03,12,18,21,34
春節加碼活動,115000021,2026/02/20,300753050,6015061,309543205,01,03,12,18,21,35
春節加碼活動,115000021,2026/02/20,300753050,6015061,309543205,01,03,12,18,25,27
春節加碼活動,115000021,2026/02/20,300753050,6015061,309543205,01,03,12,18,25,34
春節加碼活動,115000021,2026/02/20,300753050,6015061,309543205,01,03,12,18,25,35
春節加碼活動,115000021,2026/02/20,300753050,6015061,309543205,01,03,12,18,27,34
春節加碼活動,115000021,2026/02/20,300753050,6015061,309543205,01,03,12,18,27,35
春節加碼活動,115000021,2026/02/20,300753050,6015061,309543205,01,03,12,18,34,35
春節加碼活動,115000021,2026/02/20,300753050,6015061,309543205,01,03,12,21,25,27
春節加碼活動,115000021,2026/02/20,300753050,6015061,309543205,01,03,12,21,25,34
春節加碼活動,115000021,2026/02/20,300753050,6015061,309543205,01,03,12,21,25,35
春節加碼活動,115000021,2026/02/20,300753050,6015061,309543205,01,03,12,21,27,34
春節加碼活動,115000021,2026/02/20,300753050,6015061,309543205,01,03,12,21,27,35
春節加碼活動,115000021,2026/02/20,300753050,6015061,309543205,01,03,12,21,34,35
春節加碼活動,115000021,2026/02/20,300753050,6015061,309543205,01,03,12,25,27,34
春節加碼活動,115000021,2026/02/20,300753050,6015061,309543205,01,03,12,25,27,35
春節加碼活動,115000021,2026/02/20,300753050,6015061,309543205,01,03,12,25,34,35
春節加碼活動,115000021,2026/02/20,300753050,6015061,309543205,01,03,12,27,34,35
春節加碼活動,115000021,2026/02/20,300753050,6015061,309543205,01,03,18,21,25,27
春節加碼活動,115000021,2026/02/20,300753050,6015061,309543205,01,03,18,21,25,34
春節加碼活動,115000021,2026/02/20,300753050,6015061,309543205,01,03,18,21,25,35
春節加碼活動,115000021,2026/02/20,300753050,6015061,309543205,01,03,18,21,27,34
春節加碼活動,115000021,2026/02/20,300753050,6015061,309543205,01,03,18,21,27,35
春節加碼活動,115000021,2026/02/20,300753050,6015061,309543205,01,03,18,21,34,35
春節加碼活動,115000021,2026/02/20,300753050,6015061,309543205,01,03,18,25,27,34
春節加碼活動,115000021,2026/02/20,300753050,6015061,309543205,01,03,18,25,27,35
春節加碼活動,115000021,2026/02/20,300753050,6015061,309543205,01,03,18,25,34,35
春節加碼活動,115000021,2026/02/20,300753050,6015061,309543205,01,03,18,27,34,35
春節加碼活動,115000021,2026/02/20,300753050,6015061,309543205,01,03,21,25,27,34
春節加碼活動,115000021,2026/02/20,300753050,6015061,309543205,01,03,21,25,27,35
春節加碼活動,115000021,2026/02/20,300753050,6015061,309543205,01,03,21,25,34,35
春節加碼活動,115000021,2026/02/20,300753050,6015061,309543205,01,03,21,27,34,35
春節加碼活動,115000021,2026/02/20,300753050,6015061,309543205,01,03,25,27,34,35
春節加碼活動,115000021,2026/02/20,300753050,6015061,309543205,01,08,12,18,21,25
春節加碼活動,115000021,2026/02/20,300753050,6015061,309543205,01,08,12,18,21,27
春節加碼活動,115000021,2026/02/20,300753050,6015061,309543205,01,08,12,18,21,34
春節加碼活動,115000021,2026/02/20,300753050,6015061,309543205,01,08,12,18,21,35
春節加碼活動,115000021,2026/02/20,300753050,6015061,309543205,01,08,12,18,25,27
春節加碼活動,115000021,2026/02/20,300753050,6015061,309543205,01,08,12,18,25,34
春節加碼活動,115000021,2026/02/20,300753050,6015061,309543205,01,08,12,18,25,35
春節加碼活動,115000021,2026/02/20,300753050,6015061,309543205,01,08,12,18,27,34
春節加碼活動,115000021,2026/02/20,300753050,6015061,309543205,01,08,12,18,27,35
春節加碼活動,115000021,2026/02/20,300753050,6015061,309543205,01,08,12,18,34,35
春節加碼活動,115000021,2026/02/20,300753050,6015061,309543205,01,08,12,21,25,27
春節加碼活動,115000021,2026/02/20,300753050,6015061,309543205,01,08,12,21,25,34
春節加碼活動,115000021,2026/02/20,300753050,6015061,309543205,01,08,12,21,25,35
春節加碼活動,115000021,2026/02/20,300753050,6015061,309543205,01,08,12,21,27,34
春節加碼活動,115000021,2026/02/20,300753050,6015061,309543205,01,08,12,21,27,35
春節加碼活動,115000021,2026/02/20,300753050,6015061,309543205,01,08,12,21,34,35
春節加碼活動,115000021,2026/02/20,300753050,6015061,309543205,01,08,12,25,27,34
春節加碼活動,115000021,2026/02/20,300753050,6015061,309543205,01,08,12,25,27,35
春節加碼活動,115000021,2026/02/20,300753050,6015061,309543205,01,08,12,25,34,35
春節加碼活動,115000021,2026/02/20,300753050,6015061,309543205,01,08,12,27,34,35
春節加碼活動,115000021,2026/02/20,300753050,6015061,309543205,01,08,18,21,25,27
春節加碼活動,115000021,2026/02/20,300753050,6015061,309543205,01,08,18,21,25,34
春節加碼活動,115000021,2026/02/20,300753050,6015061,309543205,01,08,18,21,25,35
春節加碼活動,115000021,2026/02/20,300753050,6015061,309543205,01,08,18,21,27,34
春節加碼活動,115000021,2026/02/20,300753050,6015061,309543205,01,08,18,21,27,35
春節加碼活動,115000021,2026/02/20,300753050,6015061,309543205,01,08,18,21,34,35
春節加碼活動,115000021,2026/02/20,300753050,6015061,309543205,01,08,18,25,27,34
春節加碼活動,115000021,2026/02/20,300753050,6015061,309543205,01,08,18,25,27,35
春節加碼活動,115000021,2026/02/20,300753050,6015061,309543205,01,08,18,25,34,35
春節加碼活動,115000021,2026/02/20,300753050,6015061,309543205,01,08,18,27,34,35
春節加碼活動,115000021,2026/02/20,300753050,6015061,309543205,01,08,21,25,27,34
春節加碼活動,115000021,2026/02/20,300753050,6015061,309543205,01,08,21,25,27,35
春節加碼活動,115000021,2026/02/20,300753050,6015061,309543205,01,08,21,25,34,35
春節加碼活動,115000021,2026/02/20,300753050,6015061,309543205,01,08,21,27,34,35
春節加碼活動,115000021,2026/02/20,300753050,6015061,309543205,01,08,25,27,34,35
春節加碼活動,115000021,2026/02/20,300753050,6015061,309543205,01,12,18,21,25,27
春節加碼活動,115000021,2026/02/20,300753050,6015061,309543205,01,12,18,21,25,34
春節加碼活動,115000021,2026/02/20,300753050,6015061,309543205,01,12,18,21,25,35
春節加碼活動,115000021,2026/02/20,300753050,6015061,309543205,01,12,18,21,27,34
春節加碼活動,115000021,2026/02/20,300753050,6015061,309543205,01,12,18,21,27,35
春節加碼活動,115000021,2026/02/20,300753050,6015061,309543205,01,12,18,21,34,35
春節加碼活動,115000021,2026/02/20,300753050,6015061,309543205,01,12,18,25,27,34
春節加碼活動,115000021,2026/02/20,300753050,6015061,309543205,01,12,18,25,27,35
春節加碼活動,115000021,2026/02/20,300753050,6015061,309543205,01,12,18,25,34,35
春節加碼活動,115000021,2026/02/20,300753050,6015061,309543205,01,12,18,27,34,35
春節加碼活動,115000021,2026/02/20,300753050,6015061,309543205,01,12,21,25,27,34
春節加碼活動,115000021,2026/02/20,300753050,6015061,309543205,01,12,21,25,27,35
春節加碼活動,115000021,2026/02/20,300753050,6015061,309543205,01,12,21,25,34,35
春節加碼活動,115000021,2026/02/20,300753050,6015061,309543205,01,12,21,27,34,35
春節加碼活動,115000021,2026/02/20,300753050,6015061,309543205,01,12,25,27,34,35
春節加碼活動,115000021,2026/02/20,300753050,6015061,309543205,01,18,21,25,27,34
春節加碼活動,115000021,2026/02/20,300753050,6015061,309543205,01,18,21,25,27,35
春節加碼活動,115000021,2026/02/20,300753050,6015061,309543205,01,18,21,25,34,35
春節加碼活動,115000021,2026/02/20,300753050,6015061,309543205,01,18,21,27,34,35
春節加碼活動,115000021,2026/02/20,300753050,6015061,309543205,01,18,25,27,34,35
春節加碼活動,115000021,2026/02/20,300753050,6015061,309543205,01,21,25,27,34,35
春節加碼活動,115000021,2026/02/20,300753050,6015061,309543205,03,08,12,18,21,25
春節加碼活動,115000021,2026/02/20,300753050,6015061,309543205,03,08,12,18,21,27
春節加碼活動,115000021,2026/02/20,300753050,6015061,309543205,03,08,12,18,21,34
春節加碼活動,115000021,2026/02/20,300753050,6015061,309543205,03,08,12,18,21,35
春節加碼活動,115000021,2026/02/20,300753050,6015061,309543205,03,08,12,18,25,27
春節加碼活動,115000021,2026/02/20,300753050,6015061,309543205,03,08,12,18,25,34
春節加碼活動,115000021,2026/02/20,300753050,6015061,309543205,03,08,12,18,25,35
春節加碼活動,115000021,2026/02/20,300753050,6015061,309543205,03,08,12,18,27,34
春節加碼活動,115000021,2026/02/20,300753050,6015061,309543205,03,08,12,18,27,35
春節加碼活動,115000021,2026/02/20,300753050,6015061,309543205,03,08,12,18,34,35
春節加碼活動,115000021,2026/02/20,300753050,6015061,309543205,03,08,12,21,25,27
春節加碼活動,115000021,2026/02/20,300753050,6015061,309543205,03,08,12,21,25,34
春節加碼活動,115000021,2026/02/20,300753050,6015061,309543205,03,08,12,21,25,35
春節加碼活動,115000021,2026/02/20,300753050,6015061,309543205,03,08,12,21,27,34
春節加碼活動,115000021,2026/02/20,300753050,6015061,309543205,03,08,12,21,27,35
春節加碼活動,115000021,2026/02/20,300753050,6015061,309543205,03,08,12,21,34,35
春節加碼活動,115000021,2026/02/20,300753050,6015061,309543205,03,08,12,25,27,34
春節加碼活動,115000021,2026/02/20,300753050,6015061,309543205,03,08,12,25,27,35
春節加碼活動,115000021,2026/02/20,300753050,6015061,309543205,03,08,12,25,34,35
春節加碼活動,115000021,2026/02/20,300753050,6015061,309543205,03,08,12,27,34,35
春節加碼活動,115000021,2026/02/20,300753050,6015061,309543205,03,08,18,21,25,27
春節加碼活動,115000021,2026/02/20,300753050,6015061,309543205,03,08,18,21,25,34
春節加碼活動,115000021,2026/02/20,300753050,6015061,309543205,03,08,18,21,25,35
春節加碼活動,115000021,2026/02/20,300753050,6015061,309543205,03,08,18,21,27,34
春節加碼活動,115000021,2026/02/20,300753050,6015061,309543205,03,08,18,21,27,35
春節加碼活動,115000021,2026/02/20,300753050,6015061,309543205,03,08,18,21,34,35
春節加碼活動,115000021,2026/02/20,300753050,6015061,309543205,03,08,18,25,27,34
春節加碼活動,115000021,2026/02/20,300753050,6015061,309543205,03,08,18,25,27,35
春節加碼活動,115000021,2026/02/20,300753050,6015061,309543205,03,08,18,25,34,35
春節加碼活動,115000021,2026/02/20,300753050,6015061,309543205,03,08,18,27,34,35
春節加碼活動,115000021,2026/02/20,300753050,6015061,309543205,03,08,21,25,27,34
春節加碼活動,115000021,2026/02/20,300753050,6015061,309543205,03,08,21,25,27,35
春節加碼活動,115000021,2026/02/20,300753050,6015061,309543205,03,08,21,25,34,35
春節加碼活動,115000021,2026/02/20,300753050,6015061,309543205,03,08,21,27,34,35
春節加碼活動,115000021,2026/02/20,300753050,6015061,309543205,03,08,25,27,34,35
春節加碼活動,115000021,2026/02/20,300753050,6015061,309543205,03,12,18,21,25,27
春節加碼活動,115000021,2026/02/20,300753050,6015061,309543205,03,12,18,21,25,34
春節加碼活動,115000021,2026/02/20,300753050,6015061,309543205,03,12,18,21,25,35
春節加碼活動,115000021,2026/02/20,300753050,6015061,309543205,03,12,18,21,27,34
春節加碼活動,115000021,2026/02/20,300753050,6015061,309543205,03,12,18,21,27,35
春節加碼活動,115000021,2026/02/20,300753050,6015061,309543205,03,12,18,21,34,35
春節加碼活動,115000021,2026/02/20,300753050,6015061,309543205,03,12,18,25,27,34
春節加碼活動,115000021,2026/02/20,300753050,6015061,309543205,03,12,18,25,27,35
春節加碼活動,115000021,2026/02/20,300753050,6015061,309543205,03,12,18,25,34,35
春節加碼活動,115000021,2026/02/20,300753050,6015061,309543205,03,12,18,27,34,35
春節加碼活動,115000021,2026/02/20,300753050,6015061,309543205,03,12,21,25,27,34
春節加碼活動,115000021,2026/02/20,300753050,6015061,309543205,03,12,21,25,27,35
春節加碼活動,115000021,2026/02/20,300753050,6015061,309543205,03,12,21,25,34,35
春節加碼活動,115000021,2026/02/20,300753050,6015061,309543205,03,12,21,27,34,35
春節加碼活動,115000021,2026/02/20,300753050,6015061,309543205,03,12,25,27,34,35
春節加碼活動,115000021,2026/02/20,300753050,6015061,309543205,03,18,21,25,27,34
春節加碼活動,115000021,2026/02/20,300753050,6015061,309543205,03,18,21,25,27,35
春節加碼活動,115000021,2026/02/20,300753050,6015061,309543205,03,18,21,25,34,35
春節加碼活動,115000021,2026/02/20,300753050,6015061,309543205,03,18,21,27,34,35
春節加碼活動,115000021,2026/02/20,300753050,6015061,309543205,03,18,25,27,34,35
春節加碼活動,115000021,2026/02/20,300753050,6015061,309543205,03,21,25,27,34,35
春節加碼活動,115000021,2026/02/20,300753050,6015061,309543205,08,12,18,21,25,27
春節加碼活動,115000021,2026/02/20,300753050,6015061,309543205,08,12,18,21,25,34
春節加碼活動,115000021,2026/02/20,300753050,6015061,309543205,08,12,18,21,25,35
春節加碼活動,115000021,2026/02/20,300753050,6015061,309543205,08,12,18,21,27,34
春節加碼活動,115000021,2026/02/20,300753050,6015061,309543205,08,12,18,21,27,35
春節加碼活動,115000021,2026/02/20,300753050,6015061,309543205,08,12,18,21,34,35
春節加碼活動,115000021,2026/02/20,300753050,6015061,309543205,08,12,18,25,27,34
春節加碼活動,115000021,2026/02/20,300753050,6015061,309543205,08,12,18,25,27,35
春節加碼活動,115000021,2026/02/20,300753050,6015061,309543205,08,12,18,25,34,35
春節加碼活動,115000021,2026/02/20,300753050,6015061,309543205,08,12,18,27,34,35
春節加碼活動,115000021,2026/02/20,300753050,6015061,309543205,08,12,21,25,27,34
春節加碼活動,115000021,2026/02/20,300753050,6015061,309543205,08,12,21,25,27,35
春節加碼活動,115000021,2026/02/20,300753050,6015061,309543205,08,12,21,25,34,35
春節加碼活動,115000021,2026/02/20,300753050,6015061,309543205,08,12,21,27,34,35
春節加碼活動,115000021,2026/02/20,300753050,6015061,309543205,08,12,25,27,34,35
春節加碼活動,115000021,2026/02/20,300753050,6015061,309543205,08,18,21,25,27,34
春節加碼活動,115000021,2026/02/20,300753050,6015061,309543205,08,18,21,25,27,35
春節加碼活動,115000021,2026/02/20,300753050,6015061,309543205,08,18,21,25,34,35
春節加碼活動,115000021,2026/02/20,300753050,6015061,309543205,08,18,21,27,34,35
春節加碼活動,115000021,2026/02/20,300753050,6015061,309543205,08,18,25,27,34,35
春節加碼活動,115000021,2026/02/20,300753050,6015061,309543205,08,21,25,27,34,35
春節加碼活動,115000021,2026/02/20,300753050,6015061,309543205,12,18,21,25,27,34
春節加碼活動,115000021,2026/02/20,300753050,6015061,309543205,12,18,21,25,27,35
春節加碼活動,115000021,2026/02/20,300753050,6015061,309543205,12,18,21,25,34,35
春節加碼活動,115000021,2026/02/20,300753050,6015061,309543205,12,18,21,27,34,35
春節加碼活動,115000021,2026/02/20,300753050,6015061,309543205,12,18,25,27,34,35
春節加碼活動,115000021,2026/02/20,300753050,6015061,309543205,12,21,25,27,34,35
春節加碼活動,115000021,2026/02/20,300753050,6015061,309543205,18,21,25,27,34,35
春節加碼活動,115000022,2026/02/21,269517450,5390349,186579803,06,09,13,14,18,20
春節加碼活動,115000022,2026/02/21,269517450,5390349,186579803,06,09,13,14,18,23
春節加碼活動,115000022,2026/02/21,269517450,5390349,186579803,06,09,13,14,18,38
春節加碼活動,115000022,2026/02/21,269517450,5390349,186579803,06,09,13,14,18,39
春節加碼活動,115000022,2026/02/21,269517450,5390349,186579803,06,09,13,14,18,49
春節加碼活動,115000022,2026/02/21,269517450,5390349,186579803,06,09,13,14,20,23
春節加碼活動,115000022,2026/02/21,269517450,5390349,186579803,06,09,13,14,20,38
春節加碼活動,115000022,2026/02/21,269517450,5390349,186579803,06,09,13,14,20,39
春節加碼活動,115000022,2026/02/21,269517450,5390349,186579803,06,09,13,14,20,49
春節加碼活動,115000022,2026/02/21,269517450,5390349,186579803,06,09,13,14,23,38
春節加碼活動,115000022,2026/02/21,269517450,5390349,186579803,06,09,13,14,23,39
春節加碼活動,115000022,2026/02/21,269517450,5390349,186579803,06,09,13,14,23,49
春節加碼活動,115000022,2026/02/21,269517450,5390349,186579803,06,09,13,14,38,39
春節加碼活動,115000022,2026/02/21,269517450,5390349,186579803,06,09,13,14,38,49
春節加碼活動,115000022,2026/02/21,269517450,5390349,186579803,06,09,13,14,39,49
春節加碼活動,115000022,2026/02/21,269517450,5390349,186579803,06,09,13,18,20,23
春節加碼活動,115000022,2026/02/21,269517450,5390349,186579803,06,09,13,18,20,38
春節加碼活動,115000022,2026/02/21,269517450,5390349,186579803,06,09,13,18,20,39
春節加碼活動,115000022,2026/02/21,269517450,5390349,186579803,06,09,13,18,20,49
春節加碼活動,115000022,2026/02/21,269517450,5390349,186579803,06,09,13,18,23,38
春節加碼活動,115000022,2026/02/21,269517450,5390349,186579803,06,09,13,18,23,39
春節加碼活動,115000022,2026/02/21,269517450,5390349,186579803,06,09,13,18,23,49
春節加碼活動,115000022,2026/02/21,269517450,5390349,186579803,06,09,13,18,38,39
春節加碼活動,115000022,2026/02/21,269517450,5390349,186579803,06,09,13,18,38,49
春節加碼活動,115000022,2026/02/21,269517450,5390349,186579803,06,09,13,18,39,49
春節加碼活動,115000022,2026/02/21,269517450,5390349,186579803,06,09,13,20,23,38
春節加碼活動,115000022,2026/02/21,269517450,5390349,186579803,06,09,13,20,23,39
春節加碼活動,115000022,2026/02/21,269517450,5390349,186579803,06,09,13,20,23,49
春節加碼活動,115000022,2026/02/21,269517450,5390349,186579803,06,09,13,20,38,39
春節加碼活動,115000022,2026/02/21,269517450,5390349,186579803,06,09,13,20,38,49
春節加碼活動,115000022,2026/02/21,269517450,5390349,186579803,06,09,13,20,39,49
春節加碼活動,115000022,2026/02/21,269517450,5390349,186579803,06,09,13,23,38,39
春節加碼活動,115000022,2026/02/21,269517450,5390349,186579803,06,09,13,23,38,49
春節加碼活動,115000022,2026/02/21,269517450,5390349,186579803,06,09,13,23,39,49
春節加碼活動,115000022,2026/02/21,269517450,5390349,186579803,06,09,13,38,39,49
春節加碼活動,115000022,2026/02/21,269517450,5390349,186579803,06,09,14,18,20,23
春節加碼活動,115000022,2026/02/21,269517450,5390349,186579803,06,09,14,18,20,38
春節加碼活動,115000022,2026/02/21,269517450,5390349,186579803,06,09,14,18,20,39
春節加碼活動,115000022,2026/02/21,269517450,5390349,186579803,06,09,14,18,20,49
春節加碼活動,115000022,2026/02/21,269517450,5390349,186579803,06,09,14,18,23,38
春節加碼活動,115000022,2026/02/21,269517450,5390349,186579803,06,09,14,18,23,39
春節加碼活動,115000022,2026/02/21,269517450,5390349,186579803,06,09,14,18,23,49
春節加碼活動,115000022,2026/02/21,269517450,5390349,186579803,06,09,14,18,38,39
春節加碼活動,115000022,2026/02/21,269517450,5390349,186579803,06,09,14,18,38,49
春節加碼活動,115000022,2026/02/21,269517450,5390349,186579803,06,09,14,18,39,49
春節加碼活動,115000022,2026/02/21,269517450,5390349,186579803,06,09,14,20,23,38
春節加碼活動,115000022,2026/02/21,269517450,5390349,186579803,06,09,14,20,23,39
春節加碼活動,115000022,2026/02/21,269517450,5390349,186579803,06,09,14,20,23,49
春節加碼活動,115000022,2026/02/21,269517450,5390349,186579803,06,09,14,20,38,39
春節加碼活動,115000022,2026/02/21,269517450,5390349,186579803,06,09,14,20,38,49
春節加碼活動,115000022,2026/02/21,269517450,5390349,186579803,06,09,14,20,39,49
春節加碼活動,115000022,2026/02/21,269517450,5390349,186579803,06,09,14,23,38,39
春節加碼活動,115000022,2026/02/21,269517450,5390349,186579803,06,09,14,23,38,49
春節加碼活動,115000022,2026/02/21,269517450,5390349,186579803,06,09,14,23,39,49
春節加碼活動,115000022,2026/02/21,269517450,5390349,186579803,06,09,14,38,39,49
春節加碼活動,115000022,2026/02/21,269517450,5390349,186579803,06,09,18,20,23,38
春節加碼活動,115000022,2026/02/21,269517450,5390349,186579803,06,09,18,20,23,39
春節加碼活動,115000022,2026/02/21,269517450,5390349,186579803,06,09,18,20,23,49
春節加碼活動,115000022,2026/02/21,269517450,5390349,186579803,06,09,18,20,38,39
春節加碼活動,115000022,2026/02/21,269517450,5390349,186579803,06,09,18,20,38,49
春節加碼活動,115000022,2026/02/21,269517450,5390349,186579803,06,09,18,20,39,49
春節加碼活動,115000022,2026/02/21,269517450,5390349,186579803,06,09,18,23,38,39
春節加碼活動,115000022,2026/02/21,269517450,5390349,186579803,06,09,18,23,38,49
春節加碼活動,115000022,2026/02/21,269517450,5390349,186579803,06,09,18,23,39,49
春節加碼活動,115000022,2026/02/21,269517450,5390349,186579803,06,09,18,38,39,49
春節加碼活動,115000022,2026/02/21,269517450,5390349,186579803,06,09,20,23,38,39
春節加碼活動,115000022,2026/02/21,269517450,5390349,186579803,06,09,20,23,38,49
春節加碼活動,115000022,2026/02/21,269517450,5390349,186579803,06,09,20,23,39,49
春節加碼活動,115000022,2026/02/21,269517450,5390349,186579803,06,09,20,38,39,49
春節加碼活動,115000022,2026/02/21,269517450,5390349,186579803,06,09,23,38,39,49
春節加碼活動,115000022,2026/02/21,269517450,5390349,186579803,06,13,14,18,20,23
春節加碼活動,115000022,2026/02/21,269517450,5390349,186579803,06,13,14,18,20,38
春節加碼活動,115000022,2026/02/21,269517450,5390349,186579803,06,13,14,18,20,39
春節加碼活動,115000022,2026/02/21,269517450,5390349,186579803,06,13,14,18,20,49
春節加碼活動,115000022,2026/02/21,269517450,5390349,186579803,06,13,14,18,23,38
春節加碼活動,115000022,2026/02/21,269517450,5390349,186579803,06,13,14,18,23,39
春節加碼活動,115000022,2026/02/21,269517450,5390349,186579803,06,13,14,18,23,49
春節加碼活動,115000022,2026/02/21,269517450,5390349,186579803,06,13,14,18,38,39
春節加碼活動,115000022,2026/02/21,269517450,5390349,186579803,06,13,14,18,38,49
春節加碼活動,115000022,2026/02/21,269517450,5390349,186579803,06,13,14,18,39,49
春節加碼活動,115000022,2026/02/21,269517450,5390349,186579803,06,13,14,20,23,38
春節加碼活動,115000022,2026/02/21,269517450,5390349,186579803,06,13,14,20,23,39
春節加碼活動,115000022,2026/02/21,269517450,5390349,186579803,06,13,14,20,23,49
春節加碼活動,115000022,2026/02/21,269517450,5390349,186579803,06,13,14,20,38,39
春節加碼活動,115000022,2026/02/21,269517450,5390349,186579803,06,13,14,20,38,49
春節加碼活動,115000022,2026/02/21,269517450,5390349,186579803,06,13,14,20,39,49
春節加碼活動,115000022,2026/02/21,269517450,5390349,186579803,06,13,14,23,38,39
春節加碼活動,115000022,2026/02/21,269517450,5390349,186579803,06,13,14,23,38,49
春節加碼活動,115000022,2026/02/21,269517450,5390349,186579803,06,13,14,23,39,49
春節加碼活動,115000022,2026/02/21,269517450,5390349,186579803,06,13,14,38,39,49
春節加碼活動,115000022,2026/02/21,269517450,5390349,186579803,06,13,18,20,23,38
春節加碼活動,115000022,2026/02/21,269517450,5390349,186579803,06,13,18,20,23,39
春節加碼活動,115000022,2026/02/21,269517450,5390349,186579803,06,13,18,20,23,49
春節加碼活動,115000022,2026/02/21,269517450,5390349,186579803,06,13,18,20,38,39
春節加碼活動,115000022,2026/02/21,269517450,5390349,186579803,06,13,18,20,38,49
春節加碼活動,115000022,2026/02/21,269517450,5390349,186579803,06,13,18,20,39,49
春節加碼活動,115000022,2026/02/21,269517450,5390349,186579803,06,13,18,23,38,39
春節加碼活動,115000022,2026/02/21,269517450,5390349,186579803,06,13,18,23,38,49
春節加碼活動,115000022,2026/02/21,269517450,5390349,186579803,06,13,18,23,39,49
春節加碼活動,115000022,2026/02/21,269517450,5390349,186579803,06,13,18,38,39,49
春節加碼活動,115000022,2026/02/21,269517450,5390349,186579803,06,13,20,23,38,39
春節加碼活動,115000022,2026/02/21,269517450,5390349,186579803,06,13,20,23,38,49
春節加碼活動,115000022,2026/02/21,269517450,5390349,186579803,06,13,20,23,39,49
春節加碼活動,115000022,2026/02/21,269517450,5390349,186579803,06,13,20,38,39,49
春節加碼活動,115000022,2026/02/21,269517450,5390349,186579803,06,13,23,38,39,49
春節加碼活動,115000022,2026/02/21,269517450,5390349,186579803,06,14,18,20,23,38
春節加碼活動,115000022,2026/02/21,269517450,5390349,186579803,06,14,18,20,23,39
春節加碼活動,115000022,2026/02/21,269517450,5390349,186579803,06,14,18,20,23,49
春節加碼活動,115000022,2026/02/21,269517450,5390349,186579803,06,14,18,20,38,39
春節加碼活動,115000022,2026/02/21,269517450,5390349,186579803,06,14,18,20,38,49
春節加碼活動,115000022,2026/02/21,269517450,5390349,186579803,06,14,18,20,39,49
春節加碼活動,115000022,2026/02/21,269517450,5390349,186579803,06,14,18,23,38,39
春節加碼活動,115000022,2026/02/21,269517450,5390349,186579803,06,14,18,23,38,49
春節加碼活動,115000022,2026/02/21,269517450,5390349,186579803,06,14,18,23,39,49
春節加碼活動,115000022,2026/02/21,269517450,5390349,186579803,06,14,18,38,39,49
春節加碼活動,115000022,2026/02/21,269517450,5390349,186579803,06,14,20,23,38,39
春節加碼活動,115000022,2026/02/21,269517450,5390349,186579803,06,14,20,23,38,49
春節加碼活動,115000022,2026/02/21,269517450,5390349,186579803,06,14,20,23,39,49
春節加碼活動,115000022,2026/02/21,269517450,5390349,186579803,06,14,20,38,39,49
春節加碼活動,115000022,2026/02/21,269517450,5390349,186579803,06,14,23,38,39,49
春節加碼活動,115000022,2026/02/21,269517450,5390349,186579803,06,18,20,23,38,39
春節加碼活動,115000022,2026/02/21,269517450,5390349,186579803,06,18,20,23,38,49
春節加碼活動,115000022,2026/02/21,269517450,5390349,186579803,06,18,20,23,39,49
春節加碼活動,115000022,2026/02/21,269517450,5390349,186579803,06,18,20,38,39,49
春節加碼活動,115000022,2026/02/21,269517450,5390349,186579803,06,18,23,38,39,49
春節加碼活動,115000022,2026/02/21,269517450,5390349,186579803,06,20,23,38,39,49
春節加碼活動,115000022,2026/02/21,269517450,5390349,186579803,09,13,14,18,20,23
春節加碼活動,115000022,2026/02/21,269517450,5390349,186579803,09,13,14,18,20,38
春節加碼活動,115000022,2026/02/21,269517450,5390349,186579803,09,13,14,18,20,39
春節加碼活動,115000022,2026/02/21,269517450,5390349,186579803,09,13,14,18,20,49
春節加碼活動,115000022,2026/02/21,269517450,5390349,186579803,09,13,14,18,23,38
春節加碼活動,115000022,2026/02/21,269517450,5390349,186579803,09,13,14,18,23,39
春節加碼活動,115000022,2026/02/21,269517450,5390349,186579803,09,13,14,18,23,49
春節加碼活動,115000022,2026/02/21,269517450,5390349,186579803,09,13,14,18,38,39
春節加碼活動,115000022,2026/02/21,269517450,5390349,186579803,09,13,14,18,38,49
春節加碼活動,115000022,2026/02/21,269517450,5390349,186579803,09,13,14,18,39,49
春節加碼活動,115000022,2026/02/21,269517450,5390349,186579803,09,13,14,20,23,38
春節加碼活動,115000022,2026/02/21,269517450,5390349,186579803,09,13,14,20,23,39
春節加碼活動,115000022,2026/02/21,269517450,5390349,186579803,09,13,14,20,23,49
春節加碼活動,115000022,2026/02/21,269517450,5390349,186579803,09,13,14,20,38,39
春節加碼活動,115000022,2026/02/21,269517450,5390349,186579803,09,13,14,20,38,49
春節加碼活動,115000022,2026/02/21,269517450,5390349,186579803,09,13,14,20,39,49
春節加碼活動,115000022,2026/02/21,269517450,5390349,186579803,09,13,14,23,38,39
春節加碼活動,115000022,2026/02/21,269517450,5390349,186579803,09,13,14,23,38,49
春節加碼活動,115000022,2026/02/21,269517450,5390349,186579803,09,13,14,23,39,49
春節加碼活動,115000022,2026/02/21,269517450,5390349,186579803,09,13,14,38,39,49
春節加碼活動,115000022,2026/02/21,269517450,5390349,186579803,09,13,18,20,23,38
春節加碼活動,115000022,2026/02/21,269517450,5390349,186579803,09,13,18,20,23,39
春節加碼活動,115000022,2026/02/21,269517450,5390349,186579803,09,13,18,20,23,49
春節加碼活動,115000022,2026/02/21,269517450,5390349,186579803,09,13,18,20,38,39
春節加碼活動,115000022,2026/02/21,269517450,5390349,186579803,09,13,18,20,38,49
春節加碼活動,115000022,2026/02/21,269517450,5390349,186579803,09,13,18,20,39,49
春節加碼活動,115000022,2026/02/21,269517450,5390349,186579803,09,13,18,23,38,39
春節加碼活動,115000022,2026/02/21,269517450,5390349,186579803,09,13,18,23,38,49
春節加碼活動,115000022,2026/02/21,269517450,5390349,186579803,09,13,18,23,39,49
春節加碼活動,115000022,2026/02/21,269517450,5390349,186579803,09,13,18,38,39,49
春節加碼活動,115000022,2026/02/21,269517450,5390349,186579803,09,13,20,23,38,39
春節加碼活動,115000022,2026/02/21,269517450,5390349,186579803,09,13,20,23,38,49
春節加碼活動,115000022,2026/02/21,269517450,5390349,186579803,09,13,20,23,39,49
春節加碼活動,115000022,2026/02/21,269517450,5390349,186579803,09,13,20,38,39,49
春節加碼活動,115000022,2026/02/21,269517450,5390349,186579803,09,13,23,38,39,49
春節加碼活動,115000022,2026/02/21,269517450,5390349,186579803,09,14,18,20,23,38
春節加碼活動,115000022,2026/02/21,269517450,5390349,186579803,09,14,18,20,23,39
春節加碼活動,115000022,2026/02/21,269517450,5390349,186579803,09,14,18,20,23,49
春節加碼活動,115000022,2026/02/21,269517450,5390349,186579803,09,14,18,20,38,39
春節加碼活動,115000022,2026/02/21,269517450,5390349,186579803,09,14,18,20,38,49
春節加碼活動,115000022,2026/02/21,269517450,5390349,186579803,09,14,18,20,39,49
春節加碼活動,115000022,2026/02/21,269517450,5390349,186579803,09,14,18,23,38,39
春節加碼活動,115000022,2026/02/21,269517450,5390349,186579803,09,14,18,23,38,49
春節加碼活動,115000022,2026/02/21,269517450,5390349,186579803,09,14,18,23,39,49
春節加碼活動,115000022,2026/02/21,269517450,5390349,186579803,09,14,18,38,39,49
春節加碼活動,115000022,2026/02/21,269517450,5390349,186579803,09,14,20,23,38,39
春節加碼活動,115000022,2026/02/21,269517450,5390349,186579803,09,14,20,23,38,49
春節加碼活動,115000022,2026/02/21,269517450,5390349,186579803,09,14,20,23,39,49
春節加碼活動,115000022,2026/02/21,269517450,5390349,186579803,09,14,20,38,39,49
春節加碼活動,115000022,2026/02/21,269517450,5390349,186579803,09,14,23,38,39,49
春節加碼活動,115000022,2026/02/21,269517450,5390349,186579803,09,18,20,23,38,39
春節加碼活動,115000022,2026/02/21,269517450,5390349,186579803,09,18,20,23,38,49
春節加碼活動,115000022,2026/02/21,269517450,5390349,186579803,09,18,20,23,39,49
春節加碼活動,115000022,2026/02/21,269517450,5390349,186579803,09,18,20,38,39,49
春節加碼活動,115000022,2026/02/21,269517450,5390349,186579803,09,18,23,38,39,49
春節加碼活動,115000022,2026/02/21,269517450,5390349,186579803,09,20,23,38,39,49
春節加碼活動,115000022,2026/02/21,269517450,5390349,186579803,13,14,18,20,23,38
春節加碼活動,115000022,2026/02/21,269517450,5390349,186579803,13,14,18,20,23,39
春節加碼活動,115000022,2026/02/21,269517450,5390349,186579803,13,14,18,20,23,49
春節加碼活動,115000022,2026/02/21,269517450,5390349,186579803,13,14,18,20,38,39
春節加碼活動,115000022,2026/02/21,269517450,5390349,186579803,13,14,18,20,38,49
春節加碼活動,115000022,2026/02/21,269517450,5390349,186579803,13,14,18,20,39,49
春節加碼活動,115000022,2026/02/21,269517450,5390349,186579803,13,14,18,23,38,39
春節加碼活動,115000022,2026/02/21,269517450,5390349,186579803,13,14,18,23,38,49
春節加碼活動,115000022,2026/02/21,269517450,5390349,186579803,13,14,18,23,39,49
春節加碼活動,115000022,2026/02/21,269517450,5390349,186579803,13,14,18,38,39,49
春節加碼活動,115000022,2026/02/21,269517450,5390349,186579803,13,14,20,23,38,39
春節加碼活動,115000022,2026/02/21,269517450,5390349,186579803,13,14,20,23,38,49
春節加碼活動,115000022,2026/02/21,269517450,5390349,186579803,13,14,20,23,39,49
春節加碼活動,115000022,2026/02/21,269517450,5390349,186579803,13,14,20,38,39,49
春節加碼活動,115000022,2026/02/21,269517450,5390349,186579803,13,14,23,38,39,49
春節加碼活動,115000022,2026/02/21,269517450,5390349,186579803,13,18,20,23,38,39
春節加碼活動,115000022,2026/02/21,269517450,5390349,186579803,13,18,20,23,38,49
春節加碼活動,115000022,2026/02/21,269517450,5390349,186579803,13,18,20,23,39,49
春節加碼活動,115000022,2026/02/21,269517450,5390349,186579803,13,18,20,38,39,49
春節加碼活動,115000022,2026/02/21,269517450,5390349,186579803,13,18,23,38,39,49
春節加碼活動,115000022,2026/02/21,269517450,5390349,186579803,13,20,23,38,39,49
春節加碼活動,115000022,2026/02/21,269517450,5390349,186579803,14,18,20,23,38,39
春節加碼活動,115000022,2026/02/21,269517450,5390349,186579803,14,18,20,23,38,49
春節加碼活動,115000022,2026/02/21,269517450,5390349,186579803,14,18,20,23,39,49
春節加碼活動,115000022,2026/02/21,269517450,5390349,186579803,14,18,20,38,39,49
春節加碼活動,115000022,2026/02/21,269517450,5390349,186579803,14,18,23,38,39,49
春節加碼活動,115000022,2026/02/21,269517450,5390349,186579803,14,20,23,38,39,49
春節加碼活動,115000022,2026/02/21,269517450,5390349,186579803,18,20,23,38,39,49
春節加碼活動,115000023,2026/02/22,234695750,4693915,187936824,07,08,21,24,27,36
春節加碼活動,115000023,2026/02/22,234695750,4693915,187936824,07,08,21,24,27,38
春節加碼活動,115000023,2026/02/22,234695750,4693915,187936824,07,08,21,24,27,39
春節加碼活動,115000023,2026/02/22,234695750,4693915,187936824,07,08,21,24,27,44
春節加碼活動,115000023,2026/02/22,234695750,4693915,187936824,07,08,21,24,27,49
春節加碼活動,115000023,2026/02/22,234695750,4693915,187936824,07,08,21,24,36,38
春節加碼活動,115000023,2026/02/22,234695750,4693915,187936824,07,08,21,24,36,39
春節加碼活動,115000023,2026/02/22,234695750,4693915,187936824,07,08,21,24,36,44
春節加碼活動,115000023,2026/02/22,234695750,4693915,187936824,07,08,21,24,36,49
春節加碼活動,115000023,2026/02/22,234695750,4693915,187936824,07,08,21,24,38,39
春節加碼活動,115000023,2026/02/22,234695750,4693915,187936824,07,08,21,24,38,44
春節加碼活動,115000023,2026/02/22,234695750,4693915,187936824,07,08,21,24,38,49
春節加碼活動,115000023,2026/02/22,234695750,4693915,187936824,07,08,21,24,39,44
春節加碼活動,115000023,2026/02/22,234695750,4693915,187936824,07,08,21,24,39,49
春節加碼活動,115000023,2026/02/22,234695750,4693915,187936824,07,08,21,24,44,49
春節加碼活動,115000023,2026/02/22,234695750,4693915,187936824,07,08,21,27,36,38
春節加碼活動,115000023,2026/02/22,234695750,4693915,187936824,07,08,21,27,36,39
春節加碼活動,115000023,2026/02/22,234695750,4693915,187936824,07,08,21,27,36,44
春節加碼活動,115000023,2026/02/22,234695750,4693915,187936824,07,08,21,27,36,49
春節加碼活動,115000023,2026/02/22,234695750,4693915,187936824,07,08,21,27,38,39
春節加碼活動,115000023,2026/02/22,234695750,4693915,187936824,07,08,21,27,38,44
春節加碼活動,115000023,2026/02/22,234695750,4693915,187936824,07,08,21,27,38,49
春節加碼活動,115000023,2026/02/22,234695750,4693915,187936824,07,08,21,27,39,44
春節加碼活動,115000023,2026/02/22,234695750,4693915,187936824,07,08,21,27,39,49
春節加碼活動,115000023,2026/02/22,234695750,4693915,187936824,07,08,21,27,44,49
春節加碼活動,115000023,2026/02/22,234695750,4693915,187936824,07,08,21,36,38,39
春節加碼活動,115000023,2026/02/22,234695750,4693915,187936824,07,08,21,36,38,44
春節加碼活動,115000023,2026/02/22,234695750,4693915,187936824,07,08,21,36,38,49
春節加碼活動,115000023,2026/02/22,234695750,4693915,187936824,07,08,21,36,39,44
春節加碼活動,115000023,2026/02/22,234695750,4693915,187936824,07,08,21,36,39,49
春節加碼活動,115000023,2026/02/22,234695750,4693915,187936824,07,08,21,36,44,49
春節加碼活動,115000023,2026/02/22,234695750,4693915,187936824,07,08,21,38,39,44
春節加碼活動,115000023,2026/02/22,234695750,4693915,187936824,07,08,21,38,39,49
春節加碼活動,115000023,2026/02/22,234695750,4693915,187936824,07,08,21,38,44,49
春節加碼活動,115000023,2026/02/22,234695750,4693915,187936824,07,08,21,39,44,49
春節加碼活動,115000023,2026/02/22,234695750,4693915,187936824,07,08,24,27,36,38
春節加碼活動,115000023,2026/02/22,234695750,4693915,187936824,07,08,24,27,36,39
春節加碼活動,115000023,2026/02/22,234695750,4693915,187936824,07,08,24,27,36,44
春節加碼活動,115000023,2026/02/22,234695750,4693915,187936824,07,08,24,27,36,49
春節加碼活動,115000023,2026/02/22,234695750,4693915,187936824,07,08,24,27,38,39
春節加碼活動,115000023,2026/02/22,234695750,4693915,187936824,07,08,24,27,38,44
春節加碼活動,115000023,2026/02/22,234695750,4693915,187936824,07,08,24,27,38,49
春節加碼活動,115000023,2026/02/22,234695750,4693915,187936824,07,08,24,27,39,44
春節加碼活動,115000023,2026/02/22,234695750,4693915,187936824,07,08,24,27,39,49
春節加碼活動,115000023,2026/02/22,234695750,4693915,187936824,07,08,24,27,44,49
春節加碼活動,115000023,2026/02/22,234695750,4693915,187936824,07,08,24,36,38,39
春節加碼活動,115000023,2026/02/22,234695750,4693915,187936824,07,08,24,36,38,44
春節加碼活動,115000023,2026/02/22,234695750,4693915,187936824,07,08,24,36,38,49
春節加碼活動,115000023,2026/02/22,234695750,4693915,187936824,07,08,24,36,39,44
春節加碼活動,115000023,2026/02/22,234695750,4693915,187936824,07,08,24,36,39,49
春節加碼活動,115000023,2026/02/22,234695750,4693915,187936824,07,08,24,36,44,49
春節加碼活動,115000023,2026/02/22,234695750,4693915,187936824,07,08,24,38,39,44
春節加碼活動,115000023,2026/02/22,234695750,4693915,187936824,07,08,24,38,39,49
春節加碼活動,115000023,2026/02/22,234695750,4693915,187936824,07,08,24,38,44,49
春節加碼活動,115000023,2026/02/22,234695750,4693915,187936824,07,08,24,39,44,49
春節加碼活動,115000023,2026/02/22,234695750,4693915,187936824,07,08,27,36,38,39
春節加碼活動,115000023,2026/02/22,234695750,4693915,187936824,07,08,27,36,38,44
春節加碼活動,115000023,2026/02/22,234695750,4693915,187936824,07,08,27,36,38,49
春節加碼活動,115000023,2026/02/22,234695750,4693915,187936824,07,08,27,36,39,44
春節加碼活動,115000023,2026/02/22,234695750,4693915,187936824,07,08,27,36,39,49
春節加碼活動,115000023,2026/02/22,234695750,4693915,187936824,07,08,27,36,44,49
春節加碼活動,115000023,2026/02/22,234695750,4693915,187936824,07,08,27,38,39,44
春節加碼活動,115000023,2026/02/22,234695750,4693915,187936824,07,08,27,38,39,49
春節加碼活動,115000023,2026/02/22,234695750,4693915,187936824,07,08,27,38,44,49
春節加碼活動,115000023,2026/02/22,234695750,4693915,187936824,07,08,27,39,44,49
春節加碼活動,115000023,2026/02/22,234695750,4693915,187936824,07,08,36,38,39,44
春節加碼活動,115000023,2026/02/22,234695750,4693915,187936824,07,08,36,38,39,49
春節加碼活動,115000023,2026/02/22,234695750,4693915,187936824,07,08,36,38,44,49
春節加碼活動,115000023,2026/02/22,234695750,4693915,187936824,07,08,36,39,44,49
春節加碼活動,115000023,2026/02/22,234695750,4693915,187936824,07,08,38,39,44,49
春節加碼活動,115000023,2026/02/22,234695750,4693915,187936824,07,21,24,27,36,38
春節加碼活動,115000023,2026/02/22,234695750,4693915,187936824,07,21,24,27,36,39
春節加碼活動,115000023,2026/02/22,234695750,4693915,187936824,07,21,24,27,36,44
春節加碼活動,115000023,2026/02/22,234695750,4693915,187936824,07,21,24,27,36,49
春節加碼活動,115000023,2026/02/22,234695750,4693915,187936824,07,21,24,27,38,39
春節加碼活動,115000023,2026/02/22,234695750,4693915,187936824,07,21,24,27,38,44
春節加碼活動,115000023,2026/02/22,234695750,4693915,187936824,07,21,24,27,38,49
春節加碼活動,115000023,2026/02/22,234695750,4693915,187936824,07,21,24,27,39,44
春節加碼活動,115000023,2026/02/22,234695750,4693915,187936824,07,21,24,27,39,49
春節加碼活動,115000023,2026/02/22,234695750,4693915,187936824,07,21,24,27,44,49
春節加碼活動,115000023,2026/02/22,234695750,4693915,187936824,07,21,24,36,38,39
春節加碼活動,115000023,2026/02/22,234695750,4693915,187936824,07,21,24,36,38,44
春節加碼活動,115000023,2026/02/22,234695750,4693915,187936824,07,21,24,36,38,49
春節加碼活動,115000023,2026/02/22,234695750,4693915,187936824,07,21,24,36,39,44
春節加碼活動,115000023,2026/02/22,234695750,4693915,187936824,07,21,24,36,39,49
春節加碼活動,115000023,2026/02/22,234695750,4693915,187936824,07,21,24,36,44,49
春節加碼活動,115000023,2026/02/22,234695750,4693915,187936824,07,21,24,38,39,44
春節加碼活動,115000023,2026/02/22,234695750,4693915,187936824,07,21,24,38,39,49
春節加碼活動,115000023,2026/02/22,234695750,4693915,187936824,07,21,24,38,44,49
春節加碼活動,115000023,2026/02/22,234695750,4693915,187936824,07,21,24,39,44,49
春節加碼活動,115000023,2026/02/22,234695750,4693915,187936824,07,21,27,36,38,39
春節加碼活動,115000023,2026/02/22,234695750,4693915,187936824,07,21,27,36,38,44
春節加碼活動,115000023,2026/02/22,234695750,4693915,187936824,07,21,27,36,38,49
春節加碼活動,115000023,2026/02/22,234695750,4693915,187936824,07,21,27,36,39,44
春節加碼活動,115000023,2026/02/22,234695750,4693915,187936824,07,21,27,36,39,49
春節加碼活動,115000023,2026/02/22,234695750,4693915,187936824,07,21,27,36,44,49
春節加碼活動,115000023,2026/02/22,234695750,4693915,187936824,07,21,27,38,39,44
春節加碼活動,115000023,2026/02/22,234695750,4693915,187936824,07,21,27,38,39,49
春節加碼活動,115000023,2026/02/22,234695750,4693915,187936824,07,21,27,38,44,49
春節加碼活動,115000023,2026/02/22,234695750,4693915,187936824,07,21,27,39,44,49
春節加碼活動,115000023,2026/02/22,234695750,4693915,187936824,07,21,36,38,39,44
春節加碼活動,115000023,2026/02/22,234695750,4693915,187936824,07,21,36,38,39,49
春節加碼活動,115000023,2026/02/22,234695750,4693915,187936824,07,21,36,38,44,49
春節加碼活動,115000023,2026/02/22,234695750,4693915,187936824,07,21,36,39,44,49
春節加碼活動,115000023,2026/02/22,234695750,4693915,187936824,07,21,38,39,44,49
春節加碼活動,115000023,2026/02/22,234695750,4693915,187936824,07,24,27,36,38,39
春節加碼活動,115000023,2026/02/22,234695750,4693915,187936824,07,24,27,36,38,44
春節加碼活動,115000023,2026/02/22,234695750,4693915,187936824,07,24,27,36,38,49
春節加碼活動,115000023,2026/02/22,234695750,4693915,187936824,07,24,27,36,39,44
春節加碼活動,115000023,2026/02/22,234695750,4693915,187936824,07,24,27,36,39,49
春節加碼活動,115000023,2026/02/22,234695750,4693915,187936824,07,24,27,36,44,49
春節加碼活動,115000023,2026/02/22,234695750,4693915,187936824,07,24,27,38,39,44
春節加碼活動,115000023,2026/02/22,234695750,4693915,187936824,07,24,27,38,39,49
春節加碼活動,115000023,2026/02/22,234695750,4693915,187936824,07,24,27,38,44,49
春節加碼活動,115000023,2026/02/22,234695750,4693915,187936824,07,24,27,39,44,49
春節加碼活動,115000023,2026/02/22,234695750,4693915,187936824,07,24,36,38,39,44
春節加碼活動,115000023,2026/02/22,234695750,4693915,187936824,07,24,36,38,39,49
春節加碼活動,115000023,2026/02/22,234695750,4693915,187936824,07,24,36,38,44,49
春節加碼活動,115000023,2026/02/22,234695750,4693915,187936824,07,24,36,39,44,49
春節加碼活動,115000023,2026/02/22,234695750,4693915,187936824,07,24,38,39,44,49
春節加碼活動,115000023,2026/02/22,234695750,4693915,187936824,07,27,36,38,39,44
春節加碼活動,115000023,2026/02/22,234695750,4693915,187936824,07,27,36,38,39,49
春節加碼活動,115000023,2026/02/22,234695750,4693915,187936824,07,27,36,38,44,49
春節加碼活動,115000023,2026/02/22,234695750,4693915,187936824,07,27,36,39,44,49
春節加碼活動,115000023,2026/02/22,234695750,4693915,187936824,07,27,38,39,44,49
春節加碼活動,115000023,2026/02/22,234695750,4693915,187936824,07,36,38,39,44,49
春節加碼活動,115000023,2026/02/22,234695750,4693915,187936824,08,21,24,27,36,38
春節加碼活動,115000023,2026/02/22,234695750,4693915,187936824,08,21,24,27,36,39
春節加碼活動,115000023,2026/02/22,234695750,4693915,187936824,08,21,24,27,36,44
春節加碼活動,115000023,2026/02/22,234695750,4693915,187936824,08,21,24,27,36,49
春節加碼活動,115000023,2026/02/22,234695750,4693915,187936824,08,21,24,27,38,39
春節加碼活動,115000023,2026/02/22,234695750,4693915,187936824,08,21,24,27,38,44
春節加碼活動,115000023,2026/02/22,234695750,4693915,187936824,08,21,24,27,38,49
春節加碼活動,115000023,2026/02/22,234695750,4693915,187936824,08,21,24,27,39,44
春節加碼活動,115000023,2026/02/22,234695750,4693915,187936824,08,21,24,27,39,49
春節加碼活動,115000023,2026/02/22,234695750,4693915,187936824,08,21,24,27,44,49
春節加碼活動,115000023,2026/02/22,234695750,4693915,187936824,08,21,24,36,38,39
春節加碼活動,115000023,2026/02/22,234695750,4693915,187936824,08,21,24,36,38,44
春節加碼活動,115000023,2026/02/22,234695750,4693915,187936824,08,21,24,36,38,49
春節加碼活動,115000023,2026/02/22,234695750,4693915,187936824,08,21,24,36,39,44
春節加碼活動,115000023,2026/02/22,234695750,4693915,187936824,08,21,24,36,39,49
春節加碼活動,115000023,2026/02/22,234695750,4693915,187936824,08,21,24,36,44,49
春節加碼活動,115000023,2026/02/22,234695750,4693915,187936824,08,21,24,38,39,44
春節加碼活動,115000023,2026/02/22,234695750,4693915,187936824,08,21,24,38,39,49
春節加碼活動,115000023,2026/02/22,234695750,4693915,187936824,08,21,24,38,44,49
春節加碼活動,115000023,2026/02/22,234695750,4693915,187936824,08,21,24,39,44,49
春節加碼活動,115000023,2026/02/22,234695750,4693915,187936824,08,21,27,36,38,39
春節加碼活動,115000023,2026/02/22,234695750,4693915,187936824,08,21,27,36,38,44
春節加碼活動,115000023,2026/02/22,234695750,4693915,187936824,08,21,27,36,38,49
春節加碼活動,115000023,2026/02/22,234695750,4693915,187936824,08,21,27,36,39,44
春節加碼活動,115000023,2026/02/22,234695750,4693915,187936824,08,21,27,36,39,49
春節加碼活動,115000023,2026/02/22,234695750,4693915,187936824,08,21,27,36,44,49
春節加碼活動,115000023,2026/02/22,234695750,4693915,187936824,08,21,27,38,39,44
春節加碼活動,115000023,2026/02/22,234695750,4693915,187936824,08,21,27,38,39,49
春節加碼活動,115000023,2026/02/22,234695750,4693915,187936824,08,21,27,38,44,49
春節加碼活動,115000023,2026/02/22,234695750,4693915,187936824,08,21,27,39,44,49
春節加碼活動,115000023,2026/02/22,234695750,4693915,187936824,08,21,36,38,39,44
春節加碼活動,115000023,2026/02/22,234695750,4693915,187936824,08,21,36,38,39,49
春節加碼活動,115000023,2026/02/22,234695750,4693915,187936824,08,21,36,38,44,49
春節加碼活動,115000023,2026/02/22,234695750,4693915,187936824,08,21,36,39,44,49
春節加碼活動,115000023,2026/02/22,234695750,4693915,187936824,08,21,38,39,44,49
春節加碼活動,115000023,2026/02/22,234695750,4693915,187936824,08,24,27,36,38,39
春節加碼活動,115000023,2026/02/22,234695750,4693915,187936824,08,24,27,36,38,44
春節加碼活動,115000023,2026/02/22,234695750,4693915,187936824,08,24,27,36,38,49
春節加碼活動,115000023,2026/02/22,234695750,4693915,187936824,08,24,27,36,39,44
春節加碼活動,115000023,2026/02/22,234695750,4693915,187936824,08,24,27,36,39,49
春節加碼活動,115000023,2026/02/22,234695750,4693915,187936824,08,24,27,36,44,49
春節加碼活動,115000023,2026/02/22,234695750,4693915,187936824,08,24,27,38,39,44
春節加碼活動,115000023,2026/02/22,234695750,4693915,187936824,08,24,27,38,39,49
春節加碼活動,115000023,2026/02/22,234695750,4693915,187936824,08,24,27,38,44,49
春節加碼活動,115000023,2026/02/22,234695750,4693915,187936824,08,24,27,39,44,49
春節加碼活動,115000023,2026/02/22,234695750,4693915,187936824,08,24,36,38,39,44
春節加碼活動,115000023,2026/02/22,234695750,4693915,187936824,08,24,36,38,39,49
春節加碼活動,115000023,2026/02/22,234695750,4693915,187936824,08,24,36,38,44,49
春節加碼活動,115000023,2026/02/22,234695750,4693915,187936824,08,24,36,39,44,49
春節加碼活動,115000023,2026/02/22,234695750,4693915,187936824,08,24,38,39,44,49
春節加碼活動,115000023,2026/02/22,234695750,4693915,187936824,08,27,36,38,39,44
春節加碼活動,115000023,2026/02/22,234695750,4693915,187936824,08,27,36,38,39,49
春節加碼活動,115000023,2026/02/22,234695750,4693915,187936824,08,27,36,38,44,49
春節加碼活動,115000023,2026/02/22,234695750,4693915,187936824,08,27,36,39,44,49
春節加碼活動,115000023,2026/02/22,234695750,4693915,187936824,08,27,38,39,44,49
春節加碼活動,115000023,2026/02/22,234695750,4693915,187936824,08,36,38,39,44,49
春節加碼活動,115000023,2026/02/22,234695750,4693915,187936824,21,24,27,36,38,39
春節加碼活動,115000023,2026/02/22,234695750,4693915,187936824,21,24,27,36,38,44
春節加碼活動,115000023,2026/02/22,234695750,4693915,187936824,21,24,27,36,38,49
春節加碼活動,115000023,2026/02/22,234695750,4693915,187936824,21,24,27,36,39,44
春節加碼活動,115000023,2026/02/22,234695750,4693915,187936824,21,24,27,36,39,49
春節加碼活動,115000023,2026/02/22,234695750,4693915,187936824,21,24,27,36,44,49
春節加碼活動,115000023,2026/02/22,234695750,4693915,187936824,21,24,27,38,39,44
春節加碼活動,115000023,2026/02/22,234695750,4693915,187936824,21,24,27,38,39,49
春節加碼活動,115000023,2026/02/22,234695750,4693915,187936824,21,24,27,38,44,49
春節加碼活動,115000023,2026/02/22,234695750,4693915,187936824,21,24,27,39,44,49
春節加碼活動,115000023,2026/02/22,234695750,4693915,187936824,21,24,36,38,39,44
春節加碼活動,115000023,2026/02/22,234695750,4693915,187936824,21,24,36,38,39,49
春節加碼活動,115000023,2026/02/22,234695750,4693915,187936824,21,24,36,38,44,49
春節加碼活動,115000023,2026/02/22,234695750,4693915,187936824,21,24,36,39,44,49
春節加碼活動,115000023,2026/02/22,234695750,4693915,187936824,21,24,38,39,44,49
春節加碼活動,115000023,2026/02/22,234695750,4693915,187936824,21,27,36,38,39,44
春節加碼活動,115000023,2026/02/22,234695750,4693915,187936824,21,27,36,38,39,49
春節加碼活動,115000023,2026/02/22,234695750,4693915,187936824,21,27,36,38,44,49
春節加碼活動,115000023,2026/02/22,234695750,4693915,187936824,21,27,36,39,44,49
春節加碼活動,115000023,2026/02/22,234695750,4693915,187936824,21,27,38,39,44,49
春節加碼活動,115000023,2026/02/22,234695750,4693915,187936824,21,36,38,39,44,49
春節加碼活動,115000023,2026/02/22,234695750,4693915,187936824,24,27,36,38,39,44
春節加碼活動,115000023,2026/02/22,234695750,4693915,187936824,24,27,36,38,39,49
春節加碼活動,115000023,2026/02/22,234695750,4693915,187936824,24,27,36,38,44,49
春節加碼活動,115000023,2026/02/22,234695750,4693915,187936824,24,27,36,39,44,49
春節加碼活動,115000023,2026/02/22,234695750,4693915,187936824,24,27,38,39,44,49
春節加碼活動,115000023,2026/02/22,234695750,4693915,187936824,24,36,38,39,44,49
春節加碼活動,115000023,2026/02/22,234695750,4693915,187936824,27,36,38,39,44,49
春節加碼活動,115000024,2026/02/23,201544150,4030883,112864724,07,08,09,15,17,28
春節加碼活動,115000024,2026/02/23,201544150,4030883,112864724,07,08,09,15,17,33
春節加碼活動,115000024,2026/02/23,201544150,4030883,112864724,07,08,09,15,17,38
春節加碼活動,115000024,2026/02/23,201544150,4030883,112864724,07,08,09,15,17,41
春節加碼活動,115000024,2026/02/23,201544150,4030883,112864724,07,08,09,15,17,46
春節加碼活動,115000024,2026/02/23,201544150,4030883,112864724,07,08,09,15,28,33
春節加碼活動,115000024,2026/02/23,201544150,4030883,112864724,07,08,09,15,28,38
春節加碼活動,115000024,2026/02/23,201544150,4030883,112864724,07,08,09,15,28,41
春節加碼活動,115000024,2026/02/23,201544150,4030883,112864724,07,08,09,15,28,46
春節加碼活動,115000024,2026/02/23,201544150,4030883,112864724,07,08,09,15,33,38
春節加碼活動,115000024,2026/02/23,201544150,4030883,112864724,07,08,09,15,33,41
春節加碼活動,115000024,2026/02/23,201544150,4030883,112864724,07,08,09,15,33,46
春節加碼活動,115000024,2026/02/23,201544150,4030883,112864724,07,08,09,15,38,41
春節加碼活動,115000024,2026/02/23,201544150,4030883,112864724,07,08,09,15,38,46
春節加碼活動,115000024,2026/02/23,201544150,4030883,112864724,07,08,09,15,41,46
春節加碼活動,115000024,2026/02/23,201544150,4030883,112864724,07,08,09,17,28,33
春節加碼活動,115000024,2026/02/23,201544150,4030883,112864724,07,08,09,17,28,38
春節加碼活動,115000024,2026/02/23,201544150,4030883,112864724,07,08,09,17,28,41
春節加碼活動,115000024,2026/02/23,201544150,4030883,112864724,07,08,09,17,28,46
春節加碼活動,115000024,2026/02/23,201544150,4030883,112864724,07,08,09,17,33,38
春節加碼活動,115000024,2026/02/23,201544150,4030883,112864724,07,08,09,17,33,41
春節加碼活動,115000024,2026/02/23,201544150,4030883,112864724,07,08,09,17,33,46
春節加碼活動,115000024,2026/02/23,201544150,4030883,112864724,07,08,09,17,38,41
春節加碼活動,115000024,2026/02/23,201544150,4030883,112864724,07,08,09,17,38,46
春節加碼活動,115000024,2026/02/23,201544150,4030883,112864724,07,08,09,17,41,46
春節加碼活動,115000024,2026/02/23,201544150,4030883,112864724,07,08,09,28,33,38
春節加碼活動,115000024,2026/02/23,201544150,4030883,112864724,07,08,09,28,33,41
春節加碼活動,115000024,2026/02/23,201544150,4030883,112864724,07,08,09,28,33,46
春節加碼活動,115000024,2026/02/23,201544150,4030883,112864724,07,08,09,28,38,41
春節加碼活動,115000024,2026/02/23,201544150,4030883,112864724,07,08,09,28,38,46
春節加碼活動,115000024,2026/02/23,201544150,4030883,112864724,07,08,09,28,41,46
春節加碼活動,115000024,2026/02/23,201544150,4030883,112864724,07,08,09,33,38,41
春節加碼活動,115000024,2026/02/23,201544150,4030883,112864724,07,08,09,33,38,46
春節加碼活動,115000024,2026/02/23,201544150,4030883,112864724,07,08,09,33,41,46
春節加碼活動,115000024,2026/02/23,201544150,4030883,112864724,07,08,09,38,41,46
春節加碼活動,115000024,2026/02/23,201544150,4030883,112864724,07,08,15,17,28,33
春節加碼活動,115000024,2026/02/23,201544150,4030883,112864724,07,08,15,17,28,38
春節加碼活動,115000024,2026/02/23,201544150,4030883,112864724,07,08,15,17,28,41
春節加碼活動,115000024,2026/02/23,201544150,4030883,112864724,07,08,15,17,28,46
春節加碼活動,115000024,2026/02/23,201544150,4030883,112864724,07,08,15,17,33,38
春節加碼活動,115000024,2026/02/23,201544150,4030883,112864724,07,08,15,17,33,41
春節加碼活動,115000024,2026/02/23,201544150,4030883,112864724,07,08,15,17,33,46
春節加碼活動,115000024,2026/02/23,201544150,4030883,112864724,07,08,15,17,38,41
春節加碼活動,115000024,2026/02/23,201544150,4030883,112864724,07,08,15,17,38,46
春節加碼活動,115000024,2026/02/23,201544150,4030883,112864724,07,08,15,17,41,46
春節加碼活動,115000024,2026/02/23,201544150,4030883,112864724,07,08,15,28,33,38
春節加碼活動,115000024,2026/02/23,201544150,4030883,112864724,07,08,15,28,33,41
春節加碼活動,115000024,2026/02/23,201544150,4030883,112864724,07,08,15,28,33,46
春節加碼活動,115000024,2026/02/23,201544150,4030883,112864724,07,08,15,28,38,41
春節加碼活動,115000024,2026/02/23,201544150,4030883,112864724,07,08,15,28,38,46
春節加碼活動,115000024,2026/02/23,201544150,4030883,112864724,07,08,15,28,41,46
春節加碼活動,115000024,2026/02/23,201544150,4030883,112864724,07,08,15,33,38,41
春節加碼活動,115000024,2026/02/23,201544150,4030883,112864724,07,08,15,33,38,46
春節加碼活動,115000024,2026/02/23,201544150,4030883,112864724,07,08,15,33,41,46
春節加碼活動,115000024,2026/02/23,201544150,4030883,112864724,07,08,15,38,41,46
春節加碼活動,115000024,2026/02/23,201544150,4030883,112864724,07,08,17,28,33,38
春節加碼活動,115000024,2026/02/23,201544150,4030883,112864724,07,08,17,28,33,41
春節加碼活動,115000024,2026/02/23,201544150,4030883,112864724,07,08,17,28,33,46
春節加碼活動,115000024,2026/02/23,201544150,4030883,112864724,07,08,17,28,38,41
春節加碼活動,115000024,2026/02/23,201544150,4030883,112864724,07,08,17,28,38,46
春節加碼活動,115000024,2026/02/23,201544150,4030883,112864724,07,08,17,28,41,46
春節加碼活動,115000024,2026/02/23,201544150,4030883,112864724,07,08,17,33,38,41
春節加碼活動,115000024,2026/02/23,201544150,4030883,112864724,07,08,17,33,38,46
春節加碼活動,115000024,2026/02/23,201544150,4030883,112864724,07,08,17,33,41,46
春節加碼活動,115000024,2026/02/23,201544150,4030883,112864724,07,08,17,38,41,46
春節加碼活動,115000024,2026/02/23,201544150,4030883,112864724,07,08,28,33,38,41
春節加碼活動,115000024,2026/02/23,201544150,4030883,112864724,07,08,28,33,38,46
春節加碼活動,115000024,2026/02/23,201544150,4030883,112864724,07,08,28,33,41,46
春節加碼活動,115000024,2026/02/23,201544150,4030883,112864724,07,08,28,38,41,46
春節加碼活動,115000024,2026/02/23,201544150,4030883,112864724,07,08,33,38,41,46
春節加碼活動,115000024,2026/02/23,201544150,4030883,112864724,07,09,15,17,28,33
春節加碼活動,115000024,2026/02/23,201544150,4030883,112864724,07,09,15,17,28,38
春節加碼活動,115000024,2026/02/23,201544150,4030883,112864724,07,09,15,17,28,41
春節加碼活動,115000024,2026/02/23,201544150,4030883,112864724,07,09,15,17,28,46
春節加碼活動,115000024,2026/02/23,201544150,4030883,112864724,07,09,15,17,33,38
春節加碼活動,115000024,2026/02/23,201544150,4030883,112864724,07,09,15,17,33,41
春節加碼活動,115000024,2026/02/23,201544150,4030883,112864724,07,09,15,17,33,46
春節加碼活動,115000024,2026/02/23,201544150,4030883,112864724,07,09,15,17,38,41
春節加碼活動,115000024,2026/02/23,201544150,4030883,112864724,07,09,15,17,38,46
春節加碼活動,115000024,2026/02/23,201544150,4030883,112864724,07,09,15,17,41,46
春節加碼活動,115000024,2026/02/23,201544150,4030883,112864724,07,09,15,28,33,38
春節加碼活動,115000024,2026/02/23,201544150,4030883,112864724,07,09,15,28,33,41
春節加碼活動,115000024,2026/02/23,201544150,4030883,112864724,07,09,15,28,33,46
春節加碼活動,115000024,2026/02/23,201544150,4030883,112864724,07,09,15,28,38,41
春節加碼活動,115000024,2026/02/23,201544150,4030883,112864724,07,09,15,28,38,46
春節加碼活動,115000024,2026/02/23,201544150,4030883,112864724,07,09,15,28,41,46
春節加碼活動,115000024,2026/02/23,201544150,4030883,112864724,07,09,15,33,38,41
春節加碼活動,115000024,2026/02/23,201544150,4030883,112864724,07,09,15,33,38,46
春節加碼活動,115000024,2026/02/23,201544150,4030883,112864724,07,09,15,33,41,46
春節加碼活動,115000024,2026/02/23,201544150,4030883,112864724,07,09,15,38,41,46
春節加碼活動,115000024,2026/02/23,201544150,4030883,112864724,07,09,17,28,33,38
春節加碼活動,115000024,2026/02/23,201544150,4030883,112864724,07,09,17,28,33,41
春節加碼活動,115000024,2026/02/23,201544150,4030883,112864724,07,09,17,28,33,46
春節加碼活動,115000024,2026/02/23,201544150,4030883,112864724,07,09,17,28,38,41
春節加碼活動,115000024,2026/02/23,201544150,4030883,112864724,07,09,17,28,38,46
春節加碼活動,115000024,2026/02/23,201544150,4030883,112864724,07,09,17,28,41,46
春節加碼活動,115000024,2026/02/23,201544150,4030883,112864724,07,09,17,33,38,41
春節加碼活動,115000024,2026/02/23,201544150,4030883,112864724,07,09,17,33,38,46
春節加碼活動,115000024,2026/02/23,201544150,4030883,112864724,07,09,17,33,41,46
春節加碼活動,115000024,2026/02/23,201544150,4030883,112864724,07,09,17,38,41,46
春節加碼活動,115000024,2026/02/23,201544150,4030883,112864724,07,09,28,33,38,41
春節加碼活動,115000024,2026/02/23,201544150,4030883,112864724,07,09,28,33,38,46
春節加碼活動,115000024,2026/02/23,201544150,4030883,112864724,07,09,28,33,41,46
春節加碼活動,115000024,2026/02/23,201544150,4030883,112864724,07,09,28,38,41,46
春節加碼活動,115000024,2026/02/23,201544150,4030883,112864724,07,09,33,38,41,46
春節加碼活動,115000024,2026/02/23,201544150,4030883,112864724,07,15,17,28,33,38
春節加碼活動,115000024,2026/02/23,201544150,4030883,112864724,07,15,17,28,33,41
春節加碼活動,115000024,2026/02/23,201544150,4030883,112864724,07,15,17,28,33,46
春節加碼活動,115000024,2026/02/23,201544150,4030883,112864724,07,15,17,28,38,41
春節加碼活動,115000024,2026/02/23,201544150,4030883,112864724,07,15,17,28,38,46
春節加碼活動,115000024,2026/02/23,201544150,4030883,112864724,07,15,17,28,41,46
春節加碼活動,115000024,2026/02/23,201544150,4030883,112864724,07,15,17,33,38,41
春節加碼活動,115000024,2026/02/23,201544150,4030883,112864724,07,15,17,33,38,46
春節加碼活動,115000024,2026/02/23,201544150,4030883,112864724,07,15,17,33,41,46
春節加碼活動,115000024,2026/02/23,201544150,4030883,112864724,07,15,17,38,41,46
春節加碼活動,115000024,2026/02/23,201544150,4030883,112864724,07,15,28,33,38,41
春節加碼活動,115000024,2026/02/23,201544150,4030883,112864724,07,15,28,33,38,46
春節加碼活動,115000024,2026/02/23,201544150,4030883,112864724,07,15,28,33,41,46
春節加碼活動,115000024,2026/02/23,201544150,4030883,112864724,07,15,28,38,41,46
春節加碼活動,115000024,2026/02/23,201544150,4030883,112864724,07,15,33,38,41,46
春節加碼活動,115000024,2026/02/23,201544150,4030883,112864724,07,17,28,33,38,41
春節加碼活動,115000024,2026/02/23,201544150,4030883,112864724,07,17,28,33,38,46
春節加碼活動,115000024,2026/02/23,201544150,4030883,112864724,07,17,28,33,41,46
春節加碼活動,115000024,2026/02/23,201544150,4030883,112864724,07,17,28,38,41,46
春節加碼活動,115000024,2026/02/23,201544150,4030883,112864724,07,17,33,38,41,46
春節加碼活動,115000024,2026/02/23,201544150,4030883,112864724,07,28,33,38,41,46
春節加碼活動,115000024,2026/02/23,201544150,4030883,112864724,08,09,15,17,28,33
春節加碼活動,115000024,2026/02/23,201544150,4030883,112864724,08,09,15,17,28,38
春節加碼活動,115000024,2026/02/23,201544150,4030883,112864724,08,09,15,17,28,41
春節加碼活動,115000024,2026/02/23,201544150,4030883,112864724,08,09,15,17,28,46
春節加碼活動,115000024,2026/02/23,201544150,4030883,112864724,08,09,15,17,33,38
春節加碼活動,115000024,2026/02/23,201544150,4030883,112864724,08,09,15,17,33,41
春節加碼活動,115000024,2026/02/23,201544150,4030883,112864724,08,09,15,17,33,46
春節加碼活動,115000024,2026/02/23,201544150,4030883,112864724,08,09,15,17,38,41
春節加碼活動,115000024,2026/02/23,201544150,4030883,112864724,08,09,15,17,38,46
春節加碼活動,115000024,2026/02/23,201544150,4030883,112864724,08,09,15,17,41,46
春節加碼活動,115000024,2026/02/23,201544150,4030883,112864724,08,09,15,28,33,38
春節加碼活動,115000024,2026/02/23,201544150,4030883,112864724,08,09,15,28,33,41
春節加碼活動,115000024,2026/02/23,201544150,4030883,112864724,08,09,15,28,33,46
春節加碼活動,115000024,2026/02/23,201544150,4030883,112864724,08,09,15,28,38,41
春節加碼活動,115000024,2026/02/23,201544150,4030883,112864724,08,09,15,28,38,46
春節加碼活動,115000024,2026/02/23,201544150,4030883,112864724,08,09,15,28,41,46
春節加碼活動,115000024,2026/02/23,201544150,4030883,112864724,08,09,15,33,38,41
春節加碼活動,115000024,2026/02/23,201544150,4030883,112864724,08,09,15,33,38,46
春節加碼活動,115000024,2026/02/23,201544150,4030883,112864724,08,09,15,33,41,46
春節加碼活動,115000024,2026/02/23,201544150,4030883,112864724,08,09,15,38,41,46
春節加碼活動,115000024,2026/02/23,201544150,4030883,112864724,08,09,17,28,33,38
春節加碼活動,115000024,2026/02/23,201544150,4030883,112864724,08,09,17,28,33,41
春節加碼活動,115000024,2026/02/23,201544150,4030883,112864724,08,09,17,28,33,46
春節加碼活動,115000024,2026/02/23,201544150,4030883,112864724,08,09,17,28,38,41
春節加碼活動,115000024,2026/02/23,201544150,4030883,112864724,08,09,17,28,38,46
春節加碼活動,115000024,2026/02/23,201544150,4030883,112864724,08,09,17,28,41,46
春節加碼活動,115000024,2026/02/23,201544150,4030883,112864724,08,09,17,33,38,41
春節加碼活動,115000024,2026/02/23,201544150,4030883,112864724,08,09,17,33,38,46
春節加碼活動,115000024,2026/02/23,201544150,4030883,112864724,08,09,17,33,41,46
春節加碼活動,115000024,2026/02/23,201544150,4030883,112864724,08,09,17,38,41,46
春節加碼活動,115000024,2026/02/23,201544150,4030883,112864724,08,09,28,33,38,41
春節加碼活動,115000024,2026/02/23,201544150,4030883,112864724,08,09,28,33,38,46
春節加碼活動,115000024,2026/02/23,201544150,4030883,112864724,08,09,28,33,41,46
春節加碼活動,115000024,2026/02/23,201544150,4030883,112864724,08,09,28,38,41,46
春節加碼活動,115000024,2026/02/23,201544150,4030883,112864724,08,09,33,38,41,46
春節加碼活動,115000024,2026/02/23,201544150,4030883,112864724,08,15,17,28,33,38
春節加碼活動,115000024,2026/02/23,201544150,4030883,112864724,08,15,17,28,33,41
春節加碼活動,115000024,2026/02/23,201544150,4030883,112864724,08,15,17,28,33,46
春節加碼活動,115000024,2026/02/23,201544150,4030883,112864724,08,15,17,28,38,41
春節加碼活動,115000024,2026/02/23,201544150,4030883,112864724,08,15,17,28,38,46
春節加碼活動,115000024,2026/02/23,201544150,4030883,112864724,08,15,17,28,41,46
春節加碼活動,115000024,2026/02/23,201544150,4030883,112864724,08,15,17,33,38,41
春節加碼活動,115000024,2026/02/23,201544150,4030883,112864724,08,15,17,33,38,46
春節加碼活動,115000024,2026/02/23,201544150,4030883,112864724,08,15,17,33,41,46
春節加碼活動,115000024,2026/02/23,201544150,4030883,112864724,08,15,17,38,41,46
春節加碼活動,115000024,2026/02/23,201544150,4030883,112864724,08,15,28,33,38,41
春節加碼活動,115000024,2026/02/23,201544150,4030883,112864724,08,15,28,33,38,46
春節加碼活動,115000024,2026/02/23,201544150,4030883,112864724,08,15,28,33,41,46
春節加碼活動,115000024,2026/02/23,201544150,4030883,112864724,08,15,28,38,41,46
春節加碼活動,115000024,2026/02/23,201544150,4030883,112864724,08,15,33,38,41,46
春節加碼活動,115000024,2026/02/23,201544150,4030883,112864724,08,17,28,33,38,41
春節加碼活動,115000024,2026/02/23,201544150,4030883,112864724,08,17,28,33,38,46
春節加碼活動,115000024,2026/02/23,201544150,4030883,112864724,08,17,28,33,41,46
春節加碼活動,115000024,2026/02/23,201544150,4030883,112864724,08,17,28,38,41,46
春節加碼活動,115000024,2026/02/23,201544150,4030883,112864724,08,17,33,38,41,46
春節加碼活動,115000024,2026/02/23,201544150,4030883,112864724,08,28,33,38,41,46
春節加碼活動,115000024,2026/02/23,201544150,4030883,112864724,09,15,17,28,33,38
春節加碼活動,115000024,2026/02/23,201544150,4030883,112864724,09,15,17,28,33,41
春節加碼活動,115000024,2026/02/23,201544150,4030883,112864724,09,15,17,28,33,46
春節加碼活動,115000024,2026/02/23,201544150,4030883,112864724,09,15,17,28,38,41
春節加碼活動,115000024,2026/02/23,201544150,4030883,112864724,09,15,17,28,38,46
春節加碼活動,115000024,2026/02/23,201544150,4030883,112864724,09,15,17,28,41,46
春節加碼活動,115000024,2026/02/23,201544150,4030883,112864724,09,15,17,33,38,41
春節加碼活動,115000024,2026/02/23,201544150,4030883,112864724,09,15,17,33,38,46
春節加碼活動,115000024,2026/02/23,201544150,4030883,112864724,09,15,17,33,41,46
春節加碼活動,115000024,2026/02/23,201544150,4030883,112864724,09,15,17,38,41,46
春節加碼活動,115000024,2026/02/23,201544150,4030883,112864724,09,15,28,33,38,41
春節加碼活動,115000024,2026/02/23,201544150,4030883,112864724,09,15,28,33,38,46
春節加碼活動,115000024,2026/02/23,201544150,4030883,112864724,09,15,28,33,41,46
春節加碼活動,115000024,2026/02/23,201544150,4030883,112864724,09,15,28,38,41,46
春節加碼活動,115000024,2026/02/23,201544150,4030883,112864724,09,15,33,38,41,46
春節加碼活動,115000024,2026/02/23,201544150,4030883,112864724,09,17,28,33,38,41
春節加碼活動,115000024,2026/02/23,201544150,4030883,112864724,09,17,28,33,38,46
春節加碼活動,115000024,2026/02/23,201544150,4030883,112864724,09,17,28,33,41,46
春節加碼活動,115000024,2026/02/23,201544150,4030883,112864724,09,17,28,38,41,46
春節加碼活動,115000024,2026/02/23,201544150,4030883,112864724,09,17,33,38,41,46
春節加碼活動,115000024,2026/02/23,201544150,4030883,112864724,09,28,33,38,41,46
春節加碼活動,115000024,2026/02/23,201544150,4030883,112864724,15,17,28,33,38,41
春節加碼活動,115000024,2026/02/23,201544150,4030883,112864724,15,17,28,33,38,46
春節加碼活動,115000024,2026/02/23,201544150,4030883,112864724,15,17,28,33,41,46
春節加碼活動,115000024,2026/02/23,201544150,4030883,112864724,15,17,28,38,41,46
春節加碼活動,115000024,2026/02/23,201544150,4030883,112864724,15,17,33,38,41,46
春節加碼活動,115000024,2026/02/23,201544150,4030883,112864724,15,28,33,38,41,46
春節加碼活動,115000024,2026/02/23,201544150,4030883,112864724,17,28,33,38,41,46
春節加碼活動,115000025,2026/02/24,199606100,3992122,167216011,03,06,13,19,24,27
春節加碼活動,115000025,2026/02/24,199606100,3992122,167216011,03,06,13,19,24,31
春節加碼活動,115000025,2026/02/24,199606100,3992122,167216011,03,06,13,19,24,35
春節加碼活動,115000025,2026/02/24,199606100,3992122,167216011,03,06,13,19,24,39
春節加碼活動,115000025,2026/02/24,199606100,3992122,167216011,03,06,13,19,24,46
春節加碼活動,115000025,2026/02/24,199606100,3992122,167216011,03,06,13,19,27,31
春節加碼活動,115000025,2026/02/24,199606100,3992122,167216011,03,06,13,19,27,35
春節加碼活動,115000025,2026/02/24,199606100,3992122,167216011,03,06,13,19,27,39
春節加碼活動,115000025,2026/02/24,199606100,3992122,167216011,03,06,13,19,27,46
春節加碼活動,115000025,2026/02/24,199606100,3992122,167216011,03,06,13,19,31,35
春節加碼活動,115000025,2026/02/24,199606100,3992122,167216011,03,06,13,19,31,39
春節加碼活動,115000025,2026/02/24,199606100,3992122,167216011,03,06,13,19,31,46
春節加碼活動,115000025,2026/02/24,199606100,3992122,167216011,03,06,13,19,35,39
春節加碼活動,115000025,2026/02/24,199606100,3992122,167216011,03,06,13,19,35,46
春節加碼活動,115000025,2026/02/24,199606100,3992122,167216011,03,06,13,19,39,46
春節加碼活動,115000025,2026/02/24,199606100,3992122,167216011,03,06,13,24,27,31
春節加碼活動,115000025,2026/02/24,199606100,3992122,167216011,03,06,13,24,27,35
春節加碼活動,115000025,2026/02/24,199606100,3992122,167216011,03,06,13,24,27,39
春節加碼活動,115000025,2026/02/24,199606100,3992122,167216011,03,06,13,24,27,46
春節加碼活動,115000025,2026/02/24,199606100,3992122,167216011,03,06,13,24,31,35
春節加碼活動,115000025,2026/02/24,199606100,3992122,167216011,03,06,13,24,31,39
春節加碼活動,115000025,2026/02/24,199606100,3992122,167216011,03,06,13,24,31,46
春節加碼活動,115000025,2026/02/24,199606100,3992122,167216011,03,06,13,24,35,39
春節加碼活動,115000025,2026/02/24,199606100,3992122,167216011,03,06,13,24,35,46
春節加碼活動,115000025,2026/02/24,199606100,3992122,167216011,03,06,13,24,39,46
春節加碼活動,115000025,2026/02/24,199606100,3992122,167216011,03,06,13,27,31,35
春節加碼活動,115000025,2026/02/24,199606100,3992122,167216011,03,06,13,27,31,39
春節加碼活動,115000025,2026/02/24,199606100,3992122,167216011,03,06,13,27,31,46
春節加碼活動,115000025,2026/02/24,199606100,3992122,167216011,03,06,13,27,35,39
春節加碼活動,115000025,2026/02/24,199606100,3992122,167216011,03,06,13,27,35,46
春節加碼活動,115000025,2026/02/24,199606100,3992122,167216011,03,06,13,27,39,46
春節加碼活動,115000025,2026/02/24,199606100,3992122,167216011,03,06,13,31,35,39
春節加碼活動,115000025,2026/02/24,199606100,3992122,167216011,03,06,13,31,35,46
春節加碼活動,115000025,2026/02/24,199606100,3992122,167216011,03,06,13,31,39,46
春節加碼活動,115000025,2026/02/24,199606100,3992122,167216011,03,06,13,35,39,46
春節加碼活動,115000025,2026/02/24,199606100,3992122,167216011,03,06,19,24,27,31
春節加碼活動,115000025,2026/02/24,199606100,3992122,167216011,03,06,19,24,27,35
春節加碼活動,115000025,2026/02/24,199606100,3992122,167216011,03,06,19,24,27,39
春節加碼活動,115000025,2026/02/24,199606100,3992122,167216011,03,06,19,24,27,46
春節加碼活動,115000025,2026/02/24,199606100,3992122,167216011,03,06,19,24,31,35
春節加碼活動,115000025,2026/02/24,199606100,3992122,167216011,03,06,19,24,31,39
春節加碼活動,115000025,2026/02/24,199606100,3992122,167216011,03,06,19,24,31,46
春節加碼活動,115000025,2026/02/24,199606100,3992122,167216011,03,06,19,24,35,39
春節加碼活動,115000025,2026/02/24,199606100,3992122,167216011,03,06,19,24,35,46
春節加碼活動,115000025,2026/02/24,199606100,3992122,167216011,03,06,19,24,39,46
春節加碼活動,115000025,2026/02/24,199606100,3992122,167216011,03,06,19,27,31,35
春節加碼活動,115000025,2026/02/24,199606100,3992122,167216011,03,06,19,27,31,39
春節加碼活動,115000025,2026/02/24,199606100,3992122,167216011,03,06,19,27,31,46
春節加碼活動,115000025,2026/02/24,199606100,3992122,167216011,03,06,19,27,35,39
春節加碼活動,115000025,2026/02/24,199606100,3992122,167216011,03,06,19,27,35,46
春節加碼活動,115000025,2026/02/24,199606100,3992122,167216011,03,06,19,27,39,46
春節加碼活動,115000025,2026/02/24,199606100,3992122,167216011,03,06,19,31,35,39
春節加碼活動,115000025,2026/02/24,199606100,3992122,167216011,03,06,19,31,35,46
春節加碼活動,115000025,2026/02/24,199606100,3992122,167216011,03,06,19,31,39,46
春節加碼活動,115000025,2026/02/24,199606100,3992122,167216011,03,06,19,35,39,46
春節加碼活動,115000025,2026/02/24,199606100,3992122,167216011,03,06,24,27,31,35
春節加碼活動,115000025,2026/02/24,199606100,3992122,167216011,03,06,24,27,31,39
春節加碼活動,115000025,2026/02/24,199606100,3992122,167216011,03,06,24,27,31,46
春節加碼活動,115000025,2026/02/24,199606100,3992122,167216011,03,06,24,27,35,39
春節加碼活動,115000025,2026/02/24,199606100,3992122,167216011,03,06,24,27,35,46
春節加碼活動,115000025,2026/02/24,199606100,3992122,167216011,03,06,24,27,39,46
春節加碼活動,115000025,2026/02/24,199606100,3992122,167216011,03,06,24,31,35,39
春節加碼活動,115000025,2026/02/24,199606100,3992122,167216011,03,06,24,31,35,46
春節加碼活動,115000025,2026/02/24,199606100,3992122,167216011,03,06,24,31,39,46
春節加碼活動,115000025,2026/02/24,199606100,3992122,167216011,03,06,24,35,39,46
春節加碼活動,115000025,2026/02/24,199606100,3992122,167216011,03,06,27,31,35,39
春節加碼活動,115000025,2026/02/24,199606100,3992122,167216011,03,06,27,31,35,46
春節加碼活動,115000025,2026/02/24,199606100,3992122,167216011,03,06,27,31,39,46
春節加碼活動,115000025,2026/02/24,199606100,3992122,167216011,03,06,27,35,39,46
春節加碼活動,115000025,2026/02/24,199606100,3992122,167216011,03,06,31,35,39,46
春節加碼活動,115000025,2026/02/24,199606100,3992122,167216011,03,13,19,24,27,31
春節加碼活動,115000025,2026/02/24,199606100,3992122,167216011,03,13,19,24,27,35
春節加碼活動,115000025,2026/02/24,199606100,3992122,167216011,03,13,19,24,27,39
春節加碼活動,115000025,2026/02/24,199606100,3992122,167216011,03,13,19,24,27,46
春節加碼活動,115000025,2026/02/24,199606100,3992122,167216011,03,13,19,24,31,35
春節加碼活動,115000025,2026/02/24,199606100,3992122,167216011,03,13,19,24,31,39
春節加碼活動,115000025,2026/02/24,199606100,3992122,167216011,03,13,19,24,31,46
春節加碼活動,115000025,2026/02/24,199606100,3992122,167216011,03,13,19,24,35,39
春節加碼活動,115000025,2026/02/24,199606100,3992122,167216011,03,13,19,24,35,46
春節加碼活動,115000025,2026/02/24,199606100,3992122,167216011,03,13,19,24,39,46
春節加碼活動,115000025,2026/02/24,199606100,3992122,167216011,03,13,19,27,31,35
春節加碼活動,115000025,2026/02/24,199606100,3992122,167216011,03,13,19,27,31,39
春節加碼活動,115000025,2026/02/24,199606100,3992122,167216011,03,13,19,27,31,46
春節加碼活動,115000025,2026/02/24,199606100,3992122,167216011,03,13,19,27,35,39
春節加碼活動,115000025,2026/02/24,199606100,3992122,167216011,03,13,19,27,35,46
春節加碼活動,115000025,2026/02/24,199606100,3992122,167216011,03,13,19,27,39,46
春節加碼活動,115000025,2026/02/24,199606100,3992122,167216011,03,13,19,31,35,39
春節加碼活動,115000025,2026/02/24,199606100,3992122,167216011,03,13,19,31,35,46
春節加碼活動,115000025,2026/02/24,199606100,3992122,167216011,03,13,19,31,39,46
春節加碼活動,115000025,2026/02/24,199606100,3992122,167216011,03,13,19,35,39,46
春節加碼活動,115000025,2026/02/24,199606100,3992122,167216011,03,13,24,27,31,35
春節加碼活動,115000025,2026/02/24,199606100,3992122,167216011,03,13,24,27,31,39
春節加碼活動,115000025,2026/02/24,199606100,3992122,167216011,03,13,24,27,31,46
春節加碼活動,115000025,2026/02/24,199606100,3992122,167216011,03,13,24,27,35,39
春節加碼活動,115000025,2026/02/24,199606100,3992122,167216011,03,13,24,27,35,46
春節加碼活動,115000025,2026/02/24,199606100,3992122,167216011,03,13,24,27,39,46
春節加碼活動,115000025,2026/02/24,199606100,3992122,167216011,03,13,24,31,35,39
春節加碼活動,115000025,2026/02/24,199606100,3992122,167216011,03,13,24,31,35,46
春節加碼活動,115000025,2026/02/24,199606100,3992122,167216011,03,13,24,31,39,46
春節加碼活動,115000025,2026/02/24,199606100,3992122,167216011,03,13,24,35,39,46
春節加碼活動,115000025,2026/02/24,199606100,3992122,167216011,03,13,27,31,35,39
春節加碼活動,115000025,2026/02/24,199606100,3992122,167216011,03,13,27,31,35,46
春節加碼活動,115000025,2026/02/24,199606100,3992122,167216011,03,13,27,31,39,46
春節加碼活動,115000025,2026/02/24,199606100,3992122,167216011,03,13,27,35,39,46
春節加碼活動,115000025,2026/02/24,199606100,3992122,167216011,03,13,31,35,39,46
春節加碼活動,115000025,2026/02/24,199606100,3992122,167216011,03,19,24,27,31,35
春節加碼活動,115000025,2026/02/24,199606100,3992122,167216011,03,19,24,27,31,39
春節加碼活動,115000025,2026/02/24,199606100,3992122,167216011,03,19,24,27,31,46
春節加碼活動,115000025,2026/02/24,199606100,3992122,167216011,03,19,24,27,35,39
春節加碼活動,115000025,2026/02/24,199606100,3992122,167216011,03,19,24,27,35,46
春節加碼活動,115000025,2026/02/24,199606100,3992122,167216011,03,19,24,27,39,46
春節加碼活動,115000025,2026/02/24,199606100,3992122,167216011,03,19,24,31,35,39
春節加碼活動,115000025,2026/02/24,199606100,3992122,167216011,03,19,24,31,35,46
春節加碼活動,115000025,2026/02/24,199606100,3992122,167216011,03,19,24,31,39,46
春節加碼活動,115000025,2026/02/24,199606100,3992122,167216011,03,19,24,35,39,46
春節加碼活動,115000025,2026/02/24,199606100,3992122,167216011,03,19,27,31,35,39
春節加碼活動,115000025,2026/02/24,199606100,3992122,167216011,03,19,27,31,35,46
春節加碼活動,115000025,2026/02/24,199606100,3992122,167216011,03,19,27,31,39,46
春節加碼活動,115000025,2026/02/24,199606100,3992122,167216011,03,19,27,35,39,46
春節加碼活動,115000025,2026/02/24,199606100,3992122,167216011,03,19,31,35,39,46
春節加碼活動,115000025,2026/02/24,199606100,3992122,167216011,03,24,27,31,35,39
春節加碼活動,115000025,2026/02/24,199606100,3992122,167216011,03,24,27,31,35,46
春節加碼活動,115000025,2026/02/24,199606100,3992122,167216011,03,24,27,31,39,46
春節加碼活動,115000025,2026/02/24,199606100,3992122,167216011,03,24,27,35,39,46
春節加碼活動,115000025,2026/02/24,199606100,3992122,167216011,03,24,31,35,39,46
春節加碼活動,115000025,2026/02/24,199606100,3992122,167216011,03,27,31,35,39,46
春節加碼活動,115000025,2026/02/24,199606100,3992122,167216011,06,13,19,24,27,31
春節加碼活動,115000025,2026/02/24,199606100,3992122,167216011,06,13,19,24,27,35
春節加碼活動,115000025,2026/02/24,199606100,3992122,167216011,06,13,19,24,27,39
春節加碼活動,115000025,2026/02/24,199606100,3992122,167216011,06,13,19,24,27,46
春節加碼活動,115000025,2026/02/24,199606100,3992122,167216011,06,13,19,24,31,35
春節加碼活動,115000025,2026/02/24,199606100,3992122,167216011,06,13,19,24,31,39
春節加碼活動,115000025,2026/02/24,199606100,3992122,167216011,06,13,19,24,31,46
春節加碼活動,115000025,2026/02/24,199606100,3992122,167216011,06,13,19,24,35,39
春節加碼活動,115000025,2026/02/24,199606100,3992122,167216011,06,13,19,24,35,46
春節加碼活動,115000025,2026/02/24,199606100,3992122,167216011,06,13,19,24,39,46
春節加碼活動,115000025,2026/02/24,199606100,3992122,167216011,06,13,19,27,31,35
春節加碼活動,115000025,2026/02/24,199606100,3992122,167216011,06,13,19,27,31,39
春節加碼活動,115000025,2026/02/24,199606100,3992122,167216011,06,13,19,27,31,46
春節加碼活動,115000025,2026/02/24,199606100,3992122,167216011,06,13,19,27,35,39
春節加碼活動,115000025,2026/02/24,199606100,3992122,167216011,06,13,19,27,35,46
春節加碼活動,115000025,2026/02/24,199606100,3992122,167216011,06,13,19,27,39,46
春節加碼活動,115000025,2026/02/24,199606100,3992122,167216011,06,13,19,31,35,39
春節加碼活動,115000025,2026/02/24,199606100,3992122,167216011,06,13,19,31,35,46
春節加碼活動,115000025,2026/02/24,199606100,3992122,167216011,06,13,19,31,39,46
春節加碼活動,115000025,2026/02/24,199606100,3992122,167216011,06,13,19,35,39,46
春節加碼活動,115000025,2026/02/24,199606100,3992122,167216011,06,13,24,27,31,35
春節加碼活動,115000025,2026/02/24,199606100,3992122,167216011,06,13,24,27,31,39
春節加碼活動,115000025,2026/02/24,199606100,3992122,167216011,06,13,24,27,31,46
春節加碼活動,115000025,2026/02/24,199606100,3992122,167216011,06,13,24,27,35,39
春節加碼活動,115000025,2026/02/24,199606100,3992122,167216011,06,13,24,27,35,46
春節加碼活動,115000025,2026/02/24,199606100,3992122,167216011,06,13,24,27,39,46
春節加碼活動,115000025,2026/02/24,199606100,3992122,167216011,06,13,24,31,35,39
春節加碼活動,115000025,2026/02/24,199606100,3992122,167216011,06,13,24,31,35,46
春節加碼活動,115000025,2026/02/24,199606100,3992122,167216011,06,13,24,31,39,46
春節加碼活動,115000025,2026/02/24,199606100,3992122,167216011,06,13,24,35,39,46
春節加碼活動,115000025,2026/02/24,199606100,3992122,167216011,06,13,27,31,35,39
春節加碼活動,115000025,2026/02/24,199606100,3992122,167216011,06,13,27,31,35,46
春節加碼活動,115000025,2026/02/24,199606100,3992122,167216011,06,13,27,31,39,46
春節加碼活動,115000025,2026/02/24,199606100,3992122,167216011,06,13,27,35,39,46
春節加碼活動,115000025,2026/02/24,199606100,3992122,167216011,06,13,31,35,39,46
春節加碼活動,115000025,2026/02/24,199606100,3992122,167216011,06,19,24,27,31,35
春節加碼活動,115000025,2026/02/24,199606100,3992122,167216011,06,19,24,27,31,39
春節加碼活動,115000025,2026/02/24,199606100,3992122,167216011,06,19,24,27,31,46
春節加碼活動,115000025,2026/02/24,199606100,3992122,167216011,06,19,24,27,35,39
春節加碼活動,115000025,2026/02/24,199606100,3992122,167216011,06,19,24,27,35,46
春節加碼活動,115000025,2026/02/24,199606100,3992122,167216011,06,19,24,27,39,46
春節加碼活動,115000025,2026/02/24,199606100,3992122,167216011,06,19,24,31,35,39
春節加碼活動,115000025,2026/02/24,199606100,3992122,167216011,06,19,24,31,35,46
春節加碼活動,115000025,2026/02/24,199606100,3992122,167216011,06,19,24,31,39,46
春節加碼活動,115000025,2026/02/24,199606100,3992122,167216011,06,19,24,35,39,46
春節加碼活動,115000025,2026/02/24,199606100,3992122,167216011,06,19,27,31,35,39
春節加碼活動,115000025,2026/02/24,199606100,3992122,167216011,06,19,27,31,35,46
春節加碼活動,115000025,2026/02/24,199606100,3992122,167216011,06,19,27,31,39,46
春節加碼活動,115000025,2026/02/24,199606100,3992122,167216011,06,19,27,35,39,46
春節加碼活動,115000025,2026/02/24,199606100,3992122,167216011,06,19,31,35,39,46
春節加碼活動,115000025,2026/02/24,199606100,3992122,167216011,06,24,27,31,35,39
春節加碼活動,115000025,2026/02/24,199606100,3992122,167216011,06,24,27,31,35,46
春節加碼活動,115000025,2026/02/24,199606100,3992122,167216011,06,24,27,31,39,46
春節加碼活動,115000025,2026/02/24,199606100,3992122,167216011,06,24,27,35,39,46
春節加碼活動,115000025,2026/02/24,199606100,3992122,167216011,06,24,31,35,39,46
春節加碼活動,115000025,2026/02/24,199606100,3992122,167216011,06,27,31,35,39,46
春節加碼活動,115000025,2026/02/24,199606100,3992122,167216011,13,19,24,27,31,35
春節加碼活動,115000025,2026/02/24,199606100,3992122,167216011,13,19,24,27,31,39
春節加碼活動,115000025,2026/02/24,199606100,3992122,167216011,13,19,24,27,31,46
春節加碼活動,115000025,2026/02/24,199606100,3992122,167216011,13,19,24,27,35,39
春節加碼活動,115000025,2026/02/24,199606100,3992122,167216011,13,19,24,27,35,46
春節加碼活動,115000025,2026/02/24,199606100,3992122,167216011,13,19,24,27,39,46
春節加碼活動,115000025,2026/02/24,199606100,3992122,167216011,13,19,24,31,35,39
春節加碼活動,115000025,2026/02/24,199606100,3992122,167216011,13,19,24,31,35,46
春節加碼活動,115000025,2026/02/24,199606100,3992122,167216011,13,19,24,31,39,46
春節加碼活動,115000025,2026/02/24,199606100,3992122,167216011,13,19,24,35,39,46
春節加碼活動,115000025,2026/02/24,199606100,3992122,167216011,13,19,27,31,35,39
春節加碼活動,115000025,2026/02/24,199606100,3992122,167216011,13,19,27,31,35,46
春節加碼活動,115000025,2026/02/24,199606100,3992122,167216011,13,19,27,31,39,46
春節加碼活動,115000025,2026/02/24,199606100,3992122,167216011,13,19,27,35,39,46
春節加碼活動,115000025,2026/02/24,199606100,3992122,167216011,13,19,31,35,39,46
春節加碼活動,115000025,2026/02/24,199606100,3992122,167216011,13,24,27,31,35,39
春節加碼活動,115000025,2026/02/24,199606100,3992122,167216011,13,24,27,31,35,46
春節加碼活動,115000025,2026/02/24,199606100,3992122,167216011,13,24,27,31,39,46
春節加碼活動,115000025,2026/02/24,199606100,3992122,167216011,13,24,27,35,39,46
春節加碼活動,115000025,2026/02/24,199606100,3992122,167216011,13,24,31,35,39,46
春節加碼活動,115000025,2026/02/24,199606100,3992122,167216011,13,27,31,35,39,46
春節加碼活動,115000025,2026/02/24,199606100,3992122,167216011,19,24,27,31,35,39
春節加碼活動,115000025,2026/02/24,199606100,3992122,167216011,19,24,27,31,35,46
春節加碼活動,115000025,2026/02/24,199606100,3992122,167216011,19,24,27,31,39,46
春節加碼活動,115000025,2026/02/24,199606100,3992122,167216011,19,24,27,35,39,46
春節加碼活動,115000025,2026/02/24,199606100,3992122,167216011,19,24,31,35,39,46
春節加碼活動,115000025,2026/02/24,199606100,3992122,167216011,19,27,31,35,39,46
春節加碼活動,115000025,2026/02/24,199606100,3992122,167216011,24,27,31,35,39,46
春節加碼活動,115000026,2026/02/25,178035850,3560717,99700076,02,05,11,16,20,24
春節加碼活動,115000026,2026/02/25,178035850,3560717,99700076,02,05,11,16,20,26
春節加碼活動,115000026,2026/02/25,178035850,3560717,99700076,02,05,11,16,20,38
春節加碼活動,115000026,2026/02/25,178035850,3560717,99700076,02,05,11,16,20,40
春節加碼活動,115000026,2026/02/25,178035850,3560717,99700076,02,05,11,16,20,45
春節加碼活動,115000026,2026/02/25,178035850,3560717,99700076,02,05,11,16,24,26
春節加碼活動,115000026,2026/02/25,178035850,3560717,99700076,02,05,11,16,24,38
春節加碼活動,115000026,2026/02/25,178035850,3560717,99700076,02,05,11,16,24,40
春節加碼活動,115000026,2026/02/25,178035850,3560717,99700076,02,05,11,16,24,45
春節加碼活動,115000026,2026/02/25,178035850,3560717,99700076,02,05,11,16,26,38
春節加碼活動,115000026,2026/02/25,178035850,3560717,99700076,02,05,11,16,26,40
春節加碼活動,115000026,2026/02/25,178035850,3560717,99700076,02,05,11,16,26,45
春節加碼活動,115000026,2026/02/25,178035850,3560717,99700076,02,05,11,16,38,40
春節加碼活動,115000026,2026/02/25,178035850,3560717,99700076,02,05,11,16,38,45
春節加碼活動,115000026,2026/02/25,178035850,3560717,99700076,02,05,11,16,40,45
春節加碼活動,115000026,2026/02/25,178035850,3560717,99700076,02,05,11,20,24,26
春節加碼活動,115000026,2026/02/25,178035850,3560717,99700076,02,05,11,20,24,38
春節加碼活動,115000026,2026/02/25,178035850,3560717,99700076,02,05,11,20,24,40
春節加碼活動,115000026,2026/02/25,178035850,3560717,99700076,02,05,11,20,24,45
春節加碼活動,115000026,2026/02/25,178035850,3560717,99700076,02,05,11,20,26,38
春節加碼活動,115000026,2026/02/25,178035850,3560717,99700076,02,05,11,20,26,40
春節加碼活動,115000026,2026/02/25,178035850,3560717,99700076,02,05,11,20,26,45
春節加碼活動,115000026,2026/02/25,178035850,3560717,99700076,02,05,11,20,38,40
春節加碼活動,115000026,2026/02/25,178035850,3560717,99700076,02,05,11,20,38,45
春節加碼活動,115000026,2026/02/25,178035850,3560717,99700076,02,05,11,20,40,45
春節加碼活動,115000026,2026/02/25,178035850,3560717,99700076,02,05,11,24,26,38
春節加碼活動,115000026,2026/02/25,178035850,3560717,99700076,02,05,11,24,26,40
春節加碼活動,115000026,2026/02/25,178035850,3560717,99700076,02,05,11,24,26,45
春節加碼活動,115000026,2026/02/25,178035850,3560717,99700076,02,05,11,24,38,40
春節加碼活動,115000026,2026/02/25,178035850,3560717,99700076,02,05,11,24,38,45
春節加碼活動,115000026,2026/02/25,178035850,3560717,99700076,02,05,11,24,40,45
春節加碼活動,115000026,2026/02/25,178035850,3560717,99700076,02,05,11,26,38,40
春節加碼活動,115000026,2026/02/25,178035850,3560717,99700076,02,05,11,26,38,45
春節加碼活動,115000026,2026/02/25,178035850,3560717,99700076,02,05,11,26,40,45
春節加碼活動,115000026,2026/02/25,178035850,3560717,99700076,02,05,11,38,40,45
春節加碼活動,115000026,2026/02/25,178035850,3560717,99700076,02,05,16,20,24,26
春節加碼活動,115000026,2026/02/25,178035850,3560717,99700076,02,05,16,20,24,38
春節加碼活動,115000026,2026/02/25,178035850,3560717,99700076,02,05,16,20,24,40
春節加碼活動,115000026,2026/02/25,178035850,3560717,99700076,02,05,16,20,24,45
春節加碼活動,115000026,2026/02/25,178035850,3560717,99700076,02,05,16,20,26,38
春節加碼活動,115000026,2026/02/25,178035850,3560717,99700076,02,05,16,20,26,40
春節加碼活動,115000026,2026/02/25,178035850,3560717,99700076,02,05,16,20,26,45
春節加碼活動,115000026,2026/02/25,178035850,3560717,99700076,02,05,16,20,38,40
春節加碼活動,115000026,2026/02/25,178035850,3560717,99700076,02,05,16,20,38,45
春節加碼活動,115000026,2026/02/25,178035850,3560717,99700076,02,05,16,20,40,45
春節加碼活動,115000026,2026/02/25,178035850,3560717,99700076,02,05,16,24,26,38
春節加碼活動,115000026,2026/02/25,178035850,3560717,99700076,02,05,16,24,26,40
春節加碼活動,115000026,2026/02/25,178035850,3560717,99700076,02,05,16,24,26,45
春節加碼活動,115000026,2026/02/25,178035850,3560717,99700076,02,05,16,24,38,40
春節加碼活動,115000026,2026/02/25,178035850,3560717,99700076,02,05,16,24,38,45
春節加碼活動,115000026,2026/02/25,178035850,3560717,99700076,02,05,16,24,40,45
春節加碼活動,115000026,2026/02/25,178035850,3560717,99700076,02,05,16,26,38,40
春節加碼活動,115000026,2026/02/25,178035850,3560717,99700076,02,05,16,26,38,45
春節加碼活動,115000026,2026/02/25,178035850,3560717,99700076,02,05,16,26,40,45
春節加碼活動,115000026,2026/02/25,178035850,3560717,99700076,02,05,16,38,40,45
春節加碼活動,115000026,2026/02/25,178035850,3560717,99700076,02,05,20,24,26,38
春節加碼活動,115000026,2026/02/25,178035850,3560717,99700076,02,05,20,24,26,40
春節加碼活動,115000026,2026/02/25,178035850,3560717,99700076,02,05,20,24,26,45
春節加碼活動,115000026,2026/02/25,178035850,3560717,99700076,02,05,20,24,38,40
春節加碼活動,115000026,2026/02/25,178035850,3560717,99700076,02,05,20,24,38,45
春節加碼活動,115000026,2026/02/25,178035850,3560717,99700076,02,05,20,24,40,45
春節加碼活動,115000026,2026/02/25,178035850,3560717,99700076,02,05,20,26,38,40
春節加碼活動,115000026,2026/02/25,178035850,3560717,99700076,02,05,20,26,38,45
春節加碼活動,115000026,2026/02/25,178035850,3560717,99700076,02,05,20,26,40,45
春節加碼活動,115000026,2026/02/25,178035850,3560717,99700076,02,05,20,38,40,45
春節加碼活動,115000026,2026/02/25,178035850,3560717,99700076,02,05,24,26,38,40
春節加碼活動,115000026,2026/02/25,178035850,3560717,99700076,02,05,24,26,38,45
春節加碼活動,115000026,2026/02/25,178035850,3560717,99700076,02,05,24,26,40,45
春節加碼活動,115000026,2026/02/25,178035850,3560717,99700076,02,05,24,38,40,45
春節加碼活動,115000026,2026/02/25,178035850,3560717,99700076,02,05,26,38,40,45
春節加碼活動,115000026,2026/02/25,178035850,3560717,99700076,02,11,16,20,24,26
春節加碼活動,115000026,2026/02/25,178035850,3560717,99700076,02,11,16,20,24,38
春節加碼活動,115000026,2026/02/25,178035850,3560717,99700076,02,11,16,20,24,40
春節加碼活動,115000026,2026/02/25,178035850,3560717,99700076,02,11,16,20,24,45
春節加碼活動,115000026,2026/02/25,178035850,3560717,99700076,02,11,16,20,26,38
春節加碼活動,115000026,2026/02/25,178035850,3560717,99700076,02,11,16,20,26,40
春節加碼活動,115000026,2026/02/25,178035850,3560717,99700076,02,11,16,20,26,45
春節加碼活動,115000026,2026/02/25,178035850,3560717,99700076,02,11,16,20,38,40
春節加碼活動,115000026,2026/02/25,178035850,3560717,99700076,02,11,16,20,38,45
春節加碼活動,115000026,2026/02/25,178035850,3560717,99700076,02,11,16,20,40,45
春節加碼活動,115000026,2026/02/25,178035850,3560717,99700076,02,11,16,24,26,38
春節加碼活動,115000026,2026/02/25,178035850,3560717,99700076,02,11,16,24,26,40
春節加碼活動,115000026,2026/02/25,178035850,3560717,99700076,02,11,16,24,26,45
春節加碼活動,115000026,2026/02/25,178035850,3560717,99700076,02,11,16,24,38,40
春節加碼活動,115000026,2026/02/25,178035850,3560717,99700076,02,11,16,24,38,45
春節加碼活動,115000026,2026/02/25,178035850,3560717,99700076,02,11,16,24,40,45
春節加碼活動,115000026,2026/02/25,178035850,3560717,99700076,02,11,16,26,38,40
春節加碼活動,115000026,2026/02/25,178035850,3560717,99700076,02,11,16,26,38,45
春節加碼活動,115000026,2026/02/25,178035850,3560717,99700076,02,11,16,26,40,45
春節加碼活動,115000026,2026/02/25,178035850,3560717,99700076,02,11,16,38,40,45
春節加碼活動,115000026,2026/02/25,178035850,3560717,99700076,02,11,20,24,26,38
春節加碼活動,115000026,2026/02/25,178035850,3560717,99700076,02,11,20,24,26,40
春節加碼活動,115000026,2026/02/25,178035850,3560717,99700076,02,11,20,24,26,45
春節加碼活動,115000026,2026/02/25,178035850,3560717,99700076,02,11,20,24,38,40
春節加碼活動,115000026,2026/02/25,178035850,3560717,99700076,02,11,20,24,38,45
春節加碼活動,115000026,2026/02/25,178035850,3560717,99700076,02,11,20,24,40,45
春節加碼活動,115000026,2026/02/25,178035850,3560717,99700076,02,11,20,26,38,40
春節加碼活動,115000026,2026/02/25,178035850,3560717,99700076,02,11,20,26,38,45
春節加碼活動,115000026,2026/02/25,178035850,3560717,99700076,02,11,20,26,40,45
春節加碼活動,115000026,2026/02/25,178035850,3560717,99700076,02,11,20,38,40,45
春節加碼活動,115000026,2026/02/25,178035850,3560717,99700076,02,11,24,26,38,40
春節加碼活動,115000026,2026/02/25,178035850,3560717,99700076,02,11,24,26,38,45
春節加碼活動,115000026,2026/02/25,178035850,3560717,99700076,02,11,24,26,40,45
春節加碼活動,115000026,2026/02/25,178035850,3560717,99700076,02,11,24,38,40,45
春節加碼活動,115000026,2026/02/25,178035850,3560717,99700076,02,11,26,38,40,45
春節加碼活動,115000026,2026/02/25,178035850,3560717,99700076,02,16,20,24,26,38
春節加碼活動,115000026,2026/02/25,178035850,3560717,99700076,02,16,20,24,26,40
春節加碼活動,115000026,2026/02/25,178035850,3560717,99700076,02,16,20,24,26,45
春節加碼活動,115000026,2026/02/25,178035850,3560717,99700076,02,16,20,24,38,40
春節加碼活動,115000026,2026/02/25,178035850,3560717,99700076,02,16,20,24,38,45
春節加碼活動,115000026,2026/02/25,178035850,3560717,99700076,02,16,20,24,40,45
春節加碼活動,115000026,2026/02/25,178035850,3560717,99700076,02,16,20,26,38,40
春節加碼活動,115000026,2026/02/25,178035850,3560717,99700076,02,16,20,26,38,45
春節加碼活動,115000026,2026/02/25,178035850,3560717,99700076,02,16,20,26,40,45
春節加碼活動,115000026,2026/02/25,178035850,3560717,99700076,02,16,20,38,40,45
春節加碼活動,115000026,2026/02/25,178035850,3560717,99700076,02,16,24,26,38,40
春節加碼活動,115000026,2026/02/25,178035850,3560717,99700076,02,16,24,26,38,45
春節加碼活動,115000026,2026/02/25,178035850,3560717,99700076,02,16,24,26,40,45
春節加碼活動,115000026,2026/02/25,178035850,3560717,99700076,02,16,24,38,40,45
春節加碼活動,115000026,2026/02/25,178035850,3560717,99700076,02,16,26,38,40,45
春節加碼活動,115000026,2026/02/25,178035850,3560717,99700076,02,20,24,26,38,40
春節加碼活動,115000026,2026/02/25,178035850,3560717,99700076,02,20,24,26,38,45
春節加碼活動,115000026,2026/02/25,178035850,3560717,99700076,02,20,24,26,40,45
春節加碼活動,115000026,2026/02/25,178035850,3560717,99700076,02,20,24,38,40,45
春節加碼活動,115000026,2026/02/25,178035850,3560717,99700076,02,20,26,38,40,45
春節加碼活動,115000026,2026/02/25,178035850,3560717,99700076,02,24,26,38,40,45
春節加碼活動,115000026,2026/02/25,178035850,3560717,99700076,05,11,16,20,24,26
春節加碼活動,115000026,2026/02/25,178035850,3560717,99700076,05,11,16,20,24,38
春節加碼活動,115000026,2026/02/25,178035850,3560717,99700076,05,11,16,20,24,40
春節加碼活動,115000026,2026/02/25,178035850,3560717,99700076,05,11,16,20,24,45
春節加碼活動,115000026,2026/02/25,178035850,3560717,99700076,05,11,16,20,26,38
春節加碼活動,115000026,2026/02/25,178035850,3560717,99700076,05,11,16,20,26,40
春節加碼活動,115000026,2026/02/25,178035850,3560717,99700076,05,11,16,20,26,45
春節加碼活動,115000026,2026/02/25,178035850,3560717,99700076,05,11,16,20,38,40
春節加碼活動,115000026,2026/02/25,178035850,3560717,99700076,05,11,16,20,38,45
春節加碼活動,115000026,2026/02/25,178035850,3560717,99700076,05,11,16,20,40,45
春節加碼活動,115000026,2026/02/25,178035850,3560717,99700076,05,11,16,24,26,38
春節加碼活動,115000026,2026/02/25,178035850,3560717,99700076,05,11,16,24,26,40
春節加碼活動,115000026,2026/02/25,178035850,3560717,99700076,05,11,16,24,26,45
春節加碼活動,115000026,2026/02/25,178035850,3560717,99700076,05,11,16,24,38,40
春節加碼活動,115000026,2026/02/25,178035850,3560717,99700076,05,11,16,24,38,45
春節加碼活動,115000026,2026/02/25,178035850,3560717,99700076,05,11,16,24,40,45
春節加碼活動,115000026,2026/02/25,178035850,3560717,99700076,05,11,16,26,38,40
春節加碼活動,115000026,2026/02/25,178035850,3560717,99700076,05,11,16,26,38,45
春節加碼活動,115000026,2026/02/25,178035850,3560717,99700076,05,11,16,26,40,45
春節加碼活動,115000026,2026/02/25,178035850,3560717,99700076,05,11,16,38,40,45
春節加碼活動,115000026,2026/02/25,178035850,3560717,99700076,05,11,20,24,26,38
春節加碼活動,115000026,2026/02/25,178035850,3560717,99700076,05,11,20,24,26,40
春節加碼活動,115000026,2026/02/25,178035850,3560717,99700076,05,11,20,24,26,45
春節加碼活動,115000026,2026/02/25,178035850,3560717,99700076,05,11,20,24,38,40
春節加碼活動,115000026,2026/02/25,178035850,3560717,99700076,05,11,20,24,38,45
春節加碼活動,115000026,2026/02/25,178035850,3560717,99700076,05,11,20,24,40,45
春節加碼活動,115000026,2026/02/25,178035850,3560717,99700076,05,11,20,26,38,40
春節加碼活動,115000026,2026/02/25,178035850,3560717,99700076,05,11,20,26,38,45
春節加碼活動,115000026,2026/02/25,178035850,3560717,99700076,05,11,20,26,40,45
春節加碼活動,115000026,2026/02/25,178035850,3560717,99700076,05,11,20,38,40,45
春節加碼活動,115000026,2026/02/25,178035850,3560717,99700076,05,11,24,26,38,40
春節加碼活動,115000026,2026/02/25,178035850,3560717,99700076,05,11,24,26,38,45
春節加碼活動,115000026,2026/02/25,178035850,3560717,99700076,05,11,24,26,40,45
春節加碼活動,115000026,2026/02/25,178035850,3560717,99700076,05,11,24,38,40,45
春節加碼活動,115000026,2026/02/25,178035850,3560717,99700076,05,11,26,38,40,45
春節加碼活動,115000026,2026/02/25,178035850,3560717,99700076,05,16,20,24,26,38
春節加碼活動,115000026,2026/02/25,178035850,3560717,99700076,05,16,20,24,26,40
春節加碼活動,115000026,2026/02/25,178035850,3560717,99700076,05,16,20,24,26,45
春節加碼活動,115000026,2026/02/25,178035850,3560717,99700076,05,16,20,24,38,40
春節加碼活動,115000026,2026/02/25,178035850,3560717,99700076,05,16,20,24,38,45
春節加碼活動,115000026,2026/02/25,178035850,3560717,99700076,05,16,20,24,40,45
春節加碼活動,115000026,2026/02/25,178035850,3560717,99700076,05,16,20,26,38,40
春節加碼活動,115000026,2026/02/25,178035850,3560717,99700076,05,16,20,26,38,45
春節加碼活動,115000026,2026/02/25,178035850,3560717,99700076,05,16,20,26,40,45
春節加碼活動,115000026,2026/02/25,178035850,3560717,99700076,05,16,20,38,40,45
春節加碼活動,115000026,2026/02/25,178035850,3560717,99700076,05,16,24,26,38,40
春節加碼活動,115000026,2026/02/25,178035850,3560717,99700076,05,16,24,26,38,45
春節加碼活動,115000026,2026/02/25,178035850,3560717,99700076,05,16,24,26,40,45
春節加碼活動,115000026,2026/02/25,178035850,3560717,99700076,05,16,24,38,40,45
春節加碼活動,115000026,2026/02/25,178035850,3560717,99700076,05,16,26,38,40,45
春節加碼活動,115000026,2026/02/25,178035850,3560717,99700076,05,20,24,26,38,40
春節加碼活動,115000026,2026/02/25,178035850,3560717,99700076,05,20,24,26,38,45
春節加碼活動,115000026,2026/02/25,178035850,3560717,99700076,05,20,24,26,40,45
春節加碼活動,115000026,2026/02/25,178035850,3560717,99700076,05,20,24,38,40,45
春節加碼活動,115000026,2026/02/25,178035850,3560717,99700076,05,20,26,38,40,45
春節加碼活動,115000026,2026/02/25,178035850,3560717,99700076,05,24,26,38,40,45
春節加碼活動,115000026,2026/02/25,178035850,3560717,99700076,11,16,20,24,26,38
春節加碼活動,115000026,2026/02/25,178035850,3560717,99700076,11,16,20,24,26,40
春節加碼活動,115000026,2026/02/25,178035850,3560717,99700076,11,16,20,24,26,45
春節加碼活動,115000026,2026/02/25,178035850,3560717,99700076,11,16,20,24,38,40
春節加碼活動,115000026,2026/02/25,178035850,3560717,99700076,11,16,20,24,38,45
春節加碼活動,115000026,2026/02/25,178035850,3560717,99700076,11,16,20,24,40,45
春節加碼活動,115000026,2026/02/25,178035850,3560717,99700076,11,16,20,26,38,40
春節加碼活動,115000026,2026/02/25,178035850,3560717,99700076,11,16,20,26,38,45
春節加碼活動,115000026,2026/02/25,178035850,3560717,99700076,11,16,20,26,40,45
春節加碼活動,115000026,2026/02/25,178035850,3560717,99700076,11,16,20,38,40,45
春節加碼活動,115000026,2026/02/25,178035850,3560717,99700076,11,16,24,26,38,40
春節加碼活動,115000026,2026/02/25,178035850,3560717,99700076,11,16,24,26,38,45
春節加碼活動,115000026,2026/02/25,178035850,3560717,99700076,11,16,24,26,40,45
春節加碼活動,115000026,2026/02/25,178035850,3560717,99700076,11,16,24,38,40,45
春節加碼活動,115000026,2026/02/25,178035850,3560717,99700076,11,16,26,38,40,45
春節加碼活動,115000026,2026/02/25,178035850,3560717,99700076,11,20,24,26,38,40
春節加碼活動,115000026,2026/02/25,178035850,3560717,99700076,11,20,24,26,38,45
春節加碼活動,115000026,2026/02/25,178035850,3560717,99700076,11,20,24,26,40,45
春節加碼活動,115000026,2026/02/25,178035850,3560717,99700076,11,20,24,38,40,45
春節加碼活動,115000026,2026/02/25,178035850,3560717,99700076,11,20,26,38,40,45
春節加碼活動,115000026,2026/02/25,178035850,3560717,99700076,11,24,26,38,40,45
春節加碼活動,115000026,2026/02/25,178035850,3560717,99700076,16,20,24,26,38,40
春節加碼活動,115000026,2026/02/25,178035850,3560717,99700076,16,20,24,26,38,45
春節加碼活動,115000026,2026/02/25,178035850,3560717,99700076,16,20,24,26,40,45
春節加碼活動,115000026,2026/02/25,178035850,3560717,99700076,16,20,24,38,40,45
春節加碼活動,115000026,2026/02/25,178035850,3560717,99700076,16,20,26,38,40,45
春節加碼活動,115000026,2026/02/25,178035850,3560717,99700076,16,24,26,38,40,45
春節加碼活動,115000026,2026/02/25,178035850,3560717,99700076,20,24,26,38,40,45
春節加碼活動,115000027,2026/02/26,173189000,3463780,138830830,04,10,12,13,17,22
春節加碼活動,115000027,2026/02/26,173189000,3463780,138830830,04,10,12,13,17,28
春節加碼活動,115000027,2026/02/26,173189000,3463780,138830830,04,10,12,13,17,29
春節加碼活動,115000027,2026/02/26,173189000,3463780,138830830,04,10,12,13,17,46
春節加碼活動,115000027,2026/02/26,173189000,3463780,138830830,04,10,12,13,17,48
春節加碼活動,115000027,2026/02/26,173189000,3463780,138830830,04,10,12,13,22,28
春節加碼活動,115000027,2026/02/26,173189000,3463780,138830830,04,10,12,13,22,29
春節加碼活動,115000027,2026/02/26,173189000,3463780,138830830,04,10,12,13,22,46
春節加碼活動,115000027,2026/02/26,173189000,3463780,138830830,04,10,12,13,22,48
春節加碼活動,115000027,2026/02/26,173189000,3463780,138830830,04,10,12,13,28,29
春節加碼活動,115000027,2026/02/26,173189000,3463780,138830830,04,10,12,13,28,46
春節加碼活動,115000027,2026/02/26,173189000,3463780,138830830,04,10,12,13,28,48
春節加碼活動,115000027,2026/02/26,173189000,3463780,138830830,04,10,12,13,29,46
春節加碼活動,115000027,2026/02/26,173189000,3463780,138830830,04,10,12,13,29,48
春節加碼活動,115000027,2026/02/26,173189000,3463780,138830830,04,10,12,13,46,48
春節加碼活動,115000027,2026/02/26,173189000,3463780,138830830,04,10,12,17,22,28
春節加碼活動,115000027,2026/02/26,173189000,3463780,138830830,04,10,12,17,22,29
春節加碼活動,115000027,2026/02/26,173189000,3463780,138830830,04,10,12,17,22,46
春節加碼活動,115000027,2026/02/26,173189000,3463780,138830830,04,10,12,17,22,48
春節加碼活動,115000027,2026/02/26,173189000,3463780,138830830,04,10,12,17,28,29
春節加碼活動,115000027,2026/02/26,173189000,3463780,138830830,04,10,12,17,28,46
春節加碼活動,115000027,2026/02/26,173189000,3463780,138830830,04,10,12,17,28,48
春節加碼活動,115000027,2026/02/26,173189000,3463780,138830830,04,10,12,17,29,46
春節加碼活動,115000027,2026/02/26,173189000,3463780,138830830,04,10,12,17,29,48
春節加碼活動,115000027,2026/02/26,173189000,3463780,138830830,04,10,12,17,46,48
春節加碼活動,115000027,2026/02/26,173189000,3463780,138830830,04,10,12,22,28,29
春節加碼活動,115000027,2026/02/26,173189000,3463780,138830830,04,10,12,22,28,46
春節加碼活動,115000027,2026/02/26,173189000,3463780,138830830,04,10,12,22,28,48
春節加碼活動,115000027,2026/02/26,173189000,3463780,138830830,04,10,12,22,29,46
春節加碼活動,115000027,2026/02/26,173189000,3463780,138830830,04,10,12,22,29,48
春節加碼活動,115000027,2026/02/26,173189000,3463780,138830830,04,10,12,22,46,48
春節加碼活動,115000027,2026/02/26,173189000,3463780,138830830,04,10,12,28,29,46
春節加碼活動,115000027,2026/02/26,173189000,3463780,138830830,04,10,12,28,29,48
春節加碼活動,115000027,2026/02/26,173189000,3463780,138830830,04,10,12,28,46,48
春節加碼活動,115000027,2026/02/26,173189000,3463780,138830830,04,10,12,29,46,48
春節加碼活動,115000027,2026/02/26,173189000,3463780,138830830,04,10,13,17,22,28
春節加碼活動,115000027,2026/02/26,173189000,3463780,138830830,04,10,13,17,22,29
春節加碼活動,115000027,2026/02/26,173189000,3463780,138830830,04,10,13,17,22,46
春節加碼活動,115000027,2026/02/26,173189000,3463780,138830830,04,10,13,17,22,48
春節加碼活動,115000027,2026/02/26,173189000,3463780,138830830,04,10,13,17,28,29
春節加碼活動,115000027,2026/02/26,173189000,3463780,138830830,04,10,13,17,28,46
春節加碼活動,115000027,2026/02/26,173189000,3463780,138830830,04,10,13,17,28,48
春節加碼活動,115000027,2026/02/26,173189000,3463780,138830830,04,10,13,17,29,46
春節加碼活動,115000027,2026/02/26,173189000,3463780,138830830,04,10,13,17,29,48
春節加碼活動,115000027,2026/02/26,173189000,3463780,138830830,04,10,13,17,46,48
春節加碼活動,115000027,2026/02/26,173189000,3463780,138830830,04,10,13,22,28,29
春節加碼活動,115000027,2026/02/26,173189000,3463780,138830830,04,10,13,22,28,46
春節加碼活動,115000027,2026/02/26,173189000,3463780,138830830,04,10,13,22,28,48
春節加碼活動,115000027,2026/02/26,173189000,3463780,138830830,04,10,13,22,29,46
春節加碼活動,115000027,2026/02/26,173189000,3463780,138830830,04,10,13,22,29,48
春節加碼活動,115000027,2026/02/26,173189000,3463780,138830830,04,10,13,22,46,48
春節加碼活動,115000027,2026/02/26,173189000,3463780,138830830,04,10,13,28,29,46
春節加碼活動,115000027,2026/02/26,173189000,3463780,138830830,04,10,13,28,29,48
春節加碼活動,115000027,2026/02/26,173189000,3463780,138830830,04,10,13,28,46,48
春節加碼活動,115000027,2026/02/26,173189000,3463780,138830830,04,10,13,29,46,48
春節加碼活動,115000027,2026/02/26,173189000,3463780,138830830,04,10,17,22,28,29
春節加碼活動,115000027,2026/02/26,173189000,3463780,138830830,04,10,17,22,28,46
春節加碼活動,115000027,2026/02/26,173189000,3463780,138830830,04,10,17,22,28,48
春節加碼活動,115000027,2026/02/26,173189000,3463780,138830830,04,10,17,22,29,46
春節加碼活動,115000027,2026/02/26,173189000,3463780,138830830,04,10,17,22,29,48
春節加碼活動,115000027,2026/02/26,173189000,3463780,138830830,04,10,17,22,46,48
春節加碼活動,115000027,2026/02/26,173189000,3463780,138830830,04,10,17,28,29,46
春節加碼活動,115000027,2026/02/26,173189000,3463780,138830830,04,10,17,28,29,48
春節加碼活動,115000027,2026/02/26,173189000,3463780,138830830,04,10,17,28,46,48
春節加碼活動,115000027,2026/02/26,173189000,3463780,138830830,04,10,17,29,46,48
春節加碼活動,115000027,2026/02/26,173189000,3463780,138830830,04,10,22,28,29,46
春節加碼活動,115000027,2026/02/26,173189000,3463780,138830830,04,10,22,28,29,48
春節加碼活動,115000027,2026/02/26,173189000,3463780,138830830,04,10,22,28,46,48
春節加碼活動,115000027,2026/02/26,173189000,3463780,138830830,04,10,22,29,46,48
春節加碼活動,115000027,2026/02/26,173189000,3463780,138830830,04,10,28,29,46,48
春節加碼活動,115000027,2026/02/26,173189000,3463780,138830830,04,12,13,17,22,28
春節加碼活動,115000027,2026/02/26,173189000,3463780,138830830,04,12,13,17,22,29
春節加碼活動,115000027,2026/02/26,173189000,3463780,138830830,04,12,13,17,22,46
春節加碼活動,115000027,2026/02/26,173189000,3463780,138830830,04,12,13,17,22,48
春節加碼活動,115000027,2026/02/26,173189000,3463780,138830830,04,12,13,17,28,29
春節加碼活動,115000027,2026/02/26,173189000,3463780,138830830,04,12,13,17,28,46
春節加碼活動,115000027,2026/02/26,173189000,3463780,138830830,04,12,13,17,28,48
春節加碼活動,115000027,2026/02/26,173189000,3463780,138830830,04,12,13,17,29,46
春節加碼活動,115000027,2026/02/26,173189000,3463780,138830830,04,12,13,17,29,48
春節加碼活動,115000027,2026/02/26,173189000,3463780,138830830,04,12,13,17,46,48
春節加碼活動,115000027,2026/02/26,173189000,3463780,138830830,04,12,13,22,28,29
春節加碼活動,115000027,2026/02/26,173189000,3463780,138830830,04,12,13,22,28,46
春節加碼活動,115000027,2026/02/26,173189000,3463780,138830830,04,12,13,22,28,48
春節加碼活動,115000027,2026/02/26,173189000,3463780,138830830,04,12,13,22,29,46
春節加碼活動,115000027,2026/02/26,173189000,3463780,138830830,04,12,13,22,29,48
春節加碼活動,115000027,2026/02/26,173189000,3463780,138830830,04,12,13,22,46,48
春節加碼活動,115000027,2026/02/26,173189000,3463780,138830830,04,12,13,28,29,46
春節加碼活動,115000027,2026/02/26,173189000,3463780,138830830,04,12,13,28,29,48
春節加碼活動,115000027,2026/02/26,173189000,3463780,138830830,04,12,13,28,46,48
春節加碼活動,115000027,2026/02/26,173189000,3463780,138830830,04,12,13,29,46,48
春節加碼活動,115000027,2026/02/26,173189000,3463780,138830830,04,12,17,22,28,29
春節加碼活動,115000027,2026/02/26,173189000,3463780,138830830,04,12,17,22,28,46
春節加碼活動,115000027,2026/02/26,173189000,3463780,138830830,04,12,17,22,28,48
春節加碼活動,115000027,2026/02/26,173189000,3463780,138830830,04,12,17,22,29,46
春節加碼活動,115000027,2026/02/26,173189000,3463780,138830830,04,12,17,22,29,48
春節加碼活動,115000027,2026/02/26,173189000,3463780,138830830,04,12,17,22,46,48
春節加碼活動,115000027,2026/02/26,173189000,3463780,138830830,04,12,17,28,29,46
春節加碼活動,115000027,2026/02/26,173189000,3463780,138830830,04,12,17,28,29,48
春節加碼活動,115000027,2026/02/26,173189000,3463780,138830830,04,12,17,28,46,48
春節加碼活動,115000027,2026/02/26,173189000,3463780,138830830,04,12,17,29,46,48
春節加碼活動,115000027,2026/02/26,173189000,3463780,138830830,04,12,22,28,29,46
春節加碼活動,115000027,2026/02/26,173189000,3463780,138830830,04,12,22,28,29,48
春節加碼活動,115000027,2026/02/26,173189000,3463780,138830830,04,12,22,28,46,48
春節加碼活動,115000027,2026/02/26,173189000,3463780,138830830,04,12,22,29,46,48
春節加碼活動,115000027,2026/02/26,173189000,3463780,138830830,04,12,28,29,46,48
春節加碼活動,115000027,2026/02/26,173189000,3463780,138830830,04,13,17,22,28,29
春節加碼活動,115000027,2026/02/26,173189000,3463780,138830830,04,13,17,22,28,46
春節加碼活動,115000027,2026/02/26,173189000,3463780,138830830,04,13,17,22,28,48
春節加碼活動,115000027,2026/02/26,173189000,3463780,138830830,04,13,17,22,29,46
春節加碼活動,115000027,2026/02/26,173189000,3463780,138830830,04,13,17,22,29,48
春節加碼活動,115000027,2026/02/26,173189000,3463780,138830830,04,13,17,22,46,48
春節加碼活動,115000027,2026/02/26,173189000,3463780,138830830,04,13,17,28,29,46
春節加碼活動,115000027,2026/02/26,173189000,3463780,138830830,04,13,17,28,29,48
春節加碼活動,115000027,2026/02/26,173189000,3463780,138830830,04,13,17,28,46,48
春節加碼活動,115000027,2026/02/26,173189000,3463780,138830830,04,13,17,29,46,48
春節加碼活動,115000027,2026/02/26,173189000,3463780,138830830,04,13,22,28,29,46
春節加碼活動,115000027,2026/02/26,173189000,3463780,138830830,04,13,22,28,29,48
春節加碼活動,115000027,2026/02/26,173189000,3463780,138830830,04,13,22,28,46,48
春節加碼活動,115000027,2026/02/26,173189000,3463780,138830830,04,13,22,29,46,48
春節加碼活動,115000027,2026/02/26,173189000,3463780,138830830,04,13,28,29,46,48
春節加碼活動,115000027,2026/02/26,173189000,3463780,138830830,04,17,22,28,29,46
春節加碼活動,115000027,2026/02/26,173189000,3463780,138830830,04,17,22,28,29,48
春節加碼活動,115000027,2026/02/26,173189000,3463780,138830830,04,17,22,28,46,48
春節加碼活動,115000027,2026/02/26,173189000,3463780,138830830,04,17,22,29,46,48
春節加碼活動,115000027,2026/02/26,173189000,3463780,138830830,04,17,28,29,46,48
春節加碼活動,115000027,2026/02/26,173189000,3463780,138830830,04,22,28,29,46,48
春節加碼活動,115000027,2026/02/26,173189000,3463780,138830830,10,12,13,17,22,28
春節加碼活動,115000027,2026/02/26,173189000,3463780,138830830,10,12,13,17,22,29
春節加碼活動,115000027,2026/02/26,173189000,3463780,138830830,10,12,13,17,22,46
春節加碼活動,115000027,2026/02/26,173189000,3463780,138830830,10,12,13,17,22,48
春節加碼活動,115000027,2026/02/26,173189000,3463780,138830830,10,12,13,17,28,29
春節加碼活動,115000027,2026/02/26,173189000,3463780,138830830,10,12,13,17,28,46
春節加碼活動,115000027,2026/02/26,173189000,3463780,138830830,10,12,13,17,28,48
春節加碼活動,115000027,2026/02/26,173189000,3463780,138830830,10,12,13,17,29,46
春節加碼活動,115000027,2026/02/26,173189000,3463780,138830830,10,12,13,17,29,48
春節加碼活動,115000027,2026/02/26,173189000,3463780,138830830,10,12,13,17,46,48
春節加碼活動,115000027,2026/02/26,173189000,3463780,138830830,10,12,13,22,28,29
春節加碼活動,115000027,2026/02/26,173189000,3463780,138830830,10,12,13,22,28,46
春節加碼活動,115000027,2026/02/26,173189000,3463780,138830830,10,12,13,22,28,48
春節加碼活動,115000027,2026/02/26,173189000,3463780,138830830,10,12,13,22,29,46
春節加碼活動,115000027,2026/02/26,173189000,3463780,138830830,10,12,13,22,29,48
春節加碼活動,115000027,2026/02/26,173189000,3463780,138830830,10,12,13,22,46,48
春節加碼活動,115000027,2026/02/26,173189000,3463780,138830830,10,12,13,28,29,46
春節加碼活動,115000027,2026/02/26,173189000,3463780,138830830,10,12,13,28,29,48
春節加碼活動,115000027,2026/02/26,173189000,3463780,138830830,10,12,13,28,46,48
春節加碼活動,115000027,2026/02/26,173189000,3463780,138830830,10,12,13,29,46,48
春節加碼活動,115000027,2026/02/26,173189000,3463780,138830830,10,12,17,22,28,29
春節加碼活動,115000027,2026/02/26,173189000,3463780,138830830,10,12,17,22,28,46
春節加碼活動,115000027,2026/02/26,173189000,3463780,138830830,10,12,17,22,28,48
春節加碼活動,115000027,2026/02/26,173189000,3463780,138830830,10,12,17,22,29,46
春節加碼活動,115000027,2026/02/26,173189000,3463780,138830830,10,12,17,22,29,48
春節加碼活動,115000027,2026/02/26,173189000,3463780,138830830,10,12,17,22,46,48
春節加碼活動,115000027,2026/02/26,173189000,3463780,138830830,10,12,17,28,29,46
春節加碼活動,115000027,2026/02/26,173189000,3463780,138830830,10,12,17,28,29,48
春節加碼活動,115000027,2026/02/26,173189000,3463780,138830830,10,12,17,28,46,48
春節加碼活動,115000027,2026/02/26,173189000,3463780,138830830,10,12,17,29,46,48
春節加碼活動,115000027,2026/02/26,173189000,3463780,138830830,10,12,22,28,29,46
春節加碼活動,115000027,2026/02/26,173189000,3463780,138830830,10,12,22,28,29,48
春節加碼活動,115000027,2026/02/26,173189000,3463780,138830830,10,12,22,28,46,48
春節加碼活動,115000027,2026/02/26,173189000,3463780,138830830,10,12,22,29,46,48
春節加碼活動,115000027,2026/02/26,173189000,3463780,138830830,10,12,28,29,46,48
春節加碼活動,115000027,2026/02/26,173189000,3463780,138830830,10,13,17,22,28,29
春節加碼活動,115000027,2026/02/26,173189000,3463780,138830830,10,13,17,22,28,46
春節加碼活動,115000027,2026/02/26,173189000,3463780,138830830,10,13,17,22,28,48
春節加碼活動,115000027,2026/02/26,173189000,3463780,138830830,10,13,17,22,29,46
春節加碼活動,115000027,2026/02/26,173189000,3463780,138830830,10,13,17,22,29,48
春節加碼活動,115000027,2026/02/26,173189000,3463780,138830830,10,13,17,22,46,48
春節加碼活動,115000027,2026/02/26,173189000,3463780,138830830,10,13,17,28,29,46
春節加碼活動,115000027,2026/02/26,173189000,3463780,138830830,10,13,17,28,29,48
春節加碼活動,115000027,2026/02/26,173189000,3463780,138830830,10,13,17,28,46,48
春節加碼活動,115000027,2026/02/26,173189000,3463780,138830830,10,13,17,29,46,48
春節加碼活動,115000027,2026/02/26,173189000,3463780,138830830,10,13,22,28,29,46
春節加碼活動,115000027,2026/02/26,173189000,3463780,138830830,10,13,22,28,29,48
春節加碼活動,115000027,2026/02/26,173189000,3463780,138830830,10,13,22,28,46,48
春節加碼活動,115000027,2026/02/26,173189000,3463780,138830830,10,13,22,29,46,48
春節加碼活動,115000027,2026/02/26,173189000,3463780,138830830,10,13,28,29,46,48
春節加碼活動,115000027,2026/02/26,173189000,3463780,138830830,10,17,22,28,29,46
春節加碼活動,115000027,2026/02/26,173189000,3463780,138830830,10,17,22,28,29,48
春節加碼活動,115000027,2026/02/26,173189000,3463780,138830830,10,17,22,28,46,48
春節加碼活動,115000027,2026/02/26,173189000,3463780,138830830,10,17,22,29,46,48
春節加碼活動,115000027,2026/02/26,173189000,3463780,138830830,10,17,28,29,46,48
春節加碼活動,115000027,2026/02/26,173189000,3463780,138830830,10,22,28,29,46,48
春節加碼活動,115000027,2026/02/26,173189000,3463780,138830830,12,13,17,22,28,29
春節加碼活動,115000027,2026/02/26,173189000,3463780,138830830,12,13,17,22,28,46
春節加碼活動,115000027,2026/02/26,173189000,3463780,138830830,12,13,17,22,28,48
春節加碼活動,115000027,2026/02/26,173189000,3463780,138830830,12,13,17,22,29,46
春節加碼活動,115000027,2026/02/26,173189000,3463780,138830830,12,13,17,22,29,48
春節加碼活動,115000027,2026/02/26,173189000,3463780,138830830,12,13,17,22,46,48
春節加碼活動,115000027,2026/02/26,173189000,3463780,138830830,12,13,17,28,29,46
春節加碼活動,115000027,2026/02/26,173189000,3463780,138830830,12,13,17,28,29,48
春節加碼活動,115000027,2026/02/26,173189000,3463780,138830830,12,13,17,28,46,48
春節加碼活動,115000027,2026/02/26,173189000,3463780,138830830,12,13,17,29,46,48
春節加碼活動,115000027,2026/02/26,173189000,3463780,138830830,12,13,22,28,29,46
春節加碼活動,115000027,2026/02/26,173189000,3463780,138830830,12,13,22,28,29,48
春節加碼活動,115000027,2026/02/26,173189000,3463780,138830830,12,13,22,28,46,48
春節加碼活動,115000027,2026/02/26,173189000,3463780,138830830,12,13,22,29,46,48
春節加碼活動,115000027,2026/02/26,173189000,3463780,138830830,12,13,28,29,46,48
春節加碼活動,115000027,2026/02/26,173189000,3463780,138830830,12,17,22,28,29,46
春節加碼活動,115000027,2026/02/26,173189000,3463780,138830830,12,17,22,28,29,48
春節加碼活動,115000027,2026/02/26,173189000,3463780,138830830,12,17,22,28,46,48
春節加碼活動,115000027,2026/02/26,173189000,3463780,138830830,12,17,22,29,46,48
春節加碼活動,115000027,2026/02/26,173189000,3463780,138830830,12,17,28,29,46,48
春節加碼活動,115000027,2026/02/26,173189000,3463780,138830830,12,22,28,29,46,48
春節加碼活動,115000027,2026/02/26,173189000,3463780,138830830,13,17,22,28,29,46
春節加碼活動,115000027,2026/02/26,173189000,3463780,138830830,13,17,22,28,29,48
春節加碼活動,115000027,2026/02/26,173189000,3463780,138830830,13,17,22,28,46,48
春節加碼活動,115000027,2026/02/26,173189000,3463780,138830830,13,17,22,29,46,48
春節加碼活動,115000027,2026/02/26,173189000,3463780,138830830,13,17,28,29,46,48
春節加碼活動,115000027,2026/02/26,173189000,3463780,138830830,13,22,28,29,46,48
春節加碼活動,115000027,2026/02/26,173189000,3463780,138830830,17,22,28,29,46,48
春節加碼活動,115000028,2026/02/27,179280200,3585604,182446206,03,09,15,16,19,24
春節加碼活動,115000028,2026/02/27,179280200,3585604,182446206,03,09,15,16,19,27
春節加碼活動,115000028,2026/02/27,179280200,3585604,182446206,03,09,15,16,19,35
春節加碼活動,115000028,2026/02/27,179280200,3585604,182446206,03,09,15,16,19,40
春節加碼活動,115000028,2026/02/27,179280200,3585604,182446206,03,09,15,16,19,44
春節加碼活動,115000028,2026/02/27,179280200,3585604,182446206,03,09,15,16,24,27
春節加碼活動,115000028,2026/02/27,179280200,3585604,182446206,03,09,15,16,24,35
春節加碼活動,115000028,2026/02/27,179280200,3585604,182446206,03,09,15,16,24,40
春節加碼活動,115000028,2026/02/27,179280200,3585604,182446206,03,09,15,16,24,44
春節加碼活動,115000028,2026/02/27,179280200,3585604,182446206,03,09,15,16,27,35
春節加碼活動,115000028,2026/02/27,179280200,3585604,182446206,03,09,15,16,27,40
春節加碼活動,115000028,2026/02/27,179280200,3585604,182446206,03,09,15,16,27,44
春節加碼活動,115000028,2026/02/27,179280200,3585604,182446206,03,09,15,16,35,40
春節加碼活動,115000028,2026/02/27,179280200,3585604,182446206,03,09,15,16,35,44
春節加碼活動,115000028,2026/02/27,179280200,3585604,182446206,03,09,15,16,40,44
春節加碼活動,115000028,2026/02/27,179280200,3585604,182446206,03,09,15,19,24,27
春節加碼活動,115000028,2026/02/27,179280200,3585604,182446206,03,09,15,19,24,35
春節加碼活動,115000028,2026/02/27,179280200,3585604,182446206,03,09,15,19,24,40
春節加碼活動,115000028,2026/02/27,179280200,3585604,182446206,03,09,15,19,24,44
春節加碼活動,115000028,2026/02/27,179280200,3585604,182446206,03,09,15,19,27,35
春節加碼活動,115000028,2026/02/27,179280200,3585604,182446206,03,09,15,19,27,40
春節加碼活動,115000028,2026/02/27,179280200,3585604,182446206,03,09,15,19,27,44
春節加碼活動,115000028,2026/02/27,179280200,3585604,182446206,03,09,15,19,35,40
春節加碼活動,115000028,2026/02/27,179280200,3585604,182446206,03,09,15,19,35,44
春節加碼活動,115000028,2026/02/27,179280200,3585604,182446206,03,09,15,19,40,44
春節加碼活動,115000028,2026/02/27,179280200,3585604,182446206,03,09,15,24,27,35
春節加碼活動,115000028,2026/02/27,179280200,3585604,182446206,03,09,15,24,27,40
春節加碼活動,115000028,2026/02/27,179280200,3585604,182446206,03,09,15,24,27,44
春節加碼活動,115000028,2026/02/27,179280200,3585604,182446206,03,09,15,24,35,40
春節加碼活動,115000028,2026/02/27,179280200,3585604,182446206,03,09,15,24,35,44
春節加碼活動,115000028,2026/02/27,179280200,3585604,182446206,03,09,15,24,40,44
春節加碼活動,115000028,2026/02/27,179280200,3585604,182446206,03,09,15,27,35,40
春節加碼活動,115000028,2026/02/27,179280200,3585604,182446206,03,09,15,27,35,44
春節加碼活動,115000028,2026/02/27,179280200,3585604,182446206,03,09,15,27,40,44
春節加碼活動,115000028,2026/02/27,179280200,3585604,182446206,03,09,15,35,40,44
春節加碼活動,115000028,2026/02/27,179280200,3585604,182446206,03,09,16,19,24,27
春節加碼活動,115000028,2026/02/27,179280200,3585604,182446206,03,09,16,19,24,35
春節加碼活動,115000028,2026/02/27,179280200,3585604,182446206,03,09,16,19,24,40
春節加碼活動,115000028,2026/02/27,179280200,3585604,182446206,03,09,16,19,24,44
春節加碼活動,115000028,2026/02/27,179280200,3585604,182446206,03,09,16,19,27,35
春節加碼活動,115000028,2026/02/27,179280200,3585604,182446206,03,09,16,19,27,40
春節加碼活動,115000028,2026/02/27,179280200,3585604,182446206,03,09,16,19,27,44
春節加碼活動,115000028,2026/02/27,179280200,3585604,182446206,03,09,16,19,35,40
春節加碼活動,115000028,2026/02/27,179280200,3585604,182446206,03,09,16,19,35,44
春節加碼活動,115000028,2026/02/27,179280200,3585604,182446206,03,09,16,19,40,44
春節加碼活動,115000028,2026/02/27,179280200,3585604,182446206,03,09,16,24,27,35
春節加碼活動,115000028,2026/02/27,179280200,3585604,182446206,03,09,16,24,27,40
春節加碼活動,115000028,2026/02/27,179280200,3585604,182446206,03,09,16,24,27,44
春節加碼活動,115000028,2026/02/27,179280200,3585604,182446206,03,09,16,24,35,40
春節加碼活動,115000028,2026/02/27,179280200,3585604,182446206,03,09,16,24,35,44
春節加碼活動,115000028,2026/02/27,179280200,3585604,182446206,03,09,16,24,40,44
春節加碼活動,115000028,2026/02/27,179280200,3585604,182446206,03,09,16,27,35,40
春節加碼活動,115000028,2026/02/27,179280200,3585604,182446206,03,09,16,27,35,44
春節加碼活動,115000028,2026/02/27,179280200,3585604,182446206,03,09,16,27,40,44
春節加碼活動,115000028,2026/02/27,179280200,3585604,182446206,03,09,16,35,40,44
春節加碼活動,115000028,2026/02/27,179280200,3585604,182446206,03,09,19,24,27,35
春節加碼活動,115000028,2026/02/27,179280200,3585604,182446206,03,09,19,24,27,40
春節加碼活動,115000028,2026/02/27,179280200,3585604,182446206,03,09,19,24,27,44
春節加碼活動,115000028,2026/02/27,179280200,3585604,182446206,03,09,19,24,35,40
春節加碼活動,115000028,2026/02/27,179280200,3585604,182446206,03,09,19,24,35,44
春節加碼活動,115000028,2026/02/27,179280200,3585604,182446206,03,09,19,24,40,44
春節加碼活動,115000028,2026/02/27,179280200,3585604,182446206,03,09,19,27,35,40
春節加碼活動,115000028,2026/02/27,179280200,3585604,182446206,03,09,19,27,35,44
春節加碼活動,115000028,2026/02/27,179280200,3585604,182446206,03,09,19,27,40,44
春節加碼活動,115000028,2026/02/27,179280200,3585604,182446206,03,09,19,35,40,44
春節加碼活動,115000028,2026/02/27,179280200,3585604,182446206,03,09,24,27,35,40
春節加碼活動,115000028,2026/02/27,179280200,3585604,182446206,03,09,24,27,35,44
春節加碼活動,115000028,2026/02/27,179280200,3585604,182446206,03,09,24,27,40,44
春節加碼活動,115000028,2026/02/27,179280200,3585604,182446206,03,09,24,35,40,44
春節加碼活動,115000028,2026/02/27,179280200,3585604,182446206,03,09,27,35,40,44
春節加碼活動,115000028,2026/02/27,179280200,3585604,182446206,03,15,16,19,24,27
春節加碼活動,115000028,2026/02/27,179280200,3585604,182446206,03,15,16,19,24,35
春節加碼活動,115000028,2026/02/27,179280200,3585604,182446206,03,15,16,19,24,40
春節加碼活動,115000028,2026/02/27,179280200,3585604,182446206,03,15,16,19,24,44
春節加碼活動,115000028,2026/02/27,179280200,3585604,182446206,03,15,16,19,27,35
春節加碼活動,115000028,2026/02/27,179280200,3585604,182446206,03,15,16,19,27,40
春節加碼活動,115000028,2026/02/27,179280200,3585604,182446206,03,15,16,19,27,44
春節加碼活動,115000028,2026/02/27,179280200,3585604,182446206,03,15,16,19,35,40
春節加碼活動,115000028,2026/02/27,179280200,3585604,182446206,03,15,16,19,35,44
春節加碼活動,115000028,2026/02/27,179280200,3585604,182446206,03,15,16,19,40,44
春節加碼活動,115000028,2026/02/27,179280200,3585604,182446206,03,15,16,24,27,35
春節加碼活動,115000028,2026/02/27,179280200,3585604,182446206,03,15,16,24,27,40
春節加碼活動,115000028,2026/02/27,179280200,3585604,182446206,03,15,16,24,27,44
春節加碼活動,115000028,2026/02/27,179280200,3585604,182446206,03,15,16,24,35,40
春節加碼活動,115000028,2026/02/27,179280200,3585604,182446206,03,15,16,24,35,44
春節加碼活動,115000028,2026/02/27,179280200,3585604,182446206,03,15,16,24,40,44
春節加碼活動,115000028,2026/02/27,179280200,3585604,182446206,03,15,16,27,35,40
春節加碼活動,115000028,2026/02/27,179280200,3585604,182446206,03,15,16,27,35,44
春節加碼活動,115000028,2026/02/27,179280200,3585604,182446206,03,15,16,27,40,44
春節加碼活動,115000028,2026/02/27,179280200,3585604,182446206,03,15,16,35,40,44
春節加碼活動,115000028,2026/02/27,179280200,3585604,182446206,03,15,19,24,27,35
春節加碼活動,115000028,2026/02/27,179280200,3585604,182446206,03,15,19,24,27,40
春節加碼活動,115000028,2026/02/27,179280200,3585604,182446206,03,15,19,24,27,44
春節加碼活動,115000028,2026/02/27,179280200,3585604,182446206,03,15,19,24,35,40
春節加碼活動,115000028,2026/02/27,179280200,3585604,182446206,03,15,19,24,35,44
春節加碼活動,115000028,2026/02/27,179280200,3585604,182446206,03,15,19,24,40,44
春節加碼活動,115000028,2026/02/27,179280200,3585604,182446206,03,15,19,27,35,40
春節加碼活動,115000028,2026/02/27,179280200,3585604,182446206,03,15,19,27,35,44
春節加碼活動,115000028,2026/02/27,179280200,3585604,182446206,03,15,19,27,40,44
春節加碼活動,115000028,2026/02/27,179280200,3585604,182446206,03,15,19,35,40,44
春節加碼活動,115000028,2026/02/27,179280200,3585604,182446206,03,15,24,27,35,40
春節加碼活動,115000028,2026/02/27,179280200,3585604,182446206,03,15,24,27,35,44
春節加碼活動,115000028,2026/02/27,179280200,3585604,182446206,03,15,24,27,40,44
春節加碼活動,115000028,2026/02/27,179280200,3585604,182446206,03,15,24,35,40,44
春節加碼活動,115000028,2026/02/27,179280200,3585604,182446206,03,15,27,35,40,44
春節加碼活動,115000028,2026/02/27,179280200,3585604,182446206,03,16,19,24,27,35
春節加碼活動,115000028,2026/02/27,179280200,3585604,182446206,03,16,19,24,27,40
春節加碼活動,115000028,2026/02/27,179280200,3585604,182446206,03,16,19,24,27,44
春節加碼活動,115000028,2026/02/27,179280200,3585604,182446206,03,16,19,24,35,40
春節加碼活動,115000028,2026/02/27,179280200,3585604,182446206,03,16,19,24,35,44
春節加碼活動,115000028,2026/02/27,179280200,3585604,182446206,03,16,19,24,40,44
春節加碼活動,115000028,2026/02/27,179280200,3585604,182446206,03,16,19,27,35,40
春節加碼活動,115000028,2026/02/27,179280200,3585604,182446206,03,16,19,27,35,44
春節加碼活動,115000028,2026/02/27,179280200,3585604,182446206,03,16,19,27,40,44
春節加碼活動,115000028,2026/02/27,179280200,3585604,182446206,03,16,19,35,40,44
春節加碼活動,115000028,2026/02/27,179280200,3585604,182446206,03,16,24,27,35,40
春節加碼活動,115000028,2026/02/27,179280200,3585604,182446206,03,16,24,27,35,44
春節加碼活動,115000028,2026/02/27,179280200,3585604,182446206,03,16,24,27,40,44
春節加碼活動,115000028,2026/02/27,179280200,3585604,182446206,03,16,24,35,40,44
春節加碼活動,115000028,2026/02/27,179280200,3585604,182446206,03,16,27,35,40,44
春節加碼活動,115000028,2026/02/27,179280200,3585604,182446206,03,19,24,27,35,40
春節加碼活動,115000028,2026/02/27,179280200,3585604,182446206,03,19,24,27,35,44
春節加碼活動,115000028,2026/02/27,179280200,3585604,182446206,03,19,24,27,40,44
春節加碼活動,115000028,2026/02/27,179280200,3585604,182446206,03,19,24,35,40,44
春節加碼活動,115000028,2026/02/27,179280200,3585604,182446206,03,19,27,35,40,44
春節加碼活動,115000028,2026/02/27,179280200,3585604,182446206,03,24,27,35,40,44
春節加碼活動,115000028,2026/02/27,179280200,3585604,182446206,09,15,16,19,24,27
春節加碼活動,115000028,2026/02/27,179280200,3585604,182446206,09,15,16,19,24,35
春節加碼活動,115000028,2026/02/27,179280200,3585604,182446206,09,15,16,19,24,40
春節加碼活動,115000028,2026/02/27,179280200,3585604,182446206,09,15,16,19,24,44
春節加碼活動,115000028,2026/02/27,179280200,3585604,182446206,09,15,16,19,27,35
春節加碼活動,115000028,2026/02/27,179280200,3585604,182446206,09,15,16,19,27,40
春節加碼活動,115000028,2026/02/27,179280200,3585604,182446206,09,15,16,19,27,44
春節加碼活動,115000028,2026/02/27,179280200,3585604,182446206,09,15,16,19,35,40
春節加碼活動,115000028,2026/02/27,179280200,3585604,182446206,09,15,16,19,35,44
春節加碼活動,115000028,2026/02/27,179280200,3585604,182446206,09,15,16,19,40,44
春節加碼活動,115000028,2026/02/27,179280200,3585604,182446206,09,15,16,24,27,35
春節加碼活動,115000028,2026/02/27,179280200,3585604,182446206,09,15,16,24,27,40
春節加碼活動,115000028,2026/02/27,179280200,3585604,182446206,09,15,16,24,27,44
春節加碼活動,115000028,2026/02/27,179280200,3585604,182446206,09,15,16,24,35,40
春節加碼活動,115000028,2026/02/27,179280200,3585604,182446206,09,15,16,24,35,44
春節加碼活動,115000028,2026/02/27,179280200,3585604,182446206,09,15,16,24,40,44
春節加碼活動,115000028,2026/02/27,179280200,3585604,182446206,09,15,16,27,35,40
春節加碼活動,115000028,2026/02/27,179280200,3585604,182446206,09,15,16,27,35,44
春節加碼活動,115000028,2026/02/27,179280200,3585604,182446206,09,15,16,27,40,44
春節加碼活動,115000028,2026/02/27,179280200,3585604,182446206,09,15,16,35,40,44
春節加碼活動,115000028,2026/02/27,179280200,3585604,182446206,09,15,19,24,27,35
春節加碼活動,115000028,2026/02/27,179280200,3585604,182446206,09,15,19,24,27,40
春節加碼活動,115000028,2026/02/27,179280200,3585604,182446206,09,15,19,24,27,44
春節加碼活動,115000028,2026/02/27,179280200,3585604,182446206,09,15,19,24,35,40
春節加碼活動,115000028,2026/02/27,179280200,3585604,182446206,09,15,19,24,35,44
春節加碼活動,115000028,2026/02/27,179280200,3585604,182446206,09,15,19,24,40,44
春節加碼活動,115000028,2026/02/27,179280200,3585604,182446206,09,15,19,27,35,40
春節加碼活動,115000028,2026/02/27,179280200,3585604,182446206,09,15,19,27,35,44
春節加碼活動,115000028,2026/02/27,179280200,3585604,182446206,09,15,19,27,40,44
春節加碼活動,115000028,2026/02/27,179280200,3585604,182446206,09,15,19,35,40,44
春節加碼活動,115000028,2026/02/27,179280200,3585604,182446206,09,15,24,27,35,40
春節加碼活動,115000028,2026/02/27,179280200,3585604,182446206,09,15,24,27,35,44
春節加碼活動,115000028,2026/02/27,179280200,3585604,182446206,09,15,24,27,40,44
春節加碼活動,115000028,2026/02/27,179280200,3585604,182446206,09,15,24,35,40,44
春節加碼活動,115000028,2026/02/27,179280200,3585604,182446206,09,15,27,35,40,44
春節加碼活動,115000028,2026/02/27,179280200,3585604,182446206,09,16,19,24,27,35
春節加碼活動,115000028,2026/02/27,179280200,3585604,182446206,09,16,19,24,27,40
春節加碼活動,115000028,2026/02/27,179280200,3585604,182446206,09,16,19,24,27,44
春節加碼活動,115000028,2026/02/27,179280200,3585604,182446206,09,16,19,24,35,40
春節加碼活動,115000028,2026/02/27,179280200,3585604,182446206,09,16,19,24,35,44
春節加碼活動,115000028,2026/02/27,179280200,3585604,182446206,09,16,19,24,40,44
春節加碼活動,115000028,2026/02/27,179280200,3585604,182446206,09,16,19,27,35,40
春節加碼活動,115000028,2026/02/27,179280200,3585604,182446206,09,16,19,27,35,44
春節加碼活動,115000028,2026/02/27,179280200,3585604,182446206,09,16,19,27,40,44
春節加碼活動,115000028,2026/02/27,179280200,3585604,182446206,09,16,19,35,40,44
春節加碼活動,115000028,2026/02/27,179280200,3585604,182446206,09,16,24,27,35,40
春節加碼活動,115000028,2026/02/27,179280200,3585604,182446206,09,16,24,27,35,44
春節加碼活動,115000028,2026/02/27,179280200,3585604,182446206,09,16,24,27,40,44
春節加碼活動,115000028,2026/02/27,179280200,3585604,182446206,09,16,24,35,40,44
春節加碼活動,115000028,2026/02/27,179280200,3585604,182446206,09,16,27,35,40,44
春節加碼活動,115000028,2026/02/27,179280200,3585604,182446206,09,19,24,27,35,40
春節加碼活動,115000028,2026/02/27,179280200,3585604,182446206,09,19,24,27,35,44
春節加碼活動,115000028,2026/02/27,179280200,3585604,182446206,09,19,24,27,40,44
春節加碼活動,115000028,2026/02/27,179280200,3585604,182446206,09,19,24,35,40,44
春節加碼活動,115000028,2026/02/27,179280200,3585604,182446206,09,19,27,35,40,44
春節加碼活動,115000028,2026/02/27,179280200,3585604,182446206,09,24,27,35,40,44
春節加碼活動,115000028,2026/02/27,179280200,3585604,182446206,15,16,19,24,27,35
春節加碼活動,115000028,2026/02/27,179280200,3585604,182446206,15,16,19,24,27,40
春節加碼活動,115000028,2026/02/27,179280200,3585604,182446206,15,16,19,24,27,44
春節加碼活動,115000028,2026/02/27,179280200,3585604,182446206,15,16,19,24,35,40
春節加碼活動,115000028,2026/02/27,179280200,3585604,182446206,15,16,19,24,35,44
春節加碼活動,115000028,2026/02/27,179280200,3585604,182446206,15,16,19,24,40,44
春節加碼活動,115000028,2026/02/27,179280200,3585604,182446206,15,16,19,27,35,40
春節加碼活動,115000028,2026/02/27,179280200,3585604,182446206,15,16,19,27,35,44
春節加碼活動,115000028,2026/02/27,179280200,3585604,182446206,15,16,19,27,40,44
春節加碼活動,115000028,2026/02/27,179280200,3585604,182446206,15,16,19,35,40,44
春節加碼活動,115000028,2026/02/27,179280200,3585604,182446206,15,16,24,27,35,40
春節加碼活動,115000028,2026/02/27,179280200,3585604,182446206,15,16,24,27,35,44
春節加碼活動,115000028,2026/02/27,179280200,3585604,182446206,15,16,24,27,40,44
春節加碼活動,115000028,2026/02/27,179280200,3585604,182446206,15,16,24,35,40,44
春節加碼活動,115000028,2026/02/27,179280200,3585604,182446206,15,16,27,35,40,44
春節加碼活動,115000028,2026/02/27,179280200,3585604,182446206,15,19,24,27,35,40
春節加碼活動,115000028,2026/02/27,179280200,3585604,182446206,15,19,24,27,35,44
春節加碼活動,115000028,2026/02/27,179280200,3585604,182446206,15,19,24,27,40,44
春節加碼活動,115000028,2026/02/27,179280200,3585604,182446206,15,19,24,35,40,44
春節加碼活動,115000028,2026/02/27,179280200,3585604,182446206,15,19,27,35,40,44
春節加碼活動,115000028,2026/02/27,179280200,3585604,182446206,15,24,27,35,40,44
春節加碼活動,115000028,2026/02/27,179280200,3585604,182446206,16,19,24,27,35,40
春節加碼活動,115000028,2026/02/27,179280200,3585604,182446206,16,19,24,27,35,44
春節加碼活動,115000028,2026/02/27,179280200,3585604,182446206,16,19,24,27,40,44
春節加碼活動,115000028,2026/02/27,179280200,3585604,182446206,16,19,24,35,40,44
春節加碼活動,115000028,2026/02/27,179280200,3585604,182446206,16,19,27,35,40,44
春節加碼活動,115000028,2026/02/27,179280200,3585604,182446206,16,24,27,35,40,44
春節加碼活動,115000028,2026/02/27,179280200,3585604,182446206,19,24,27,35,40,44
春節加碼活動,115000029,2026/02/28,163310800,3266216,218526189,15,17,23,24,26,29
春節加碼活動,115000029,2026/02/28,163310800,3266216,218526189,15,17,23,24,26,32
春節加碼活動,115000029,2026/02/28,163310800,3266216,218526189,15,17,23,24,26,41
春節加碼活動,115000029,2026/02/28,163310800,3266216,218526189,15,17,23,24,26,45
春節加碼活動,115000029,2026/02/28,163310800,3266216,218526189,15,17,23,24,26,46
春節加碼活動,115000029,2026/02/28,163310800,3266216,218526189,15,17,23,24,29,32
春節加碼活動,115000029,2026/02/28,163310800,3266216,218526189,15,17,23,24,29,41
春節加碼活動,115000029,2026/02/28,163310800,3266216,218526189,15,17,23,24,29,45
春節加碼活動,115000029,2026/02/28,163310800,3266216,218526189,15,17,23,24,29,46
春節加碼活動,115000029,2026/02/28,163310800,3266216,218526189,15,17,23,24,32,41
春節加碼活動,115000029,2026/02/28,163310800,3266216,218526189,15,17,23,24,32,45
春節加碼活動,115000029,2026/02/28,163310800,3266216,218526189,15,17,23,24,32,46
春節加碼活動,115000029,2026/02/28,163310800,3266216,218526189,15,17,23,24,41,45
春節加碼活動,115000029,2026/02/28,163310800,3266216,218526189,15,17,23,24,41,46
春節加碼活動,115000029,2026/02/28,163310800,3266216,218526189,15,17,23,24,45,46
春節加碼活動,115000029,2026/02/28,163310800,3266216,218526189,15,17,23,26,29,32
春節加碼活動,115000029,2026/02/28,163310800,3266216,218526189,15,17,23,26,29,41
春節加碼活動,115000029,2026/02/28,163310800,3266216,218526189,15,17,23,26,29,45
春節加碼活動,115000029,2026/02/28,163310800,3266216,218526189,15,17,23,26,29,46
春節加碼活動,115000029,2026/02/28,163310800,3266216,218526189,15,17,23,26,32,41
春節加碼活動,115000029,2026/02/28,163310800,3266216,218526189,15,17,23,26,32,45
春節加碼活動,115000029,2026/02/28,163310800,3266216,218526189,15,17,23,26,32,46
春節加碼活動,115000029,2026/02/28,163310800,3266216,218526189,15,17,23,26,41,45
春節加碼活動,115000029,2026/02/28,163310800,3266216,218526189,15,17,23,26,41,46
春節加碼活動,115000029,2026/02/28,163310800,3266216,218526189,15,17,23,26,45,46
春節加碼活動,115000029,2026/02/28,163310800,3266216,218526189,15,17,23,29,32,41
春節加碼活動,115000029,2026/02/28,163310800,3266216,218526189,15,17,23,29,32,45
春節加碼活動,115000029,2026/02/28,163310800,3266216,218526189,15,17,23,29,32,46
春節加碼活動,115000029,2026/02/28,163310800,3266216,218526189,15,17,23,29,41,45
春節加碼活動,115000029,2026/02/28,163310800,3266216,218526189,15,17,23,29,41,46
春節加碼活動,115000029,2026/02/28,163310800,3266216,218526189,15,17,23,29,45,46
春節加碼活動,115000029,2026/02/28,163310800,3266216,218526189,15,17,23,32,41,45
春節加碼活動,115000029,2026/02/28,163310800,3266216,218526189,15,17,23,32,41,46
春節加碼活動,115000029,2026/02/28,163310800,3266216,218526189,15,17,23,32,45,46
春節加碼活動,115000029,2026/02/28,163310800,3266216,218526189,15,17,23,41,45,46
春節加碼活動,115000029,2026/02/28,163310800,3266216,218526189,15,17,24,26,29,32
春節加碼活動,115000029,2026/02/28,163310800,3266216,218526189,15,17,24,26,29,41
春節加碼活動,115000029,2026/02/28,163310800,3266216,218526189,15,17,24,26,29,45
春節加碼活動,115000029,2026/02/28,163310800,3266216,218526189,15,17,24,26,29,46
春節加碼活動,115000029,2026/02/28,163310800,3266216,218526189,15,17,24,26,32,41
春節加碼活動,115000029,2026/02/28,163310800,3266216,218526189,15,17,24,26,32,45
春節加碼活動,115000029,2026/02/28,163310800,3266216,218526189,15,17,24,26,32,46
春節加碼活動,115000029,2026/02/28,163310800,3266216,218526189,15,17,24,26,41,45
春節加碼活動,115000029,2026/02/28,163310800,3266216,218526189,15,17,24,26,41,46
春節加碼活動,115000029,2026/02/28,163310800,3266216,218526189,15,17,24,26,45,46
春節加碼活動,115000029,2026/02/28,163310800,3266216,218526189,15,17,24,29,32,41
春節加碼活動,115000029,2026/02/28,163310800,3266216,218526189,15,17,24,29,32,45
春節加碼活動,115000029,2026/02/28,163310800,3266216,218526189,15,17,24,29,32,46
春節加碼活動,115000029,2026/02/28,163310800,3266216,218526189,15,17,24,29,41,45
春節加碼活動,115000029,2026/02/28,163310800,3266216,218526189,15,17,24,29,41,46
春節加碼活動,115000029,2026/02/28,163310800,3266216,218526189,15,17,24,29,45,46
春節加碼活動,115000029,2026/02/28,163310800,3266216,218526189,15,17,24,32,41,45
春節加碼活動,115000029,2026/02/28,163310800,3266216,218526189,15,17,24,32,41,46
春節加碼活動,115000029,2026/02/28,163310800,3266216,218526189,15,17,24,32,45,46
春節加碼活動,115000029,2026/02/28,163310800,3266216,218526189,15,17,24,41,45,46
春節加碼活動,115000029,2026/02/28,163310800,3266216,218526189,15,17,26,29,32,41
春節加碼活動,115000029,2026/02/28,163310800,3266216,218526189,15,17,26,29,32,45
春節加碼活動,115000029,2026/02/28,163310800,3266216,218526189,15,17,26,29,32,46
春節加碼活動,115000029,2026/02/28,163310800,3266216,218526189,15,17,26,29,41,45
春節加碼活動,115000029,2026/02/28,163310800,3266216,218526189,15,17,26,29,41,46
春節加碼活動,115000029,2026/02/28,163310800,3266216,218526189,15,17,26,29,45,46
春節加碼活動,115000029,2026/02/28,163310800,3266216,218526189,15,17,26,32,41,45
春節加碼活動,115000029,2026/02/28,163310800,3266216,218526189,15,17,26,32,41,46
春節加碼活動,115000029,2026/02/28,163310800,3266216,218526189,15,17,26,32,45,46
春節加碼活動,115000029,2026/02/28,163310800,3266216,218526189,15,17,26,41,45,46
春節加碼活動,115000029,2026/02/28,163310800,3266216,218526189,15,17,29,32,41,45
春節加碼活動,115000029,2026/02/28,163310800,3266216,218526189,15,17,29,32,41,46
春節加碼活動,115000029,2026/02/28,163310800,3266216,218526189,15,17,29,32,45,46
春節加碼活動,115000029,2026/02/28,163310800,3266216,218526189,15,17,29,41,45,46
春節加碼活動,115000029,2026/02/28,163310800,3266216,218526189,15,17,32,41,45,46
春節加碼活動,115000029,2026/02/28,163310800,3266216,218526189,15,23,24,26,29,32
春節加碼活動,115000029,2026/02/28,163310800,3266216,218526189,15,23,24,26,29,41
春節加碼活動,115000029,2026/02/28,163310800,3266216,218526189,15,23,24,26,29,45
春節加碼活動,115000029,2026/02/28,163310800,3266216,218526189,15,23,24,26,29,46
春節加碼活動,115000029,2026/02/28,163310800,3266216,218526189,15,23,24,26,32,41
春節加碼活動,115000029,2026/02/28,163310800,3266216,218526189,15,23,24,26,32,45
春節加碼活動,115000029,2026/02/28,163310800,3266216,218526189,15,23,24,26,32,46
春節加碼活動,115000029,2026/02/28,163310800,3266216,218526189,15,23,24,26,41,45
春節加碼活動,115000029,2026/02/28,163310800,3266216,218526189,15,23,24,26,41,46
春節加碼活動,115000029,2026/02/28,163310800,3266216,218526189,15,23,24,26,45,46
春節加碼活動,115000029,2026/02/28,163310800,3266216,218526189,15,23,24,29,32,41
春節加碼活動,115000029,2026/02/28,163310800,3266216,218526189,15,23,24,29,32,45
春節加碼活動,115000029,2026/02/28,163310800,3266216,218526189,15,23,24,29,32,46
春節加碼活動,115000029,2026/02/28,163310800,3266216,218526189,15,23,24,29,41,45
春節加碼活動,115000029,2026/02/28,163310800,3266216,218526189,15,23,24,29,41,46
春節加碼活動,115000029,2026/02/28,163310800,3266216,218526189,15,23,24,29,45,46
春節加碼活動,115000029,2026/02/28,163310800,3266216,218526189,15,23,24,32,41,45
春節加碼活動,115000029,2026/02/28,163310800,3266216,218526189,15,23,24,32,41,46
春節加碼活動,115000029,2026/02/28,163310800,3266216,218526189,15,23,24,32,45,46
春節加碼活動,115000029,2026/02/28,163310800,3266216,218526189,15,23,24,41,45,46
春節加碼活動,115000029,2026/02/28,163310800,3266216,218526189,15,23,26,29,32,41
春節加碼活動,115000029,2026/02/28,163310800,3266216,218526189,15,23,26,29,32,45
春節加碼活動,115000029,2026/02/28,163310800,3266216,218526189,15,23,26,29,32,46
春節加碼活動,115000029,2026/02/28,163310800,3266216,218526189,15,23,26,29,41,45
春節加碼活動,115000029,2026/02/28,163310800,3266216,218526189,15,23,26,29,41,46
春節加碼活動,115000029,2026/02/28,163310800,3266216,218526189,15,23,26,29,45,46
春節加碼活動,115000029,2026/02/28,163310800,3266216,218526189,15,23,26,32,41,45
春節加碼活動,115000029,2026/02/28,163310800,3266216,218526189,15,23,26,32,41,46
春節加碼活動,115000029,2026/02/28,163310800,3266216,218526189,15,23,26,32,45,46
春節加碼活動,115000029,2026/02/28,163310800,3266216,218526189,15,23,26,41,45,46
春節加碼活動,115000029,2026/02/28,163310800,3266216,218526189,15,23,29,32,41,45
春節加碼活動,115000029,2026/02/28,163310800,3266216,218526189,15,23,29,32,41,46
春節加碼活動,115000029,2026/02/28,163310800,3266216,218526189,15,23,29,32,45,46
春節加碼活動,115000029,2026/02/28,163310800,3266216,218526189,15,23,29,41,45,46
春節加碼活動,115000029,2026/02/28,163310800,3266216,218526189,15,23,32,41,45,46
春節加碼活動,115000029,2026/02/28,163310800,3266216,218526189,15,24,26,29,32,41
春節加碼活動,115000029,2026/02/28,163310800,3266216,218526189,15,24,26,29,32,45
春節加碼活動,115000029,2026/02/28,163310800,3266216,218526189,15,24,26,29,32,46
春節加碼活動,115000029,2026/02/28,163310800,3266216,218526189,15,24,26,29,41,45
春節加碼活動,115000029,2026/02/28,163310800,3266216,218526189,15,24,26,29,41,46
春節加碼活動,115000029,2026/02/28,163310800,3266216,218526189,15,24,26,29,45,46
春節加碼活動,115000029,2026/02/28,163310800,3266216,218526189,15,24,26,32,41,45
春節加碼活動,115000029,2026/02/28,163310800,3266216,218526189,15,24,26,32,41,46
春節加碼活動,115000029,2026/02/28,163310800,3266216,218526189,15,24,26,32,45,46
春節加碼活動,115000029,2026/02/28,163310800,3266216,218526189,15,24,26,41,45,46
春節加碼活動,115000029,2026/02/28,163310800,3266216,218526189,15,24,29,32,41,45
春節加碼活動,115000029,2026/02/28,163310800,3266216,218526189,15,24,29,32,41,46
春節加碼活動,115000029,2026/02/28,163310800,3266216,218526189,15,24,29,32,45,46
春節加碼活動,115000029,2026/02/28,163310800,3266216,218526189,15,24,29,41,45,46
春節加碼活動,115000029,2026/02/28,163310800,3266216,218526189,15,24,32,41,45,46
春節加碼活動,115000029,2026/02/28,163310800,3266216,218526189,15,26,29,32,41,45
春節加碼活動,115000029,2026/02/28,163310800,3266216,218526189,15,26,29,32,41,46
春節加碼活動,115000029,2026/02/28,163310800,3266216,218526189,15,26,29,32,45,46
春節加碼活動,115000029,2026/02/28,163310800,3266216,218526189,15,26,29,41,45,46
春節加碼活動,115000029,2026/02/28,163310800,3266216,218526189,15,26,32,41,45,46
春節加碼活動,115000029,2026/02/28,163310800,3266216,218526189,15,29,32,41,45,46
春節加碼活動,115000029,2026/02/28,163310800,3266216,218526189,17,23,24,26,29,32
春節加碼活動,115000029,2026/02/28,163310800,3266216,218526189,17,23,24,26,29,41
春節加碼活動,115000029,2026/02/28,163310800,3266216,218526189,17,23,24,26,29,45
春節加碼活動,115000029,2026/02/28,163310800,3266216,218526189,17,23,24,26,29,46
春節加碼活動,115000029,2026/02/28,163310800,3266216,218526189,17,23,24,26,32,41
春節加碼活動,115000029,2026/02/28,163310800,3266216,218526189,17,23,24,26,32,45
春節加碼活動,115000029,2026/02/28,163310800,3266216,218526189,17,23,24,26,32,46
春節加碼活動,115000029,2026/02/28,163310800,3266216,218526189,17,23,24,26,41,45
春節加碼活動,115000029,2026/02/28,163310800,3266216,218526189,17,23,24,26,41,46
春節加碼活動,115000029,2026/02/28,163310800,3266216,218526189,17,23,24,26,45,46
春節加碼活動,115000029,2026/02/28,163310800,3266216,218526189,17,23,24,29,32,41
春節加碼活動,115000029,2026/02/28,163310800,3266216,218526189,17,23,24,29,32,45
春節加碼活動,115000029,2026/02/28,163310800,3266216,218526189,17,23,24,29,32,46
春節加碼活動,115000029,2026/02/28,163310800,3266216,218526189,17,23,24,29,41,45
春節加碼活動,115000029,2026/02/28,163310800,3266216,218526189,17,23,24,29,41,46
春節加碼活動,115000029,2026/02/28,163310800,3266216,218526189,17,23,24,29,45,46
春節加碼活動,115000029,2026/02/28,163310800,3266216,218526189,17,23,24,32,41,45
春節加碼活動,115000029,2026/02/28,163310800,3266216,218526189,17,23,24,32,41,46
春節加碼活動,115000029,2026/02/28,163310800,3266216,218526189,17,23,24,32,45,46
春節加碼活動,115000029,2026/02/28,163310800,3266216,218526189,17,23,24,41,45,46
春節加碼活動,115000029,2026/02/28,163310800,3266216,218526189,17,23,26,29,32,41
春節加碼活動,115000029,2026/02/28,163310800,3266216,218526189,17,23,26,29,32,45
春節加碼活動,115000029,2026/02/28,163310800,3266216,218526189,17,23,26,29,32,46
春節加碼活動,115000029,2026/02/28,163310800,3266216,218526189,17,23,26,29,41,45
春節加碼活動,115000029,2026/02/28,163310800,3266216,218526189,17,23,26,29,41,46
春節加碼活動,115000029,2026/02/28,163310800,3266216,218526189,17,23,26,29,45,46
春節加碼活動,115000029,2026/02/28,163310800,3266216,218526189,17,23,26,32,41,45
春節加碼活動,115000029,2026/02/28,163310800,3266216,218526189,17,23,26,32,41,46
春節加碼活動,115000029,2026/02/28,163310800,3266216,218526189,17,23,26,32,45,46
春節加碼活動,115000029,2026/02/28,163310800,3266216,218526189,17,23,26,41,45,46
春節加碼活動,115000029,2026/02/28,163310800,3266216,218526189,17,23,29,32,41,45
春節加碼活動,115000029,2026/02/28,163310800,3266216,218526189,17,23,29,32,41,46
春節加碼活動,115000029,2026/02/28,163310800,3266216,218526189,17,23,29,32,45,46
春節加碼活動,115000029,2026/02/28,163310800,3266216,218526189,17,23,29,41,45,46
春節加碼活動,115000029,2026/02/28,163310800,3266216,218526189,17,23,32,41,45,46
春節加碼活動,115000029,2026/02/28,163310800,3266216,218526189,17,24,26,29,32,41
春節加碼活動,115000029,2026/02/28,163310800,3266216,218526189,17,24,26,29,32,45
春節加碼活動,115000029,2026/02/28,163310800,3266216,218526189,17,24,26,29,32,46
春節加碼活動,115000029,2026/02/28,163310800,3266216,218526189,17,24,26,29,41,45
春節加碼活動,115000029,2026/02/28,163310800,3266216,218526189,17,24,26,29,41,46
春節加碼活動,115000029,2026/02/28,163310800,3266216,218526189,17,24,26,29,45,46
春節加碼活動,115000029,2026/02/28,163310800,3266216,218526189,17,24,26,32,41,45
春節加碼活動,115000029,2026/02/28,163310800,3266216,218526189,17,24,26,32,41,46
春節加碼活動,115000029,2026/02/28,163310800,3266216,218526189,17,24,26,32,45,46
春節加碼活動,115000029,2026/02/28,163310800,3266216,218526189,17,24,26,41,45,46
春節加碼活動,115000029,2026/02/28,163310800,3266216,218526189,17,24,29,32,41,45
春節加碼活動,115000029,2026/02/28,163310800,3266216,218526189,17,24,29,32,41,46
春節加碼活動,115000029,2026/02/28,163310800,3266216,218526189,17,24,29,32,45,46
春節加碼活動,115000029,2026/02/28,163310800,3266216,218526189,17,24,29,41,45,46
春節加碼活動,115000029,2026/02/28,163310800,3266216,218526189,17,24,32,41,45,46
春節加碼活動,115000029,2026/02/28,163310800,3266216,218526189,17,26,29,32,41,45
春節加碼活動,115000029,2026/02/28,163310800,3266216,218526189,17,26,29,32,41,46
春節加碼活動,115000029,2026/02/28,163310800,3266216,218526189,17,26,29,32,45,46
春節加碼活動,115000029,2026/02/28,163310800,3266216,218526189,17,26,29,41,45,46
春節加碼活動,115000029,2026/02/28,163310800,3266216,218526189,17,26,32,41,45,46
春節加碼活動,115000029,2026/02/28,163310800,3266216,218526189,17,29,32,41,45,46
春節加碼活動,115000029,2026/02/28,163310800,3266216,218526189,23,24,26,29,32,41
春節加碼活動,115000029,2026/02/28,163310800,3266216,218526189,23,24,26,29,32,45
春節加碼活動,115000029,2026/02/28,163310800,3266216,218526189,23,24,26,29,32,46
春節加碼活動,115000029,2026/02/28,163310800,3266216,218526189,23,24,26,29,41,45
春節加碼活動,115000029,2026/02/28,163310800,3266216,218526189,23,24,26,29,41,46
春節加碼活動,115000029,2026/02/28,163310800,3266216,218526189,23,24,26,29,45,46
春節加碼活動,115000029,2026/02/28,163310800,3266216,218526189,23,24,26,32,41,45
春節加碼活動,115000029,2026/02/28,163310800,3266216,218526189,23,24,26,32,41,46
春節加碼活動,115000029,2026/02/28,163310800,3266216,218526189,23,24,26,32,45,46
春節加碼活動,115000029,2026/02/28,163310800,3266216,218526189,23,24,26,41,45,46
春節加碼活動,115000029,2026/02/28,163310800,3266216,218526189,23,24,29,32,41,45
春節加碼活動,115000029,2026/02/28,163310800,3266216,218526189,23,24,29,32,41,46
春節加碼活動,115000029,2026/02/28,163310800,3266216,218526189,23,24,29,32,45,46
春節加碼活動,115000029,2026/02/28,163310800,3266216,218526189,23,24,29,41,45,46
春節加碼活動,115000029,2026/02/28,163310800,3266216,218526189,23,24,32,41,45,46
春節加碼活動,115000029,2026/02/28,163310800,3266216,218526189,23,26,29,32,41,45
春節加碼活動,115000029,2026/02/28,163310800,3266216,218526189,23,26,29,32,41,46
春節加碼活動,115000029,2026/02/28,163310800,3266216,218526189,23,26,29,32,45,46
春節加碼活動,115000029,2026/02/28,163310800,3266216,218526189,23,26,29,41,45,46
春節加碼活動,115000029,2026/02/28,163310800,3266216,218526189,23,26,32,41,45,46
春節加碼活動,115000029,2026/02/28,163310800,3266216,218526189,23,29,32,41,45,46
春節加碼活動,115000029,2026/02/28,163310800,3266216,218526189,24,26,29,32,41,45
春節加碼活動,115000029,2026/02/28,163310800,3266216,218526189,24,26,29,32,41,46
春節加碼活動,115000029,2026/02/28,163310800,3266216,218526189,24,26,29,32,45,46
春節加碼活動,115000029,2026/02/28,163310800,3266216,218526189,24,26,29,41,45,46
春節加碼活動,115000029,2026/02/28,163310800,3266216,218526189,24,26,32,41,45,46
春節加碼活動,115000029,2026/02/28,163310800,3266216,218526189,24,29,32,41,45,46
春節加碼活動,115000029,2026/02/28,163310800,3266216,218526189,26,29,32,41,45,46
春節加碼活動,115000030,2026/03/01,154024650,3080493,89281871,04,14,17,18,20,25
春節加碼活動,115000030,2026/03/01,154024650,3080493,89281871,04,14,17,18,20,33
春節加碼活動,115000030,2026/03/01,154024650,3080493,89281871,04,14,17,18,20,35
春節加碼活動,115000030,2026/03/01,154024650,3080493,89281871,04,14,17,18,20,36
春節加碼活動,115000030,2026/03/01,154024650,3080493,89281871,04,14,17,18,20,40
春節加碼活動,115000030,2026/03/01,154024650,3080493,89281871,04,14,17,18,25,33
春節加碼活動,115000030,2026/03/01,154024650,3080493,89281871,04,14,17,18,25,35
春節加碼活動,115000030,2026/03/01,154024650,3080493,89281871,04,14,17,18,25,36
春節加碼活動,115000030,2026/03/01,154024650,3080493,89281871,04,14,17,18,25,40
春節加碼活動,115000030,2026/03/01,154024650,3080493,89281871,04,14,17,18,33,35
春節加碼活動,115000030,2026/03/01,154024650,3080493,89281871,04,14,17,18,33,36
春節加碼活動,115000030,2026/03/01,154024650,3080493,89281871,04,14,17,18,33,40
春節加碼活動,115000030,2026/03/01,154024650,3080493,89281871,04,14,17,18,35,36
春節加碼活動,115000030,2026/03/01,154024650,3080493,89281871,04,14,17,18,35,40
春節加碼活動,115000030,2026/03/01,154024650,3080493,89281871,04,14,17,18,36,40
春節加碼活動,115000030,2026/03/01,154024650,3080493,89281871,04,14,17,20,25,33
春節加碼活動,115000030,2026/03/01,154024650,3080493,89281871,04,14,17,20,25,35
春節加碼活動,115000030,2026/03/01,154024650,3080493,89281871,04,14,17,20,25,36
春節加碼活動,115000030,2026/03/01,154024650,3080493,89281871,04,14,17,20,25,40
春節加碼活動,115000030,2026/03/01,154024650,3080493,89281871,04,14,17,20,33,35
春節加碼活動,115000030,2026/03/01,154024650,3080493,89281871,04,14,17,20,33,36
春節加碼活動,115000030,2026/03/01,154024650,3080493,89281871,04,14,17,20,33,40
春節加碼活動,115000030,2026/03/01,154024650,3080493,89281871,04,14,17,20,35,36
春節加碼活動,115000030,2026/03/01,154024650,3080493,89281871,04,14,17,20,35,40
春節加碼活動,115000030,2026/03/01,154024650,3080493,89281871,04,14,17,20,36,40
春節加碼活動,115000030,2026/03/01,154024650,3080493,89281871,04,14,17,25,33,35
春節加碼活動,115000030,2026/03/01,154024650,3080493,89281871,04,14,17,25,33,36
春節加碼活動,115000030,2026/03/01,154024650,3080493,89281871,04,14,17,25,33,40
春節加碼活動,115000030,2026/03/01,154024650,3080493,89281871,04,14,17,25,35,36
春節加碼活動,115000030,2026/03/01,154024650,3080493,89281871,04,14,17,25,35,40
春節加碼活動,115000030,2026/03/01,154024650,3080493,89281871,04,14,17,25,36,40
春節加碼活動,115000030,2026/03/01,154024650,3080493,89281871,04,14,17,33,35,36
春節加碼活動,115000030,2026/03/01,154024650,3080493,89281871,04,14,17,33,35,40
春節加碼活動,115000030,2026/03/01,154024650,3080493,89281871,04,14,17,33,36,40
春節加碼活動,115000030,2026/03/01,154024650,3080493,89281871,04,14,17,35,36,40
春節加碼活動,115000030,2026/03/01,154024650,3080493,89281871,04,14,18,20,25,33
春節加碼活動,115000030,2026/03/01,154024650,3080493,89281871,04,14,18,20,25,35
春節加碼活動,115000030,2026/03/01,154024650,3080493,89281871,04,14,18,20,25,36
春節加碼活動,115000030,2026/03/01,154024650,3080493,89281871,04,14,18,20,25,40
春節加碼活動,115000030,2026/03/01,154024650,3080493,89281871,04,14,18,20,33,35
春節加碼活動,115000030,2026/03/01,154024650,3080493,89281871,04,14,18,20,33,36
春節加碼活動,115000030,2026/03/01,154024650,3080493,89281871,04,14,18,20,33,40
春節加碼活動,115000030,2026/03/01,154024650,3080493,89281871,04,14,18,20,35,36
春節加碼活動,115000030,2026/03/01,154024650,3080493,89281871,04,14,18,20,35,40
春節加碼活動,115000030,2026/03/01,154024650,3080493,89281871,04,14,18,20,36,40
春節加碼活動,115000030,2026/03/01,154024650,3080493,89281871,04,14,18,25,33,35
春節加碼活動,115000030,2026/03/01,154024650,3080493,89281871,04,14,18,25,33,36
春節加碼活動,115000030,2026/03/01,154024650,3080493,89281871,04,14,18,25,33,40
春節加碼活動,115000030,2026/03/01,154024650,3080493,89281871,04,14,18,25,35,36
春節加碼活動,115000030,2026/03/01,154024650,3080493,89281871,04,14,18,25,35,40
春節加碼活動,115000030,2026/03/01,154024650,3080493,89281871,04,14,18,25,36,40
春節加碼活動,115000030,2026/03/01,154024650,3080493,89281871,04,14,18,33,35,36
春節加碼活動,115000030,2026/03/01,154024650,3080493,89281871,04,14,18,33,35,40
春節加碼活動,115000030,2026/03/01,154024650,3080493,89281871,04,14,18,33,36,40
春節加碼活動,115000030,2026/03/01,154024650,3080493,89281871,04,14,18,35,36,40
春節加碼活動,115000030,2026/03/01,154024650,3080493,89281871,04,14,20,25,33,35
春節加碼活動,115000030,2026/03/01,154024650,3080493,89281871,04,14,20,25,33,36
春節加碼活動,115000030,2026/03/01,154024650,3080493,89281871,04,14,20,25,33,40
春節加碼活動,115000030,2026/03/01,154024650,3080493,89281871,04,14,20,25,35,36
春節加碼活動,115000030,2026/03/01,154024650,3080493,89281871,04,14,20,25,35,40
春節加碼活動,115000030,2026/03/01,154024650,3080493,89281871,04,14,20,25,36,40
春節加碼活動,115000030,2026/03/01,154024650,3080493,89281871,04,14,20,33,35,36
春節加碼活動,115000030,2026/03/01,154024650,3080493,89281871,04,14,20,33,35,40
春節加碼活動,115000030,2026/03/01,154024650,3080493,89281871,04,14,20,33,36,40
春節加碼活動,115000030,2026/03/01,154024650,3080493,89281871,04,14,20,35,36,40
春節加碼活動,115000030,2026/03/01,154024650,3080493,89281871,04,14,25,33,35,36
春節加碼活動,115000030,2026/03/01,154024650,3080493,89281871,04,14,25,33,35,40
春節加碼活動,115000030,2026/03/01,154024650,3080493,89281871,04,14,25,33,36,40
春節加碼活動,115000030,2026/03/01,154024650,3080493,89281871,04,14,25,35,36,40
春節加碼活動,115000030,2026/03/01,154024650,3080493,89281871,04,14,33,35,36,40
春節加碼活動,115000030,2026/03/01,154024650,3080493,89281871,04,17,18,20,25,33
春節加碼活動,115000030,2026/03/01,154024650,3080493,89281871,04,17,18,20,25,35
春節加碼活動,115000030,2026/03/01,154024650,3080493,89281871,04,17,18,20,25,36
春節加碼活動,115000030,2026/03/01,154024650,3080493,89281871,04,17,18,20,25,40
春節加碼活動,115000030,2026/03/01,154024650,3080493,89281871,04,17,18,20,33,35
春節加碼活動,115000030,2026/03/01,154024650,3080493,89281871,04,17,18,20,33,36
春節加碼活動,115000030,2026/03/01,154024650,3080493,89281871,04,17,18,20,33,40
春節加碼活動,115000030,2026/03/01,154024650,3080493,89281871,04,17,18,20,35,36
春節加碼活動,115000030,2026/03/01,154024650,3080493,89281871,04,17,18,20,35,40
春節加碼活動,115000030,2026/03/01,154024650,3080493,89281871,04,17,18,20,36,40
春節加碼活動,115000030,2026/03/01,154024650,3080493,89281871,04,17,18,25,33,35
春節加碼活動,115000030,2026/03/01,154024650,3080493,89281871,04,17,18,25,33,36
春節加碼活動,115000030,2026/03/01,154024650,3080493,89281871,04,17,18,25,33,40
春節加碼活動,115000030,2026/03/01,154024650,3080493,89281871,04,17,18,25,35,36
春節加碼活動,115000030,2026/03/01,154024650,3080493,89281871,04,17,18,25,35,40
春節加碼活動,115000030,2026/03/01,154024650,3080493,89281871,04,17,18,25,36,40
春節加碼活動,115000030,2026/03/01,154024650,3080493,89281871,04,17,18,33,35,36
春節加碼活動,115000030,2026/03/01,154024650,3080493,89281871,04,17,18,33,35,40
春節加碼活動,115000030,2026/03/01,154024650,3080493,89281871,04,17,18,33,36,40
春節加碼活動,115000030,2026/03/01,154024650,3080493,89281871,04,17,18,35,36,40
春節加碼活動,115000030,2026/03/01,154024650,3080493,89281871,04,17,20,25,33,35
春節加碼活動,115000030,2026/03/01,154024650,3080493,89281871,04,17,20,25,33,36
春節加碼活動,115000030,2026/03/01,154024650,3080493,89281871,04,17,20,25,33,40
春節加碼活動,115000030,2026/03/01,154024650,3080493,89281871,04,17,20,25,35,36
春節加碼活動,115000030,2026/03/01,154024650,3080493,89281871,04,17,20,25,35,40
春節加碼活動,115000030,2026/03/01,154024650,3080493,89281871,04,17,20,25,36,40
春節加碼活動,115000030,2026/03/01,154024650,3080493,89281871,04,17,20,33,35,36
春節加碼活動,115000030,2026/03/01,154024650,3080493,89281871,04,17,20,33,35,40
春節加碼活動,115000030,2026/03/01,154024650,3080493,89281871,04,17,20,33,36,40
春節加碼活動,115000030,2026/03/01,154024650,3080493,89281871,04,17,20,35,36,40
春節加碼活動,115000030,2026/03/01,154024650,3080493,89281871,04,17,25,33,35,36
春節加碼活動,115000030,2026/03/01,154024650,3080493,89281871,04,17,25,33,35,40
春節加碼活動,115000030,2026/03/01,154024650,3080493,89281871,04,17,25,33,36,40
春節加碼活動,115000030,2026/03/01,154024650,3080493,89281871,04,17,25,35,36,40
春節加碼活動,115000030,2026/03/01,154024650,3080493,89281871,04,17,33,35,36,40
春節加碼活動,115000030,2026/03/01,154024650,3080493,89281871,04,18,20,25,33,35
春節加碼活動,115000030,2026/03/01,154024650,3080493,89281871,04,18,20,25,33,36
春節加碼活動,115000030,2026/03/01,154024650,3080493,89281871,04,18,20,25,33,40
春節加碼活動,115000030,2026/03/01,154024650,3080493,89281871,04,18,20,25,35,36
春節加碼活動,115000030,2026/03/01,154024650,3080493,89281871,04,18,20,25,35,40
春節加碼活動,115000030,2026/03/01,154024650,3080493,89281871,04,18,20,25,36,40
春節加碼活動,115000030,2026/03/01,154024650,3080493,89281871,04,18,20,33,35,36
春節加碼活動,115000030,2026/03/01,154024650,3080493,89281871,04,18,20,33,35,40
春節加碼活動,115000030,2026/03/01,154024650,3080493,89281871,04,18,20,33,36,40
春節加碼活動,115000030,2026/03/01,154024650,3080493,89281871,04,18,20,35,36,40
春節加碼活動,115000030,2026/03/01,154024650,3080493,89281871,04,18,25,33,35,36
春節加碼活動,115000030,2026/03/01,154024650,3080493,89281871,04,18,25,33,35,40
春節加碼活動,115000030,2026/03/01,154024650,3080493,89281871,04,18,25,33,36,40
春節加碼活動,115000030,2026/03/01,154024650,3080493,89281871,04,18,25,35,36,40
春節加碼活動,115000030,2026/03/01,154024650,3080493,89281871,04,18,33,35,36,40
春節加碼活動,115000030,2026/03/01,154024650,3080493,89281871,04,20,25,33,35,36
春節加碼活動,115000030,2026/03/01,154024650,3080493,89281871,04,20,25,33,35,40
春節加碼活動,115000030,2026/03/01,154024650,3080493,89281871,04,20,25,33,36,40
春節加碼活動,115000030,2026/03/01,154024650,3080493,89281871,04,20,25,35,36,40
春節加碼活動,115000030,2026/03/01,154024650,3080493,89281871,04,20,33,35,36,40
春節加碼活動,115000030,2026/03/01,154024650,3080493,89281871,04,25,33,35,36,40
春節加碼活動,115000030,2026/03/01,154024650,3080493,89281871,14,17,18,20,25,33
春節加碼活動,115000030,2026/03/01,154024650,3080493,89281871,14,17,18,20,25,35
春節加碼活動,115000030,2026/03/01,154024650,3080493,89281871,14,17,18,20,25,36
春節加碼活動,115000030,2026/03/01,154024650,3080493,89281871,14,17,18,20,25,40
春節加碼活動,115000030,2026/03/01,154024650,3080493,89281871,14,17,18,20,33,35
春節加碼活動,115000030,2026/03/01,154024650,3080493,89281871,14,17,18,20,33,36
春節加碼活動,115000030,2026/03/01,154024650,3080493,89281871,14,17,18,20,33,40
春節加碼活動,115000030,2026/03/01,154024650,3080493,89281871,14,17,18,20,35,36
春節加碼活動,115000030,2026/03/01,154024650,3080493,89281871,14,17,18,20,35,40
春節加碼活動,115000030,2026/03/01,154024650,3080493,89281871,14,17,18,20,36,40
春節加碼活動,115000030,2026/03/01,154024650,3080493,89281871,14,17,18,25,33,35
春節加碼活動,115000030,2026/03/01,154024650,3080493,89281871,14,17,18,25,33,36
春節加碼活動,115000030,2026/03/01,154024650,3080493,89281871,14,17,18,25,33,40
春節加碼活動,115000030,2026/03/01,154024650,3080493,89281871,14,17,18,25,35,36
春節加碼活動,115000030,2026/03/01,154024650,3080493,89281871,14,17,18,25,35,40
春節加碼活動,115000030,2026/03/01,154024650,3080493,89281871,14,17,18,25,36,40
春節加碼活動,115000030,2026/03/01,154024650,3080493,89281871,14,17,18,33,35,36
春節加碼活動,115000030,2026/03/01,154024650,3080493,89281871,14,17,18,33,35,40
春節加碼活動,115000030,2026/03/01,154024650,3080493,89281871,14,17,18,33,36,40
春節加碼活動,115000030,2026/03/01,154024650,3080493,89281871,14,17,18,35,36,40
春節加碼活動,115000030,2026/03/01,154024650,3080493,89281871,14,17,20,25,33,35
春節加碼活動,115000030,2026/03/01,154024650,3080493,89281871,14,17,20,25,33,36
春節加碼活動,115000030,2026/03/01,154024650,3080493,89281871,14,17,20,25,33,40
春節加碼活動,115000030,2026/03/01,154024650,3080493,89281871,14,17,20,25,35,36
春節加碼活動,115000030,2026/03/01,154024650,3080493,89281871,14,17,20,25,35,40
春節加碼活動,115000030,2026/03/01,154024650,3080493,89281871,14,17,20,25,36,40
春節加碼活動,115000030,2026/03/01,154024650,3080493,89281871,14,17,20,33,35,36
春節加碼活動,115000030,2026/03/01,154024650,3080493,89281871,14,17,20,33,35,40
春節加碼活動,115000030,2026/03/01,154024650,3080493,89281871,14,17,20,33,36,40
春節加碼活動,115000030,2026/03/01,154024650,3080493,89281871,14,17,20,35,36,40
春節加碼活動,115000030,2026/03/01,154024650,3080493,89281871,14,17,25,33,35,36
春節加碼活動,115000030,2026/03/01,154024650,3080493,89281871,14,17,25,33,35,40
春節加碼活動,115000030,2026/03/01,154024650,3080493,89281871,14,17,25,33,36,40
春節加碼活動,115000030,2026/03/01,154024650,3080493,89281871,14,17,25,35,36,40
春節加碼活動,115000030,2026/03/01,154024650,3080493,89281871,14,17,33,35,36,40
春節加碼活動,115000030,2026/03/01,154024650,3080493,89281871,14,18,20,25,33,35
春節加碼活動,115000030,2026/03/01,154024650,3080493,89281871,14,18,20,25,33,36
春節加碼活動,115000030,2026/03/01,154024650,3080493,89281871,14,18,20,25,33,40
春節加碼活動,115000030,2026/03/01,154024650,3080493,89281871,14,18,20,25,35,36
春節加碼活動,115000030,2026/03/01,154024650,3080493,89281871,14,18,20,25,35,40
春節加碼活動,115000030,2026/03/01,154024650,3080493,89281871,14,18,20,25,36,40
春節加碼活動,115000030,2026/03/01,154024650,3080493,89281871,14,18,20,33,35,36
春節加碼活動,115000030,2026/03/01,154024650,3080493,89281871,14,18,20,33,35,40
春節加碼活動,115000030,2026/03/01,154024650,3080493,89281871,14,18,20,33,36,40
春節加碼活動,115000030,2026/03/01,154024650,3080493,89281871,14,18,20,35,36,40
春節加碼活動,115000030,2026/03/01,154024650,3080493,89281871,14,18,25,33,35,36
春節加碼活動,115000030,2026/03/01,154024650,3080493,89281871,14,18,25,33,35,40
春節加碼活動,115000030,2026/03/01,154024650,3080493,89281871,14,18,25,33,36,40
春節加碼活動,115000030,2026/03/01,154024650,3080493,89281871,14,18,25,35,36,40
春節加碼活動,115000030,2026/03/01,154024650,3080493,89281871,14,18,33,35,36,40
春節加碼活動,115000030,2026/03/01,154024650,3080493,89281871,14,20,25,33,35,36
春節加碼活動,115000030,2026/03/01,154024650,3080493,89281871,14,20,25,33,35,40
春節加碼活動,115000030,2026/03/01,154024650,3080493,89281871,14,20,25,33,36,40
春節加碼活動,115000030,2026/03/01,154024650,3080493,89281871,14,20,25,35,36,40
春節加碼活動,115000030,2026/03/01,154024650,3080493,89281871,14,20,33,35,36,40
春節加碼活動,115000030,2026/03/01,154024650,3080493,89281871,14,25,33,35,36,40
春節加碼活動,115000030,2026/03/01,154024650,3080493,89281871,17,18,20,25,33,35
春節加碼活動,115000030,2026/03/01,154024650,3080493,89281871,17,18,20,25,33,36
春節加碼活動,115000030,2026/03/01,154024650,3080493,89281871,17,18,20,25,33,40
春節加碼活動,115000030,2026/03/01,154024650,3080493,89281871,17,18,20,25,35,36
春節加碼活動,115000030,2026/03/01,154024650,3080493,89281871,17,18,20,25,35,40
春節加碼活動,115000030,2026/03/01,154024650,3080493,89281871,17,18,20,25,36,40
春節加碼活動,115000030,2026/03/01,154024650,3080493,89281871,17,18,20,33,35,36
春節加碼活動,115000030,2026/03/01,154024650,3080493,89281871,17,18,20,33,35,40
春節加碼活動,115000030,2026/03/01,154024650,3080493,89281871,17,18,20,33,36,40
春節加碼活動,115000030,2026/03/01,154024650,3080493,89281871,17,18,20,35,36,40
春節加碼活動,115000030,2026/03/01,154024650,3080493,89281871,17,18,25,33,35,36
春節加碼活動,115000030,2026/03/01,154024650,3080493,89281871,17,18,25,33,35,40
春節加碼活動,115000030,2026/03/01,154024650,3080493,89281871,17,18,25,33,36,40
春節加碼活動,115000030,2026/03/01,154024650,3080493,89281871,17,18,25,35,36,40
春節加碼活動,115000030,2026/03/01,154024650,3080493,89281871,17,18,33,35,36,40
春節加碼活動,115000030,2026/03/01,154024650,3080493,89281871,17,20,25,33,35,36
春節加碼活動,115000030,2026/03/01,154024650,3080493,89281871,17,20,25,33,35,40
春節加碼活動,115000030,2026/03/01,154024650,3080493,89281871,17,20,25,33,36,40
春節加碼活動,115000030,2026/03/01,154024650,3080493,89281871,17,20,25,35,36,40
春節加碼活動,115000030,2026/03/01,154024650,3080493,89281871,17,20,33,35,36,40
春節加碼活動,115000030,2026/03/01,154024650,3080493,89281871,17,25,33,35,36,40
春節加碼活動,115000030,2026/03/01,154024650,3080493,89281871,18,20,25,33,35,36
春節加碼活動,115000030,2026/03/01,154024650,3080493,89281871,18,20,25,33,35,40
春節加碼活動,115000030,2026/03/01,154024650,3080493,89281871,18,20,25,33,36,40
春節加碼活動,115000030,2026/03/01,154024650,3080493,89281871,18,20,25,35,36,40
春節加碼活動,115000030,2026/03/01,154024650,3080493,89281871,18,20,33,35,36,40
春節加碼活動,115000030,2026/03/01,154024650,3080493,89281871,18,25,33,35,36,40
春節加碼活動,115000030,2026/03/01,154024650,3080493,89281871,20,25,33,35,36,40
春節加碼活動,115000031,2026/03/02,164199000,3283980,129314087,05,10,11,15,16,18
春節加碼活動,115000031,2026/03/02,164199000,3283980,129314087,05,10,11,15,16,26
春節加碼活動,115000031,2026/03/02,164199000,3283980,129314087,05,10,11,15,16,27
春節加碼活動,115000031,2026/03/02,164199000,3283980,129314087,05,10,11,15,16,34
春節加碼活動,115000031,2026/03/02,164199000,3283980,129314087,05,10,11,15,16,37
春節加碼活動,115000031,2026/03/02,164199000,3283980,129314087,05,10,11,15,18,26
春節加碼活動,115000031,2026/03/02,164199000,3283980,129314087,05,10,11,15,18,27
春節加碼活動,115000031,2026/03/02,164199000,3283980,129314087,05,10,11,15,18,34
春節加碼活動,115000031,2026/03/02,164199000,3283980,129314087,05,10,11,15,18,37
春節加碼活動,115000031,2026/03/02,164199000,3283980,129314087,05,10,11,15,26,27
春節加碼活動,115000031,2026/03/02,164199000,3283980,129314087,05,10,11,15,26,34
春節加碼活動,115000031,2026/03/02,164199000,3283980,129314087,05,10,11,15,26,37
春節加碼活動,115000031,2026/03/02,164199000,3283980,129314087,05,10,11,15,27,34
春節加碼活動,115000031,2026/03/02,164199000,3283980,129314087,05,10,11,15,27,37
春節加碼活動,115000031,2026/03/02,164199000,3283980,129314087,05,10,11,15,34,37
春節加碼活動,115000031,2026/03/02,164199000,3283980,129314087,05,10,11,16,18,26
春節加碼活動,115000031,2026/03/02,164199000,3283980,129314087,05,10,11,16,18,27
春節加碼活動,115000031,2026/03/02,164199000,3283980,129314087,05,10,11,16,18,34
春節加碼活動,115000031,2026/03/02,164199000,3283980,129314087,05,10,11,16,18,37
春節加碼活動,115000031,2026/03/02,164199000,3283980,129314087,05,10,11,16,26,27
春節加碼活動,115000031,2026/03/02,164199000,3283980,129314087,05,10,11,16,26,34
春節加碼活動,115000031,2026/03/02,164199000,3283980,129314087,05,10,11,16,26,37
春節加碼活動,115000031,2026/03/02,164199000,3283980,129314087,05,10,11,16,27,34
春節加碼活動,115000031,2026/03/02,164199000,3283980,129314087,05,10,11,16,27,37
春節加碼活動,115000031,2026/03/02,164199000,3283980,129314087,05,10,11,16,34,37
春節加碼活動,115000031,2026/03/02,164199000,3283980,129314087,05,10,11,18,26,27
春節加碼活動,115000031,2026/03/02,164199000,3283980,129314087,05,10,11,18,26,34
春節加碼活動,115000031,2026/03/02,164199000,3283980,129314087,05,10,11,18,26,37
春節加碼活動,115000031,2026/03/02,164199000,3283980,129314087,05,10,11,18,27,34
春節加碼活動,115000031,2026/03/02,164199000,3283980,129314087,05,10,11,18,27,37
春節加碼活動,115000031,2026/03/02,164199000,3283980,129314087,05,10,11,18,34,37
春節加碼活動,115000031,2026/03/02,164199000,3283980,129314087,05,10,11,26,27,34
春節加碼活動,115000031,2026/03/02,164199000,3283980,129314087,05,10,11,26,27,37
春節加碼活動,115000031,2026/03/02,164199000,3283980,129314087,05,10,11,26,34,37
春節加碼活動,115000031,2026/03/02,164199000,3283980,129314087,05,10,11,27,34,37
春節加碼活動,115000031,2026/03/02,164199000,3283980,129314087,05,10,15,16,18,26
春節加碼活動,115000031,2026/03/02,164199000,3283980,129314087,05,10,15,16,18,27
春節加碼活動,115000031,2026/03/02,164199000,3283980,129314087,05,10,15,16,18,34
春節加碼活動,115000031,2026/03/02,164199000,3283980,129314087,05,10,15,16,18,37
春節加碼活動,115000031,2026/03/02,164199000,3283980,129314087,05,10,15,16,26,27
春節加碼活動,115000031,2026/03/02,164199000,3283980,129314087,05,10,15,16,26,34
春節加碼活動,115000031,2026/03/02,164199000,3283980,129314087,05,10,15,16,26,37
春節加碼活動,115000031,2026/03/02,164199000,3283980,129314087,05,10,15,16,27,34
春節加碼活動,115000031,2026/03/02,164199000,3283980,129314087,05,10,15,16,27,37
春節加碼活動,115000031,2026/03/02,164199000,3283980,129314087,05,10,15,16,34,37
春節加碼活動,115000031,2026/03/02,164199000,3283980,129314087,05,10,15,18,26,27
春節加碼活動,115000031,2026/03/02,164199000,3283980,129314087,05,10,15,18,26,34
春節加碼活動,115000031,2026/03/02,164199000,3283980,129314087,05,10,15,18,26,37
春節加碼活動,115000031,2026/03/02,164199000,3283980,129314087,05,10,15,18,27,34
春節加碼活動,115000031,2026/03/02,164199000,3283980,129314087,05,10,15,18,27,37
春節加碼活動,115000031,2026/03/02,164199000,3283980,129314087,05,10,15,18,34,37
春節加碼活動,115000031,2026/03/02,164199000,3283980,129314087,05,10,15,26,27,34
春節加碼活動,115000031,2026/03/02,164199000,3283980,129314087,05,10,15,26,27,37
春節加碼活動,115000031,2026/03/02,164199000,3283980,129314087,05,10,15,26,34,37
春節加碼活動,115000031,2026/03/02,164199000,3283980,129314087,05,10,15,27,34,37
春節加碼活動,115000031,2026/03/02,164199000,3283980,129314087,05,10,16,18,26,27
春節加碼活動,115000031,2026/03/02,164199000,3283980,129314087,05,10,16,18,26,34
春節加碼活動,115000031,2026/03/02,164199000,3283980,129314087,05,10,16,18,26,37
春節加碼活動,115000031,2026/03/02,164199000,3283980,129314087,05,10,16,18,27,34
春節加碼活動,115000031,2026/03/02,164199000,3283980,129314087,05,10,16,18,27,37
春節加碼活動,115000031,2026/03/02,164199000,3283980,129314087,05,10,16,18,34,37
春節加碼活動,115000031,2026/03/02,164199000,3283980,129314087,05,10,16,26,27,34
春節加碼活動,115000031,2026/03/02,164199000,3283980,129314087,05,10,16,26,27,37
春節加碼活動,115000031,2026/03/02,164199000,3283980,129314087,05,10,16,26,34,37
春節加碼活動,115000031,2026/03/02,164199000,3283980,129314087,05,10,16,27,34,37
春節加碼活動,115000031,2026/03/02,164199000,3283980,129314087,05,10,18,26,27,34
春節加碼活動,115000031,2026/03/02,164199000,3283980,129314087,05,10,18,26,27,37
春節加碼活動,115000031,2026/03/02,164199000,3283980,129314087,05,10,18,26,34,37
春節加碼活動,115000031,2026/03/02,164199000,3283980,129314087,05,10,18,27,34,37
春節加碼活動,115000031,2026/03/02,164199000,3283980,129314087,05,10,26,27,34,37
春節加碼活動,115000031,2026/03/02,164199000,3283980,129314087,05,11,15,16,18,26
春節加碼活動,115000031,2026/03/02,164199000,3283980,129314087,05,11,15,16,18,27
春節加碼活動,115000031,2026/03/02,164199000,3283980,129314087,05,11,15,16,18,34
春節加碼活動,115000031,2026/03/02,164199000,3283980,129314087,05,11,15,16,18,37
春節加碼活動,115000031,2026/03/02,164199000,3283980,129314087,05,11,15,16,26,27
春節加碼活動,115000031,2026/03/02,164199000,3283980,129314087,05,11,15,16,26,34
春節加碼活動,115000031,2026/03/02,164199000,3283980,129314087,05,11,15,16,26,37
春節加碼活動,115000031,2026/03/02,164199000,3283980,129314087,05,11,15,16,27,34
春節加碼活動,115000031,2026/03/02,164199000,3283980,129314087,05,11,15,16,27,37
春節加碼活動,115000031,2026/03/02,164199000,3283980,129314087,05,11,15,16,34,37
春節加碼活動,115000031,2026/03/02,164199000,3283980,129314087,05,11,15,18,26,27
春節加碼活動,115000031,2026/03/02,164199000,3283980,129314087,05,11,15,18,26,34
春節加碼活動,115000031,2026/03/02,164199000,3283980,129314087,05,11,15,18,26,37
春節加碼活動,115000031,2026/03/02,164199000,3283980,129314087,05,11,15,18,27,34
春節加碼活動,115000031,2026/03/02,164199000,3283980,129314087,05,11,15,18,27,37
春節加碼活動,115000031,2026/03/02,164199000,3283980,129314087,05,11,15,18,34,37
春節加碼活動,115000031,2026/03/02,164199000,3283980,129314087,05,11,15,26,27,34
春節加碼活動,115000031,2026/03/02,164199000,3283980,129314087,05,11,15,26,27,37
春節加碼活動,115000031,2026/03/02,164199000,3283980,129314087,05,11,15,26,34,37
春節加碼活動,115000031,2026/03/02,164199000,3283980,129314087,05,11,15,27,34,37
春節加碼活動,115000031,2026/03/02,164199000,3283980,129314087,05,11,16,18,26,27
春節加碼活動,115000031,2026/03/02,164199000,3283980,129314087,05,11,16,18,26,34
春節加碼活動,115000031,2026/03/02,164199000,3283980,129314087,05,11,16,18,26,37
春節加碼活動,115000031,2026/03/02,164199000,3283980,129314087,05,11,16,18,27,34
春節加碼活動,115000031,2026/03/02,164199000,3283980,129314087,05,11,16,18,27,37
春節加碼活動,115000031,2026/03/02,164199000,3283980,129314087,05,11,16,18,34,37
春節加碼活動,115000031,2026/03/02,164199000,3283980,129314087,05,11,16,26,27,34
春節加碼活動,115000031,2026/03/02,164199000,3283980,129314087,05,11,16,26,27,37
春節加碼活動,115000031,2026/03/02,164199000,3283980,129314087,05,11,16,26,34,37
春節加碼活動,115000031,2026/03/02,164199000,3283980,129314087,05,11,16,27,34,37
春節加碼活動,115000031,2026/03/02,164199000,3283980,129314087,05,11,18,26,27,34
春節加碼活動,115000031,2026/03/02,164199000,3283980,129314087,05,11,18,26,27,37
春節加碼活動,115000031,2026/03/02,164199000,3283980,129314087,05,11,18,26,34,37
春節加碼活動,115000031,2026/03/02,164199000,3283980,129314087,05,11,18,27,34,37
春節加碼活動,115000031,2026/03/02,164199000,3283980,129314087,05,11,26,27,34,37
春節加碼活動,115000031,2026/03/02,164199000,3283980,129314087,05,15,16,18,26,27
春節加碼活動,115000031,2026/03/02,164199000,3283980,129314087,05,15,16,18,26,34
春節加碼活動,115000031,2026/03/02,164199000,3283980,129314087,05,15,16,18,26,37
春節加碼活動,115000031,2026/03/02,164199000,3283980,129314087,05,15,16,18,27,34
春節加碼活動,115000031,2026/03/02,164199000,3283980,129314087,05,15,16,18,27,37
春節加碼活動,115000031,2026/03/02,164199000,3283980,129314087,05,15,16,18,34,37
春節加碼活動,115000031,2026/03/02,164199000,3283980,129314087,05,15,16,26,27,34
春節加碼活動,115000031,2026/03/02,164199000,3283980,129314087,05,15,16,26,27,37
春節加碼活動,115000031,2026/03/02,164199000,3283980,129314087,05,15,16,26,34,37
春節加碼活動,115000031,2026/03/02,164199000,3283980,129314087,05,15,16,27,34,37
春節加碼活動,115000031,2026/03/02,164199000,3283980,129314087,05,15,18,26,27,34
春節加碼活動,115000031,2026/03/02,164199000,3283980,129314087,05,15,18,26,27,37
春節加碼活動,115000031,2026/03/02,164199000,3283980,129314087,05,15,18,26,34,37
春節加碼活動,115000031,2026/03/02,164199000,3283980,129314087,05,15,18,27,34,37
春節加碼活動,115000031,2026/03/02,164199000,3283980,129314087,05,15,26,27,34,37
春節加碼活動,115000031,2026/03/02,164199000,3283980,129314087,05,16,18,26,27,34
春節加碼活動,115000031,2026/03/02,164199000,3283980,129314087,05,16,18,26,27,37
春節加碼活動,115000031,2026/03/02,164199000,3283980,129314087,05,16,18,26,34,37
春節加碼活動,115000031,2026/03/02,164199000,3283980,129314087,05,16,18,27,34,37
春節加碼活動,115000031,2026/03/02,164199000,3283980,129314087,05,16,26,27,34,37
春節加碼活動,115000031,2026/03/02,164199000,3283980,129314087,05,18,26,27,34,37
春節加碼活動,115000031,2026/03/02,164199000,3283980,129314087,10,11,15,16,18,26
春節加碼活動,115000031,2026/03/02,164199000,3283980,129314087,10,11,15,16,18,27
春節加碼活動,115000031,2026/03/02,164199000,3283980,129314087,10,11,15,16,18,34
春節加碼活動,115000031,2026/03/02,164199000,3283980,129314087,10,11,15,16,18,37
春節加碼活動,115000031,2026/03/02,164199000,3283980,129314087,10,11,15,16,26,27
春節加碼活動,115000031,2026/03/02,164199000,3283980,129314087,10,11,15,16,26,34
春節加碼活動,115000031,2026/03/02,164199000,3283980,129314087,10,11,15,16,26,37
春節加碼活動,115000031,2026/03/02,164199000,3283980,129314087,10,11,15,16,27,34
春節加碼活動,115000031,2026/03/02,164199000,3283980,129314087,10,11,15,16,27,37
春節加碼活動,115000031,2026/03/02,164199000,3283980,129314087,10,11,15,16,34,37
春節加碼活動,115000031,2026/03/02,164199000,3283980,129314087,10,11,15,18,26,27
春節加碼活動,115000031,2026/03/02,164199000,3283980,129314087,10,11,15,18,26,34
春節加碼活動,115000031,2026/03/02,164199000,3283980,129314087,10,11,15,18,26,37
春節加碼活動,115000031,2026/03/02,164199000,3283980,129314087,10,11,15,18,27,34
春節加碼活動,115000031,2026/03/02,164199000,3283980,129314087,10,11,15,18,27,37
春節加碼活動,115000031,2026/03/02,164199000,3283980,129314087,10,11,15,18,34,37
春節加碼活動,115000031,2026/03/02,164199000,3283980,129314087,10,11,15,26,27,34
春節加碼活動,115000031,2026/03/02,164199000,3283980,129314087,10,11,15,26,27,37
春節加碼活動,115000031,2026/03/02,164199000,3283980,129314087,10,11,15,26,34,37
春節加碼活動,115000031,2026/03/02,164199000,3283980,129314087,10,11,15,27,34,37
春節加碼活動,115000031,2026/03/02,164199000,3283980,129314087,10,11,16,18,26,27
春節加碼活動,115000031,2026/03/02,164199000,3283980,129314087,10,11,16,18,26,34
春節加碼活動,115000031,2026/03/02,164199000,3283980,129314087,10,11,16,18,26,37
春節加碼活動,115000031,2026/03/02,164199000,3283980,129314087,10,11,16,18,27,34
春節加碼活動,115000031,2026/03/02,164199000,3283980,129314087,10,11,16,18,27,37
春節加碼活動,115000031,2026/03/02,164199000,3283980,129314087,10,11,16,18,34,37
春節加碼活動,115000031,2026/03/02,164199000,3283980,129314087,10,11,16,26,27,34
春節加碼活動,115000031,2026/03/02,164199000,3283980,129314087,10,11,16,26,27,37
春節加碼活動,115000031,2026/03/02,164199000,3283980,129314087,10,11,16,26,34,37
春節加碼活動,115000031,2026/03/02,164199000,3283980,129314087,10,11,16,27,34,37
春節加碼活動,115000031,2026/03/02,164199000,3283980,129314087,10,11,18,26,27,34
春節加碼活動,115000031,2026/03/02,164199000,3283980,129314087,10,11,18,26,27,37
春節加碼活動,115000031,2026/03/02,164199000,3283980,129314087,10,11,18,26,34,37
春節加碼活動,115000031,2026/03/02,164199000,3283980,129314087,10,11,18,27,34,37
春節加碼活動,115000031,2026/03/02,164199000,3283980,129314087,10,11,26,27,34,37
春節加碼活動,115000031,2026/03/02,164199000,3283980,129314087,10,15,16,18,26,27
春節加碼活動,115000031,2026/03/02,164199000,3283980,129314087,10,15,16,18,26,34
春節加碼活動,115000031,2026/03/02,164199000,3283980,129314087,10,15,16,18,26,37
春節加碼活動,115000031,2026/03/02,164199000,3283980,129314087,10,15,16,18,27,34
春節加碼活動,115000031,2026/03/02,164199000,3283980,129314087,10,15,16,18,27,37
春節加碼活動,115000031,2026/03/02,164199000,3283980,129314087,10,15,16,18,34,37
春節加碼活動,115000031,2026/03/02,164199000,3283980,129314087,10,15,16,26,27,34
春節加碼活動,115000031,2026/03/02,164199000,3283980,129314087,10,15,16,26,27,37
春節加碼活動,115000031,2026/03/02,164199000,3283980,129314087,10,15,16,26,34,37
春節加碼活動,115000031,2026/03/02,164199000,3283980,129314087,10,15,16,27,34,37
春節加碼活動,115000031,2026/03/02,164199000,3283980,129314087,10,15,18,26,27,34
春節加碼活動,115000031,2026/03/02,164199000,3283980,129314087,10,15,18,26,27,37
春節加碼活動,115000031,2026/03/02,164199000,3283980,129314087,10,15,18,26,34,37
春節加碼活動,115000031,2026/03/02,164199000,3283980,129314087,10,15,18,27,34,37
春節加碼活動,115000031,2026/03/02,164199000,3283980,129314087,10,15,26,27,34,37
春節加碼活動,115000031,2026/03/02,164199000,3283980,129314087,10,16,18,26,27,34
春節加碼活動,115000031,2026/03/02,164199000,3283980,129314087,10,16,18,26,27,37
春節加碼活動,115000031,2026/03/02,164199000,3283980,129314087,10,16,18,26,34,37
春節加碼活動,115000031,2026/03/02,164199000,3283980,129314087,10,16,18,27,34,37
春節加碼活動,115000031,2026/03/02,164199000,3283980,129314087,10,16,26,27,34,37
春節加碼活動,115000031,2026/03/02,164199000,3283980,129314087,10,18,26,27,34,37
春節加碼活動,115000031,2026/03/02,164199000,3283980,129314087,11,15,16,18,26,27
春節加碼活動,115000031,2026/03/02,164199000,3283980,129314087,11,15,16,18,26,34
春節加碼活動,115000031,2026/03/02,164199000,3283980,129314087,11,15,16,18,26,37
春節加碼活動,115000031,2026/03/02,164199000,3283980,129314087,11,15,16,18,27,34
春節加碼活動,115000031,2026/03/02,164199000,3283980,129314087,11,15,16,18,27,37
春節加碼活動,115000031,2026/03/02,164199000,3283980,129314087,11,15,16,18,34,37
春節加碼活動,115000031,2026/03/02,164199000,3283980,129314087,11,15,16,26,27,34
春節加碼活動,115000031,2026/03/02,164199000,3283980,129314087,11,15,16,26,27,37
春節加碼活動,115000031,2026/03/02,164199000,3283980,129314087,11,15,16,26,34,37
春節加碼活動,115000031,2026/03/02,164199000,3283980,129314087,11,15,16,27,34,37
春節加碼活動,115000031,2026/03/02,164199000,3283980,129314087,11,15,18,26,27,34
春節加碼活動,115000031,2026/03/02,164199000,3283980,129314087,11,15,18,26,27,37
春節加碼活動,115000031,2026/03/02,164199000,3283980,129314087,11,15,18,26,34,37
春節加碼活動,115000031,2026/03/02,164199000,3283980,129314087,11,15,18,27,34,37
春節加碼活動,115000031,2026/03/02,164199000,3283980,129314087,11,15,26,27,34,37
春節加碼活動,115000031,2026/03/02,164199000,3283980,129314087,11,16,18,26,27,34
春節加碼活動,115000031,2026/03/02,164199000,3283980,129314087,11,16,18,26,27,37
春節加碼活動,115000031,2026/03/02,164199000,3283980,129314087,11,16,18,26,34,37
春節加碼活動,115000031,2026/03/02,164199000,3283980,129314087,11,16,18,27,34,37
春節加碼活動,115000031,2026/03/02,164199000,3283980,129314087,11,16,26,27,34,37
春節加碼活動,115000031,2026/03/02,164199000,3283980,129314087,11,18,26,27,34,37
春節加碼活動,115000031,2026/03/02,164199000,3283980,129314087,15,16,18,26,27,34
春節加碼活動,115000031,2026/03/02,164199000,3283980,129314087,15,16,18,26,27,37
春節加碼活動,115000031,2026/03/02,164199000,3283980,129314087,15,16,18,26,34,37
春節加碼活動,115000031,2026/03/02,164199000,3283980,129314087,15,16,18,27,34,37
春節加碼活動,115000031,2026/03/02,164199000,3283980,129314087,15,16,26,27,34,37
春節加碼活動,115000031,2026/03/02,164199000,3283980,129314087,15,18,26,27,34,37
春節加碼活動,115000031,2026/03/02,164199000,3283980,129314087,16,18,26,27,34,37
春節加碼活動,115000032,2026/03/03,217247200,4344944,194353927,06,07,12,15,18,21
春節加碼活動,115000032,2026/03/03,217247200,4344944,194353927,06,07,12,15,18,24
春節加碼活動,115000032,2026/03/03,217247200,4344944,194353927,06,07,12,15,18,30
春節加碼活動,115000032,2026/03/03,217247200,4344944,194353927,06,07,12,15,18,31
春節加碼活動,115000032,2026/03/03,217247200,4344944,194353927,06,07,12,15,18,41
春節加碼活動,115000032,2026/03/03,217247200,4344944,194353927,06,07,12,15,21,24
春節加碼活動,115000032,2026/03/03,217247200,4344944,194353927,06,07,12,15,21,30
春節加碼活動,115000032,2026/03/03,217247200,4344944,194353927,06,07,12,15,21,31
春節加碼活動,115000032,2026/03/03,217247200,4344944,194353927,06,07,12,15,21,41
春節加碼活動,115000032,2026/03/03,217247200,4344944,194353927,06,07,12,15,24,30
春節加碼活動,115000032,2026/03/03,217247200,4344944,194353927,06,07,12,15,24,31
春節加碼活動,115000032,2026/03/03,217247200,4344944,194353927,06,07,12,15,24,41
春節加碼活動,115000032,2026/03/03,217247200,4344944,194353927,06,07,12,15,30,31
春節加碼活動,115000032,2026/03/03,217247200,4344944,194353927,06,07,12,15,30,41
春節加碼活動,115000032,2026/03/03,217247200,4344944,194353927,06,07,12,15,31,41
春節加碼活動,115000032,2026/03/03,217247200,4344944,194353927,06,07,12,18,21,24
春節加碼活動,115000032,2026/03/03,217247200,4344944,194353927,06,07,12,18,21,30
春節加碼活動,115000032,2026/03/03,217247200,4344944,194353927,06,07,12,18,21,31
春節加碼活動,115000032,2026/03/03,217247200,4344944,194353927,06,07,12,18,21,41
春節加碼活動,115000032,2026/03/03,217247200,4344944,194353927,06,07,12,18,24,30
春節加碼活動,115000032,2026/03/03,217247200,4344944,194353927,06,07,12,18,24,31
春節加碼活動,115000032,2026/03/03,217247200,4344944,194353927,06,07,12,18,24,41
春節加碼活動,115000032,2026/03/03,217247200,4344944,194353927,06,07,12,18,30,31
春節加碼活動,115000032,2026/03/03,217247200,4344944,194353927,06,07,12,18,30,41
春節加碼活動,115000032,2026/03/03,217247200,4344944,194353927,06,07,12,18,31,41
春節加碼活動,115000032,2026/03/03,217247200,4344944,194353927,06,07,12,21,24,30
春節加碼活動,115000032,2026/03/03,217247200,4344944,194353927,06,07,12,21,24,31
春節加碼活動,115000032,2026/03/03,217247200,4344944,194353927,06,07,12,21,24,41
春節加碼活動,115000032,2026/03/03,217247200,4344944,194353927,06,07,12,21,30,31
春節加碼活動,115000032,2026/03/03,217247200,4344944,194353927,06,07,12,21,30,41
春節加碼活動,115000032,2026/03/03,217247200,4344944,194353927,06,07,12,21,31,41
春節加碼活動,115000032,2026/03/03,217247200,4344944,194353927,06,07,12,24,30,31
春節加碼活動,115000032,2026/03/03,217247200,4344944,194353927,06,07,12,24,30,41
春節加碼活動,115000032,2026/03/03,217247200,4344944,194353927,06,07,12,24,31,41
春節加碼活動,115000032,2026/03/03,217247200,4344944,194353927,06,07,12,30,31,41
春節加碼活動,115000032,2026/03/03,217247200,4344944,194353927,06,07,15,18,21,24
春節加碼活動,115000032,2026/03/03,217247200,4344944,194353927,06,07,15,18,21,30
春節加碼活動,115000032,2026/03/03,217247200,4344944,194353927,06,07,15,18,21,31
春節加碼活動,115000032,2026/03/03,217247200,4344944,194353927,06,07,15,18,21,41
春節加碼活動,115000032,2026/03/03,217247200,4344944,194353927,06,07,15,18,24,30
春節加碼活動,115000032,2026/03/03,217247200,4344944,194353927,06,07,15,18,24,31
春節加碼活動,115000032,2026/03/03,217247200,4344944,194353927,06,07,15,18,24,41
春節加碼活動,115000032,2026/03/03,217247200,4344944,194353927,06,07,15,18,30,31
春節加碼活動,115000032,2026/03/03,217247200,4344944,194353927,06,07,15,18,30,41
春節加碼活動,115000032,2026/03/03,217247200,4344944,194353927,06,07,15,18,31,41
春節加碼活動,115000032,2026/03/03,217247200,4344944,194353927,06,07,15,21,24,30
春節加碼活動,115000032,2026/03/03,217247200,4344944,194353927,06,07,15,21,24,31
春節加碼活動,115000032,2026/03/03,217247200,4344944,194353927,06,07,15,21,24,41
春節加碼活動,115000032,2026/03/03,217247200,4344944,194353927,06,07,15,21,30,31
春節加碼活動,115000032,2026/03/03,217247200,4344944,194353927,06,07,15,21,30,41
春節加碼活動,115000032,2026/03/03,217247200,4344944,194353927,06,07,15,21,31,41
春節加碼活動,115000032,2026/03/03,217247200,4344944,194353927,06,07,15,24,30,31
春節加碼活動,115000032,2026/03/03,217247200,4344944,194353927,06,07,15,24,30,41
春節加碼活動,115000032,2026/03/03,217247200,4344944,194353927,06,07,15,24,31,41
春節加碼活動,115000032,2026/03/03,217247200,4344944,194353927,06,07,15,30,31,41
春節加碼活動,115000032,2026/03/03,217247200,4344944,194353927,06,07,18,21,24,30
春節加碼活動,115000032,2026/03/03,217247200,4344944,194353927,06,07,18,21,24,31
春節加碼活動,115000032,2026/03/03,217247200,4344944,194353927,06,07,18,21,24,41
春節加碼活動,115000032,2026/03/03,217247200,4344944,194353927,06,07,18,21,30,31
春節加碼活動,115000032,2026/03/03,217247200,4344944,194353927,06,07,18,21,30,41
春節加碼活動,115000032,2026/03/03,217247200,4344944,194353927,06,07,18,21,31,41
春節加碼活動,115000032,2026/03/03,217247200,4344944,194353927,06,07,18,24,30,31
春節加碼活動,115000032,2026/03/03,217247200,4344944,194353927,06,07,18,24,30,41
春節加碼活動,115000032,2026/03/03,217247200,4344944,194353927,06,07,18,24,31,41
春節加碼活動,115000032,2026/03/03,217247200,4344944,194353927,06,07,18,30,31,41
春節加碼活動,115000032,2026/03/03,217247200,4344944,194353927,06,07,21,24,30,31
春節加碼活動,115000032,2026/03/03,217247200,4344944,194353927,06,07,21,24,30,41
春節加碼活動,115000032,2026/03/03,217247200,4344944,194353927,06,07,21,24,31,41
春節加碼活動,115000032,2026/03/03,217247200,4344944,194353927,06,07,21,30,31,41
春節加碼活動,115000032,2026/03/03,217247200,4344944,194353927,06,07,24,30,31,41
春節加碼活動,115000032,2026/03/03,217247200,4344944,194353927,06,12,15,18,21,24
春節加碼活動,115000032,2026/03/03,217247200,4344944,194353927,06,12,15,18,21,30
春節加碼活動,115000032,2026/03/03,217247200,4344944,194353927,06,12,15,18,21,31
春節加碼活動,115000032,2026/03/03,217247200,4344944,194353927,06,12,15,18,21,41
春節加碼活動,115000032,2026/03/03,217247200,4344944,194353927,06,12,15,18,24,30
春節加碼活動,115000032,2026/03/03,217247200,4344944,194353927,06,12,15,18,24,31
春節加碼活動,115000032,2026/03/03,217247200,4344944,194353927,06,12,15,18,24,41
春節加碼活動,115000032,2026/03/03,217247200,4344944,194353927,06,12,15,18,30,31
春節加碼活動,115000032,2026/03/03,217247200,4344944,194353927,06,12,15,18,30,41
春節加碼活動,115000032,2026/03/03,217247200,4344944,194353927,06,12,15,18,31,41
春節加碼活動,115000032,2026/03/03,217247200,4344944,194353927,06,12,15,21,24,30
春節加碼活動,115000032,2026/03/03,217247200,4344944,194353927,06,12,15,21,24,31
春節加碼活動,115000032,2026/03/03,217247200,4344944,194353927,06,12,15,21,24,41
春節加碼活動,115000032,2026/03/03,217247200,4344944,194353927,06,12,15,21,30,31
春節加碼活動,115000032,2026/03/03,217247200,4344944,194353927,06,12,15,21,30,41
春節加碼活動,115000032,2026/03/03,217247200,4344944,194353927,06,12,15,21,31,41
春節加碼活動,115000032,2026/03/03,217247200,4344944,194353927,06,12,15,24,30,31
春節加碼活動,115000032,2026/03/03,217247200,4344944,194353927,06,12,15,24,30,41
春節加碼活動,115000032,2026/03/03,217247200,4344944,194353927,06,12,15,24,31,41
春節加碼活動,115000032,2026/03/03,217247200,4344944,194353927,06,12,15,30,31,41
春節加碼活動,115000032,2026/03/03,217247200,4344944,194353927,06,12,18,21,24,30
春節加碼活動,115000032,2026/03/03,217247200,4344944,194353927,06,12,18,21,24,31
春節加碼活動,115000032,2026/03/03,217247200,4344944,194353927,06,12,18,21,24,41
春節加碼活動,115000032,2026/03/03,217247200,4344944,194353927,06,12,18,21,30,31
春節加碼活動,115000032,2026/03/03,217247200,4344944,194353927,06,12,18,21,30,41
春節加碼活動,115000032,2026/03/03,217247200,4344944,194353927,06,12,18,21,31,41
春節加碼活動,115000032,2026/03/03,217247200,4344944,194353927,06,12,18,24,30,31
春節加碼活動,115000032,2026/03/03,217247200,4344944,194353927,06,12,18,24,30,41
春節加碼活動,115000032,2026/03/03,217247200,4344944,194353927,06,12,18,24,31,41
春節加碼活動,115000032,2026/03/03,217247200,4344944,194353927,06,12,18,30,31,41
春節加碼活動,115000032,2026/03/03,217247200,4344944,194353927,06,12,21,24,30,31
春節加碼活動,115000032,2026/03/03,217247200,4344944,194353927,06,12,21,24,30,41
春節加碼活動,115000032,2026/03/03,217247200,4344944,194353927,06,12,21,24,31,41
春節加碼活動,115000032,2026/03/03,217247200,4344944,194353927,06,12,21,30,31,41
春節加碼活動,115000032,2026/03/03,217247200,4344944,194353927,06,12,24,30,31,41
春節加碼活動,115000032,2026/03/03,217247200,4344944,194353927,06,15,18,21,24,30
春節加碼活動,115000032,2026/03/03,217247200,4344944,194353927,06,15,18,21,24,31
春節加碼活動,115000032,2026/03/03,217247200,4344944,194353927,06,15,18,21,24,41
春節加碼活動,115000032,2026/03/03,217247200,4344944,194353927,06,15,18,21,30,31
春節加碼活動,115000032,2026/03/03,217247200,4344944,194353927,06,15,18,21,30,41
春節加碼活動,115000032,2026/03/03,217247200,4344944,194353927,06,15,18,21,31,41
春節加碼活動,115000032,2026/03/03,217247200,4344944,194353927,06,15,18,24,30,31
春節加碼活動,115000032,2026/03/03,217247200,4344944,194353927,06,15,18,24,30,41
春節加碼活動,115000032,2026/03/03,217247200,4344944,194353927,06,15,18,24,31,41
春節加碼活動,115000032,2026/03/03,217247200,4344944,194353927,06,15,18,30,31,41
春節加碼活動,115000032,2026/03/03,217247200,4344944,194353927,06,15,21,24,30,31
春節加碼活動,115000032,2026/03/03,217247200,4344944,194353927,06,15,21,24,30,41
春節加碼活動,115000032,2026/03/03,217247200,4344944,194353927,06,15,21,24,31,41
春節加碼活動,115000032,2026/03/03,217247200,4344944,194353927,06,15,21,30,31,41
春節加碼活動,115000032,2026/03/03,217247200,4344944,194353927,06,15,24,30,31,41
春節加碼活動,115000032,2026/03/03,217247200,4344944,194353927,06,18,21,24,30,31
春節加碼活動,115000032,2026/03/03,217247200,4344944,194353927,06,18,21,24,30,41
春節加碼活動,115000032,2026/03/03,217247200,4344944,194353927,06,18,21,24,31,41
春節加碼活動,115000032,2026/03/03,217247200,4344944,194353927,06,18,21,30,31,41
春節加碼活動,115000032,2026/03/03,217247200,4344944,194353927,06,18,24,30,31,41
春節加碼活動,115000032,2026/03/03,217247200,4344944,194353927,06,21,24,30,31,41
春節加碼活動,115000032,2026/03/03,217247200,4344944,194353927,07,12,15,18,21,24
春節加碼活動,115000032,2026/03/03,217247200,4344944,194353927,07,12,15,18,21,30
春節加碼活動,115000032,2026/03/03,217247200,4344944,194353927,07,12,15,18,21,31
春節加碼活動,115000032,2026/03/03,217247200,4344944,194353927,07,12,15,18,21,41
春節加碼活動,115000032,2026/03/03,217247200,4344944,194353927,07,12,15,18,24,30
春節加碼活動,115000032,2026/03/03,217247200,4344944,194353927,07,12,15,18,24,31
春節加碼活動,115000032,2026/03/03,217247200,4344944,194353927,07,12,15,18,24,41
春節加碼活動,115000032,2026/03/03,217247200,4344944,194353927,07,12,15,18,30,31
春節加碼活動,115000032,2026/03/03,217247200,4344944,194353927,07,12,15,18,30,41
春節加碼活動,115000032,2026/03/03,217247200,4344944,194353927,07,12,15,18,31,41
春節加碼活動,115000032,2026/03/03,217247200,4344944,194353927,07,12,15,21,24,30
春節加碼活動,115000032,2026/03/03,217247200,4344944,194353927,07,12,15,21,24,31
春節加碼活動,115000032,2026/03/03,217247200,4344944,194353927,07,12,15,21,24,41
春節加碼活動,115000032,2026/03/03,217247200,4344944,194353927,07,12,15,21,30,31
春節加碼活動,115000032,2026/03/03,217247200,4344944,194353927,07,12,15,21,30,41
春節加碼活動,115000032,2026/03/03,217247200,4344944,194353927,07,12,15,21,31,41
春節加碼活動,115000032,2026/03/03,217247200,4344944,194353927,07,12,15,24,30,31
春節加碼活動,115000032,2026/03/03,217247200,4344944,194353927,07,12,15,24,30,41
春節加碼活動,115000032,2026/03/03,217247200,4344944,194353927,07,12,15,24,31,41
春節加碼活動,115000032,2026/03/03,217247200,4344944,194353927,07,12,15,30,31,41
春節加碼活動,115000032,2026/03/03,217247200,4344944,194353927,07,12,18,21,24,30
春節加碼活動,115000032,2026/03/03,217247200,4344944,194353927,07,12,18,21,24,31
春節加碼活動,115000032,2026/03/03,217247200,4344944,194353927,07,12,18,21,24,41
春節加碼活動,115000032,2026/03/03,217247200,4344944,194353927,07,12,18,21,30,31
春節加碼活動,115000032,2026/03/03,217247200,4344944,194353927,07,12,18,21,30,41
春節加碼活動,115000032,2026/03/03,217247200,4344944,194353927,07,12,18,21,31,41
春節加碼活動,115000032,2026/03/03,217247200,4344944,194353927,07,12,18,24,30,31
春節加碼活動,115000032,2026/03/03,217247200,4344944,194353927,07,12,18,24,30,41
春節加碼活動,115000032,2026/03/03,217247200,4344944,194353927,07,12,18,24,31,41
春節加碼活動,115000032,2026/03/03,217247200,4344944,194353927,07,12,18,30,31,41
春節加碼活動,115000032,2026/03/03,217247200,4344944,194353927,07,12,21,24,30,31
春節加碼活動,115000032,2026/03/03,217247200,4344944,194353927,07,12,21,24,30,41
春節加碼活動,115000032,2026/03/03,217247200,4344944,194353927,07,12,21,24,31,41
春節加碼活動,115000032,2026/03/03,217247200,4344944,194353927,07,12,21,30,31,41
春節加碼活動,115000032,2026/03/03,217247200,4344944,194353927,07,12,24,30,31,41
春節加碼活動,115000032,2026/03/03,217247200,4344944,194353927,07,15,18,21,24,30
春節加碼活動,115000032,2026/03/03,217247200,4344944,194353927,07,15,18,21,24,31
春節加碼活動,115000032,2026/03/03,217247200,4344944,194353927,07,15,18,21,24,41
春節加碼活動,115000032,2026/03/03,217247200,4344944,194353927,07,15,18,21,30,31
春節加碼活動,115000032,2026/03/03,217247200,4344944,194353927,07,15,18,21,30,41
春節加碼活動,115000032,2026/03/03,217247200,4344944,194353927,07,15,18,21,31,41
春節加碼活動,115000032,2026/03/03,217247200,4344944,194353927,07,15,18,24,30,31
春節加碼活動,115000032,2026/03/03,217247200,4344944,194353927,07,15,18,24,30,41
春節加碼活動,115000032,2026/03/03,217247200,4344944,194353927,07,15,18,24,31,41
春節加碼活動,115000032,2026/03/03,217247200,4344944,194353927,07,15,18,30,31,41
春節加碼活動,115000032,2026/03/03,217247200,4344944,194353927,07,15,21,24,30,31
春節加碼活動,115000032,2026/03/03,217247200,4344944,194353927,07,15,21,24,30,41
春節加碼活動,115000032,2026/03/03,217247200,4344944,194353927,07,15,21,24,31,41
春節加碼活動,115000032,2026/03/03,217247200,4344944,194353927,07,15,21,30,31,41
春節加碼活動,115000032,2026/03/03,217247200,4344944,194353927,07,15,24,30,31,41
春節加碼活動,115000032,2026/03/03,217247200,4344944,194353927,07,18,21,24,30,31
春節加碼活動,115000032,2026/03/03,217247200,4344944,194353927,07,18,21,24,30,41
春節加碼活動,115000032,2026/03/03,217247200,4344944,194353927,07,18,21,24,31,41
春節加碼活動,115000032,2026/03/03,217247200,4344944,194353927,07,18,21,30,31,41
春節加碼活動,115000032,2026/03/03,217247200,4344944,194353927,07,18,24,30,31,41
春節加碼活動,115000032,2026/03/03,217247200,4344944,194353927,07,21,24,30,31,41
春節加碼活動,115000032,2026/03/03,217247200,4344944,194353927,12,15,18,21,24,30
春節加碼活動,115000032,2026/03/03,217247200,4344944,194353927,12,15,18,21,24,31
春節加碼活動,115000032,2026/03/03,217247200,4344944,194353927,12,15,18,21,24,41
春節加碼活動,115000032,2026/03/03,217247200,4344944,194353927,12,15,18,21,30,31
春節加碼活動,115000032,2026/03/03,217247200,4344944,194353927,12,15,18,21,30,41
春節加碼活動,115000032,2026/03/03,217247200,4344944,194353927,12,15,18,21,31,41
春節加碼活動,115000032,2026/03/03,217247200,4344944,194353927,12,15,18,24,30,31
春節加碼活動,115000032,2026/03/03,217247200,4344944,194353927,12,15,18,24,30,41
春節加碼活動,115000032,2026/03/03,217247200,4344944,194353927,12,15,18,24,31,41
春節加碼活動,115000032,2026/03/03,217247200,4344944,194353927,12,15,18,30,31,41
春節加碼活動,115000032,2026/03/03,217247200,4344944,194353927,12,15,21,24,30,31
春節加碼活動,115000032,2026/03/03,217247200,4344944,194353927,12,15,21,24,30,41
春節加碼活動,115000032,2026/03/03,217247200,4344944,194353927,12,15,21,24,31,41
春節加碼活動,115000032,2026/03/03,217247200,4344944,194353927,12,15,21,30,31,41
春節加碼活動,115000032,2026/03/03,217247200,4344944,194353927,12,15,24,30,31,41
春節加碼活動,115000032,2026/03/03,217247200,4344944,194353927,12,18,21,24,30,31
春節加碼活動,115000032,2026/03/03,217247200,4344944,194353927,12,18,21,24,30,41
春節加碼活動,115000032,2026/03/03,217247200,4344944,194353927,12,18,21,24,31,41
春節加碼活動,115000032,2026/03/03,217247200,4344944,194353927,12,18,21,30,31,41
春節加碼活動,115000032,2026/03/03,217247200,4344944,194353927,12,18,24,30,31,41
春節加碼活動,115000032,2026/03/03,217247200,4344944,194353927,12,21,24,30,31,41
春節加碼活動,115000032,2026/03/03,217247200,4344944,194353927,15,18,21,24,30,31
春節加碼活動,115000032,2026/03/03,217247200,4344944,194353927,15,18,21,24,30,41
春節加碼活動,115000032,2026/03/03,217247200,4344944,194353927,15,18,21,24,31,41
春節加碼活動,115000032,2026/03/03,217247200,4344944,194353927,15,18,21,30,31,41
春節加碼活動,115000032,2026/03/03,217247200,4344944,194353927,15,18,24,30,31,41
春節加碼活動,115000032,2026/03/03,217247200,4344944,194353927,15,21,24,30,31,41
春節加碼活動,115000032,2026/03/03,217247200,4344944,194353927,18,21,24,30,31,41
端午節加碼活動,115000059,2026/06/05,128106700,2562134,224988362,01,02,07,16,24,48
端午節加碼活動,115000059,2026/06/05,128106700,2562134,224988362,01,02,08,10,28,38
端午節加碼活動,115000059,2026/06/05,128106700,2562134,224988362,01,03,15,16,19,34
端午節加碼活動,115000059,2026/06/05,128106700,2562134,224988362,01,04,07,14,21,24
端午節加碼活動,115000059,2026/06/05,128106700,2562134,224988362,01,04,24,27,47,48
端午節加碼活動,115000059,2026/06/05,128106700,2562134,224988362,01,06,09,20,43,48
端午節加碼活動,115000059,2026/06/05,128106700,2562134,224988362,01,07,11,13,46,48
端午節加碼活動,115000059,2026/06/05,128106700,2562134,224988362,01,07,14,19,28,33
端午節加碼活動,115000059,2026/06/05,128106700,2562134,224988362,01,07,17,19,38,40
端午節加碼活動,115000059,2026/06/05,128106700,2562134,224988362,01,09,11,17,18,38
端午節加碼活動,115000059,2026/06/05,128106700,2562134,224988362,01,09,13,20,34,35
端午節加碼活動,115000059,2026/06/05,128106700,2562134,224988362,01,12,22,28,33,43
端午節加碼活動,115000059,2026/06/05,128106700,2562134,224988362,01,12,26,29,41,47
端午節加碼活動,115000059,2026/06/05,128106700,2562134,224988362,01,22,24,25,44,46
端午節加碼活動,115000059,2026/06/05,128106700,2562134,224988362,01,22,34,37,42,45
端午節加碼活動,115000059,2026/06/05,128106700,2562134,224988362,01,26,30,35,40,45
端午節加碼活動,115000059,2026/06/05,128106700,2562134,224988362,02,03,09,24,32,36
端午節加碼活動,115000059,2026/06/05,128106700,2562134,224988362,02,07,08,13,28,37
端午節加碼活動,115000059,2026/06/05,128106700,2562134,224988362,02,07,14,15,27,45
端午節加碼活動,115000059,2026/06/05,128106700,2562134,224988362,02,07,14,33,35,49
端午節加碼活動,115000059,2026/06/05,128106700,2562134,224988362,02,08,17,20,27,35
端午節加碼活動,115000059,2026/06/05,128106700,2562134,224988362,02,13,26,30,38,47
端午節加碼活動,115000059,2026/06/05,128106700,2562134,224988362,02,15,30,32,39,48
端午節加碼活動,115000059,2026/06/05,128106700,2562134,224988362,02,18,26,32,39,48
端午節加碼活動,115000059,2026/06/05,128106700,2562134,224988362,03,05,09,10,16,47
端午節加碼活動,115000059,2026/06/05,128106700,2562134,224988362,03,06,11,22,32,44
端午節加碼活動,115000059,2026/06/05,128106700,2562134,224988362,03,09,10,23,29,40
端午節加碼活動,115000059,2026/06/05,128106700,2562134,224988362,03,09,12,18,32,47
端午節加碼活動,115000059,2026/06/05,128106700,2562134,224988362,03,12,22,37,40,49
端午節加碼活動,115000059,2026/06/05,128106700,2562134,224988362,03,17,21,36,39,42
端午節加碼活動,115000059,2026/06/05,128106700,2562134,224988362,03,22,23,29,38,40
端午節加碼活動,115000059,2026/06/05,128106700,2562134,224988362,03,26,32,36,41,47
端午節加碼活動,115000059,2026/06/05,128106700,2562134,224988362,04,07,09,14,19,33
端午節加碼活動,115000059,2026/06/05,128106700,2562134,224988362,04,07,10,21,22,27
端午節加碼活動,115000059,2026/06/05,128106700,2562134,224988362,04,09,31,39,40,44
端午節加碼活動,115000059,2026/06/05,128106700,2562134,224988362,04,10,22,33,36,48
端午節加碼活動,115000059,2026/06/05,128106700,2562134,224988362,04,11,17,27,29,39
端午節加碼活動,115000059,2026/06/05,128106700,2562134,224988362,04,12,16,26,37,46
端午節加碼活動,115000059,2026/06/05,128106700,2562134,224988362,04,19,24,30,39,44
端午節加碼活動,115000059,2026/06/05,128106700,2562134,224988362,05,06,11,20,36,41
端午節加碼活動,115000059,2026/06/05,128106700,2562134,224988362,05,06,29,37,44,48
端午節加碼活動,115000059,2026/06/05,128106700,2562134,224988362,05,09,10,14,29,38
端午節加碼活動,115000059,2026/06/05,128106700,2562134,224988362,05,12,13,24,32,36
端午節加碼活動,115000059,2026/06/05,128106700,2562134,224988362,05,19,29,32,33,45
端午節加碼活動,115000059,2026/06/05,128106700,2562134,224988362,05,22,26,28,39,45
端午節加碼活動,115000059,2026/06/05,128106700,2562134,224988362,05,28,29,31,35,42
端午節加碼活動,115000059,2026/06/05,128106700,2562134,224988362,06,08,13,22,23,49
端午節加碼活動,115000059,2026/06/05,128106700,2562134,224988362,06,09,13,24,28,41
端午節加碼活動,115000059,2026/06/05,128106700,2562134,224988362,06,10,14,17,20,30
端午節加碼活動,115000059,2026/06/05,128106700,2562134,224988362,06,10,15,27,38,46
端午節加碼活動,115000059,2026/06/05,128106700,2562134,224988362,06,13,14,24,46,48
端午節加碼活動,115000059,2026/06/05,128106700,2562134,224988362,06,18,34,41,45,48
端午節加碼活動,115000059,2026/06/05,128106700,2562134,224988362,06,20,27,33,36,39
端午節加碼活動,115000059,2026/06/05,128106700,2562134,224988362,06,25,28,29,44,49
端午節加碼活動,115000059,2026/06/05,128106700,2562134,224988362,07,08,26,34,35,40
端午節加碼活動,115000059,2026/06/05,128106700,2562134,224988362,07,09,19,28,32,42
端午節加碼活動,115000059,2026/06/05,128106700,2562134,224988362,07,10,25,26,40,44
端午節加碼活動,115000059,2026/06/05,128106700,2562134,224988362,07,11,17,36,42,44
端午節加碼活動,115000059,2026/06/05,128106700,2562134,224988362,07,12,19,27,29,39
端午節加碼活動,115000059,2026/06/05,128106700,2562134,224988362,07,14,20,34,38,44
端午節加碼活動,115000059,2026/06/05,128106700,2562134,224988362,07,16,20,22,25,44
端午節加碼活動,115000059,2026/06/05,128106700,2562134,224988362,07,20,27,29,36,41
端午節加碼活動,115000059,2026/06/05,128106700,2562134,224988362,07,24,28,30,44,45
端午節加碼活動,115000059,2026/06/05,128106700,2562134,224988362,07,30,33,40,42,48
端午節加碼活動,115000059,2026/06/05,128106700,2562134,224988362,08,09,13,29,37,44
端午節加碼活動,115000059,2026/06/05,128106700,2562134,224988362,08,10,22,28,45,49
端午節加碼活動,115000059,2026/06/05,128106700,2562134,224988362,08,12,24,30,36,38
端午節加碼活動,115000059,2026/06/05,128106700,2562134,224988362,08,13,14,19,32,46
端午節加碼活動,115000059,2026/06/05,128106700,2562134,224988362,08,13,26,27,42,47
端午節加碼活動,115000059,2026/06/05,128106700,2562134,224988362,08,13,31,33,38,49
端午節加碼活動,115000059,2026/06/05,128106700,2562134,224988362,08,14,23,29,31,32
端午節加碼活動,115000059,2026/06/05,128106700,2562134,224988362,08,15,21,22,37,43
端午節加碼活動,115000059,2026/06/05,128106700,2562134,224988362,09,10,17,24,30,36
端午節加碼活動,115000059,2026/06/05,128106700,2562134,224988362,09,12,17,37,39,40
端午節加碼活動,115000059,2026/06/05,128106700,2562134,224988362,09,14,15,16,21,37
端午節加碼活動,115000059,2026/06/05,128106700,2562134,224988362,09,19,32,33,42,49
端午節加碼活動,115000059,2026/06/05,128106700,2562134,224988362,10,16,25,39,43,47
端午節加碼活動,115000059,2026/06/05,128106700,2562134,224988362,10,19,20,21,30,32
端午節加碼活動,115000059,2026/06/05,128106700,2562134,224988362,10,19,36,37,38,45
端午節加碼活動,115000059,2026/06/05,128106700,2562134,224988362,10,22,24,26,28,46
端午節加碼活動,115000059,2026/06/05,128106700,2562134,224988362,11,13,15,17,37,46
端午節加碼活動,115000059,2026/06/05,128106700,2562134,224988362,11,30,35,37,45,47
端午節加碼活動,115000059,2026/06/05,128106700,2562134,224988362,12,22,25,28,35,46
端午節加碼活動,115000059,2026/06/05,128106700,2562134,224988362,12,23,25,33,45,46
端午節加碼活動,115000059,2026/06/05,128106700,2562134,224988362,13,14,19,24,33,35
端午節加碼活動,115000059,2026/06/05,128106700,2562134,224988362,13,15,16,29,48,49
端午節加碼活動,115000059,2026/06/05,128106700,2562134,224988362,13,17,23,25,37,49
端午節加碼活動,115000059,2026/06/05,128106700,2562134,224988362,14,17,25,32,37,39
端午節加碼活動,115000059,2026/06/05,128106700,2562134,224988362,15,21,24,28,35,37
端午節加碼活動,115000059,2026/06/05,128106700,2562134,224988362,15,21,33,37,41,46
端午節加碼活動,115000059,2026/06/05,128106700,2562134,224988362,16,24,25,34,35,41
端午節加碼活動,115000059,2026/06/05,128106700,2562134,224988362,16,26,29,31,41,45
端午節加碼活動,115000059,2026/06/05,128106700,2562134,224988362,17,21,26,30,36,47
端午節加碼活動,115000059,2026/06/05,128106700,2562134,224988362,17,23,26,31,33,49
端午節加碼活動,115000059,2026/06/05,128106700,2562134,224988362,18,19,21,33,36,48
端午節加碼活動,115000059,2026/06/05,128106700,2562134,224988362,18,28,30,38,40,49
端午節加碼活動,115000059,2026/06/05,128106700,2562134,224988362,19,20,25,29,36,44
端午節加碼活動,115000059,2026/06/05,128106700,2562134,224988362,21,25,28,40,45,49
端午節加碼活動,115000059,2026/06/05,128106700,2562134,224988362,24,26,31,42,43,44
端午節加碼活動,115000059,2026/06/05,128106700,2562134,224988362,26,27,31,40,41,46
端午節加碼活動,115000060,2026/06/09,143083500,2861670,257167347,01,02,08,15,40,46
端午節加碼活動,115000060,2026/06/09,143083500,2861670,257167347,01,05,16,27,32,36
端午節加碼活動,115000060,2026/06/09,143083500,2861670,257167347,01,06,15,19,25,34
端午節加碼活動,115000060,2026/06/09,143083500,2861670,257167347,01,07,25,31,38,49
端午節加碼活動,115000060,2026/06/09,143083500,2861670,257167347,01,07,35,37,43,45
端午節加碼活動,115000060,2026/06/09,143083500,2861670,257167347,01,09,13,35,45,49
端午節加碼活動,115000060,2026/06/09,143083500,2861670,257167347,01,14,18,31,37,39
端午節加碼活動,115000060,2026/06/09,143083500,2861670,257167347,01,15,21,32,37,45
端午節加碼活動,115000060,2026/06/09,143083500,2861670,257167347,01,23,24,38,41,49
端午節加碼活動,115000060,2026/06/09,143083500,2861670,257167347,02,05,08,16,34,35
端午節加碼活動,115000060,2026/06/09,143083500,2861670,257167347,02,05,13,20,32,33
端午節加碼活動,115000060,2026/06/09,143083500,2861670,257167347,02,05,18,26,46,49
端午節加碼活動,115000060,2026/06/09,143083500,2861670,257167347,02,06,09,21,26,45
端午節加碼活動,115000060,2026/06/09,143083500,2861670,257167347,02,09,13,18,26,42
端午節加碼活動,115000060,2026/06/09,143083500,2861670,257167347,02,10,21,28,29,39
端午節加碼活動,115000060,2026/06/09,143083500,2861670,257167347,02,11,13,25,30,48
端午節加碼活動,115000060,2026/06/09,143083500,2861670,257167347,03,05,21,26,38,39
端午節加碼活動,115000060,2026/06/09,143083500,2861670,257167347,03,07,19,23,37,38
端午節加碼活動,115000060,2026/06/09,143083500,2861670,257167347,03,09,10,32,34,44
端午節加碼活動,115000060,2026/06/09,143083500,2861670,257167347,03,09,31,42,44,49
端午節加碼活動,115000060,2026/06/09,143083500,2861670,257167347,03,13,16,22,26,37
端午節加碼活動,115000060,2026/06/09,143083500,2861670,257167347,03,14,22,31,37,46
端午節加碼活動,115000060,2026/06/09,143083500,2861670,257167347,03,18,24,29,30,44
端午節加碼活動,115000060,2026/06/09,143083500,2861670,257167347,03,24,31,39,42,44
端午節加碼活動,115000060,2026/06/09,143083500,2861670,257167347,04,05,07,27,42,43
端午節加碼活動,115000060,2026/06/09,143083500,2861670,257167347,04,05,08,12,24,31
端午節加碼活動,115000060,2026/06/09,143083500,2861670,257167347,04,05,16,30,31,37
端午節加碼活動,115000060,2026/06/09,143083500,2861670,257167347,04,07,25,30,40,49
端午節加碼活動,115000060,2026/06/09,143083500,2861670,257167347,04,10,14,27,29,35
端午節加碼活動,115000060,2026/06/09,143083500,2861670,257167347,04,13,14,22,26,32
端午節加碼活動,115000060,2026/06/09,143083500,2861670,257167347,04,15,23,30,41,47
端午節加碼活動,115000060,2026/06/09,143083500,2861670,257167347,04,17,23,24,43,49
端午節加碼活動,115000060,2026/06/09,143083500,2861670,257167347,04,18,20,39,43,46
端午節加碼活動,115000060,2026/06/09,143083500,2861670,257167347,04,19,21,23,34,46
端午節加碼活動,115000060,2026/06/09,143083500,2861670,257167347,04,22,27,30,42,49
端午節加碼活動,115000060,2026/06/09,143083500,2861670,257167347,05,07,21,30,37,40
端午節加碼活動,115000060,2026/06/09,143083500,2861670,257167347,05,10,23,24,38,44
端午節加碼活動,115000060,2026/06/09,143083500,2861670,257167347,05,10,28,35,37,49
端午節加碼活動,115000060,2026/06/09,143083500,2861670,257167347,05,12,20,30,39,47
端午節加碼活動,115000060,2026/06/09,143083500,2861670,257167347,05,14,24,37,44,49
端午節加碼活動,115000060,2026/06/09,143083500,2861670,257167347,05,18,25,28,29,39
端午節加碼活動,115000060,2026/06/09,143083500,2861670,257167347,05,25,28,32,36,49
端午節加碼活動,115000060,2026/06/09,143083500,2861670,257167347,06,08,11,13,21,30
端午節加碼活動,115000060,2026/06/09,143083500,2861670,257167347,06,10,15,16,32,33
端午節加碼活動,115000060,2026/06/09,143083500,2861670,257167347,06,10,16,36,43,47
端午節加碼活動,115000060,2026/06/09,143083500,2861670,257167347,06,11,15,16,21,46
端午節加碼活動,115000060,2026/06/09,143083500,2861670,257167347,06,14,16,19,43,44
端午節加碼活動,115000060,2026/06/09,143083500,2861670,257167347,06,21,28,31,34,41
端午節加碼活動,115000060,2026/06/09,143083500,2861670,257167347,07,13,16,19,20,43
端午節加碼活動,115000060,2026/06/09,143083500,2861670,257167347,07,15,24,30,43,49
端午節加碼活動,115000060,2026/06/09,143083500,2861670,257167347,08,10,24,27,33,49
端午節加碼活動,115000060,2026/06/09,143083500,2861670,257167347,08,13,16,25,30,47
端午節加碼活動,115000060,2026/06/09,143083500,2861670,257167347,08,13,18,26,30,38
端午節加碼活動,115000060,2026/06/09,143083500,2861670,257167347,08,14,22,28,36,37
端午節加碼活動,115000060,2026/06/09,143083500,2861670,257167347,08,29,30,34,39,46
端午節加碼活動,115000060,2026/06/09,143083500,2861670,257167347,09,10,11,31,34,42
端午節加碼活動,115000060,2026/06/09,143083500,2861670,257167347,09,13,19,20,32,49
端午節加碼活動,115000060,2026/06/09,143083500,2861670,257167347,09,14,15,19,40,49
端午節加碼活動,115000060,2026/06/09,143083500,2861670,257167347,09,14,21,31,32,37
端午節加碼活動,115000060,2026/06/09,143083500,2861670,257167347,09,19,22,27,36,38
端午節加碼活動,115000060,2026/06/09,143083500,2861670,257167347,11,16,23,28,30,33
端午節加碼活動,115000060,2026/06/09,143083500,2861670,257167347,12,18,26,33,35,44
端午節加碼活動,115000060,2026/06/09,143083500,2861670,257167347,13,17,22,27,30,31
端午節加碼活動,115000060,2026/06/09,143083500,2861670,257167347,13,17,25,33,35,43
端午節加碼活動,115000060,2026/06/09,143083500,2861670,257167347,13,18,33,35,40,44
端午節加碼活動,115000060,2026/06/09,143083500,2861670,257167347,13,19,20,23,36,49
端午節加碼活動,115000060,2026/06/09,143083500,2861670,257167347,14,17,21,34,36,47
端午節加碼活動,115000060,2026/06/09,143083500,2861670,257167347,14,22,25,28,40,49
端午節加碼活動,115000060,2026/06/09,143083500,2861670,257167347,14,27,34,42,43,44
端午節加碼活動,115000060,2026/06/09,143083500,2861670,257167347,14,28,36,44,46,48
端午節加碼活動,115000060,2026/06/09,143083500,2861670,257167347,15,21,30,34,42,47
端午節加碼活動,115000060,2026/06/09,143083500,2861670,257167347,16,18,22,24,29,39
端午節加碼活動,115000060,2026/06/09,143083500,2861670,257167347,16,27,30,34,41,42
端午節加碼活動,115000060,2026/06/09,143083500,2861670,257167347,18,20,21,31,39,43
端午節加碼活動,115000060,2026/06/09,143083500,2861670,257167347,19,23,27,31,34,48
端午節加碼活動,115000060,2026/06/09,143083500,2861670,257167347,20,25,38,39,41,44
端午節加碼活動,115000060,2026/06/09,143083500,2861670,257167347,21,22,23,40,48,49
端午節加碼活動,115000060,2026/06/09,143083500,2861670,257167347,22,23,25,27,42,46
端午節加碼活動,115000060,2026/06/09,143083500,2861670,257167347,22,25,26,40,41,42
端午節加碼活動,115000060,2026/06/09,143083500,2861670,257167347,28,42,43,45,46,49
端午節加碼活動,115000061,2026/06/12,152511000,3050220,296087050,01,02,04,10,27,37
端午節加碼活動,115000061,2026/06/12,152511000,3050220,296087050,01,04,10,23,32,41
端午節加碼活動,115000061,2026/06/12,152511000,3050220,296087050,01,05,11,14,16,43
端午節加碼活動,115000061,2026/06/12,152511000,3050220,296087050,01,05,12,32,33,41
端午節加碼活動,115000061,2026/06/12,152511000,3050220,296087050,01,06,09,14,16,47
端午節加碼活動,115000061,2026/06/12,152511000,3050220,296087050,01,07,20,28,41,42
端午節加碼活動,115000061,2026/06/12,152511000,3050220,296087050,01,08,10,26,35,40
端午節加碼活動,115000061,2026/06/12,152511000,3050220,296087050,01,13,20,25,34,38
端午節加碼活動,115000061,2026/06/12,152511000,3050220,296087050,01,15,19,32,36,47
端午節加碼活動,115000061,2026/06/12,152511000,3050220,296087050,01,16,20,33,34,42
端午節加碼活動,115000061,2026/06/12,152511000,3050220,296087050,01,17,19,24,28,49
端午節加碼活動,115000061,2026/06/12,152511000,3050220,296087050,01,17,21,24,25,28
端午節加碼活動,115000061,2026/06/12,152511000,3050220,296087050,02,03,11,32,38,46
端午節加碼活動,115000061,2026/06/12,152511000,3050220,296087050,02,04,21,41,42,44
端午節加碼活動,115000061,2026/06/12,152511000,3050220,296087050,02,05,16,23,43,44
端午節加碼活動,115000061,2026/06/12,152511000,3050220,296087050,02,23,32,34,40,49
端午節加碼活動,115000061,2026/06/12,152511000,3050220,296087050,03,04,07,39,43,47
端午節加碼活動,115000061,2026/06/12,152511000,3050220,296087050,03,07,13,14,21,27
端午節加碼活動,115000061,2026/06/12,152511000,3050220,296087050,03,09,11,23,42,46
端午節加碼活動,115000061,2026/06/12,152511000,3050220,296087050,03,09,14,16,28,42
端午節加碼活動,115000061,2026/06/12,152511000,3050220,296087050,03,11,13,19,21,26
端午節加碼活動,115000061,2026/06/12,152511000,3050220,296087050,03,11,21,24,27,39
端午節加碼活動,115000061,2026/06/12,152511000,3050220,296087050,03,12,25,26,34,41
端午節加碼活動,115000061,2026/06/12,152511000,3050220,296087050,04,05,09,16,25,48
端午節加碼活動,115000061,2026/06/12,152511000,3050220,296087050,04,07,09,18,29,37
端午節加碼活動,115000061,2026/06/12,152511000,3050220,296087050,04,07,16,26,30,39
端午節加碼活動,115000061,2026/06/12,152511000,3050220,296087050,04,07,21,27,33,35
端午節加碼活動,115000061,2026/06/12,152511000,3050220,296087050,04,10,13,27,37,45
端午節加碼活動,115000061,2026/06/12,152511000,3050220,296087050,04,19,21,25,39,47
端午節加碼活動,115000061,2026/06/12,152511000,3050220,296087050,05,06,22,40,41,49
端午節加碼活動,115000061,2026/06/12,152511000,3050220,296087050,05,08,11,14,24,34
端午節加碼活動,115000061,2026/06/12,152511000,3050220,296087050,05,12,32,35,41,45
端午節加碼活動,115000061,2026/06/12,152511000,3050220,296087050,05,14,22,24,38,41
端午節加碼活動,115000061,2026/06/12,152511000,3050220,296087050,06,08,32,33,37,42
端午節加碼活動,115000061,2026/06/12,152511000,3050220,296087050,06,09,12,34,38,47
端午節加碼活動,115000061,2026/06/12,152511000,3050220,296087050,06,09,16,27,39,43
端午節加碼活動,115000061,2026/06/12,152511000,3050220,296087050,06,11,33,35,44,48
端午節加碼活動,115000061,2026/06/12,152511000,3050220,296087050,07,09,11,20,33,47
端午節加碼活動,115000061,2026/06/12,152511000,3050220,296087050,07,11,13,14,17,39
端午節加碼活動,115000061,2026/06/12,152511000,3050220,296087050,07,14,36,41,42,44
端午節加碼活動,115000061,2026/06/12,152511000,3050220,296087050,07,19,32,37,38,49
端午節加碼活動,115000061,2026/06/12,152511000,3050220,296087050,07,22,27,33,43,45
端午節加碼活動,115000061,2026/06/12,152511000,3050220,296087050,08,10,16,29,37,44
端午節加碼活動,115000061,2026/06/12,152511000,3050220,296087050,08,10,17,20,21,30
端午節加碼活動,115000061,2026/06/12,152511000,3050220,296087050,09,10,28,29,42,43
端午節加碼活動,115000061,2026/06/12,152511000,3050220,296087050,09,12,20,25,29,33
端午節加碼活動,115000061,2026/06/12,152511000,3050220,296087050,09,23,26,32,37,44
端午節加碼活動,115000061,2026/06/12,152511000,3050220,296087050,10,21,23,28,38,41
端午節加碼活動,115000061,2026/06/12,152511000,3050220,296087050,11,15,26,27,29,48
端午節加碼活動,115000061,2026/06/12,152511000,3050220,296087050,11,16,26,30,38,46
端午節加碼活動,115000061,2026/06/12,152511000,3050220,296087050,11,36,38,42,44,46
端午節加碼活動,115000061,2026/06/12,152511000,3050220,296087050,12,13,14,27,43,45
端午節加碼活動,115000061,2026/06/12,152511000,3050220,296087050,13,14,19,32,41,46
端午節加碼活動,115000061,2026/06/12,152511000,3050220,296087050,13,25,30,39,45,46
端午節加碼活動,115000061,2026/06/12,152511000,3050220,296087050,14,20,24,28,43,49
端午節加碼活動,115000061,2026/06/12,152511000,3050220,296087050,14,27,31,38,43,48
端午節加碼活動,115000061,2026/06/12,152511000,3050220,296087050,16,19,31,38,41,43
端午節加碼活動,115000061,2026/06/12,152511000,3050220,296087050,17,18,19,38,41,42
端午節加碼活動,115000061,2026/06/12,152511000,3050220,296087050,17,24,33,42,43,49
端午節加碼活動,115000061,2026/06/12,152511000,3050220,296087050,18,24,26,28,39,45
端午節加碼活動,115000061,2026/06/12,152511000,3050220,296087050,20,22,26,29,37,44
端午節加碼活動,115000061,2026/06/12,152511000,3050220,296087050,20,27,28,32,43,44
端午節加碼活動,115000061,2026/06/12,152511000,3050220,296087050,23,36,38,46,48,49
端午節加碼活動,115000062,2026/06/16,165683050,3313661,336898701,01,06,13,19,28,30
端午節加碼活動,115000062,2026/06/16,165683050,3313661,336898701,01,08,13,24,29,35
端午節加碼活動,115000062,2026/06/16,165683050,3313661,336898701,01,09,13,33,34,41
端午節加碼活動,115000062,2026/06/16,165683050,3313661,336898701,01,11,23,43,48,49
端午節加碼活動,115000062,2026/06/16,165683050,3313661,336898701,01,34,36,40,43,44
端午節加碼活動,115000062,2026/06/16,165683050,3313661,336898701,02,05,27,29,32,43
端午節加碼活動,115000062,2026/06/16,165683050,3313661,336898701,02,07,33,34,38,39
端午節加碼活動,115000062,2026/06/16,165683050,3313661,336898701,03,05,06,29,41,42
端午節加碼活動,115000062,2026/06/16,165683050,3313661,336898701,04,06,07,25,27,37
端午節加碼活動,115000062,2026/06/16,165683050,3313661,336898701,04,06,13,23,36,39
端午節加碼活動,115000062,2026/06/16,165683050,3313661,336898701,04,06,21,26,38,46
端午節加碼活動,115000062,2026/06/16,165683050,3313661,336898701,04,07,11,21,24,35
端午節加碼活動,115000062,2026/06/16,165683050,3313661,336898701,04,14,18,22,38,49
端午節加碼活動,115000062,2026/06/16,165683050,3313661,336898701,04,15,24,27,41,49
端午節加碼活動,115000062,2026/06/16,165683050,3313661,336898701,04,17,21,31,34,38
端午節加碼活動,115000062,2026/06/16,165683050,3313661,336898701,05,06,08,09,16,47
端午節加碼活動,115000062,2026/06/16,165683050,3313661,336898701,05,06,19,26,30,37
端午節加碼活動,115000062,2026/06/16,165683050,3313661,336898701,05,07,14,15,19,32
端午節加碼活動,115000062,2026/06/16,165683050,3313661,336898701,05,09,17,25,28,29
端午節加碼活動,115000062,2026/06/16,165683050,3313661,336898701,05,12,13,15,18,42
端午節加碼活動,115000062,2026/06/16,165683050,3313661,336898701,05,19,20,30,40,44
端午節加碼活動,115000062,2026/06/16,165683050,3313661,336898701,05,20,29,38,41,49
端午節加碼活動,115000062,2026/06/16,165683050,3313661,336898701,06,10,14,24,39,48
端午節加碼活動,115000062,2026/06/16,165683050,3313661,336898701,06,11,12,35,37,38
端午節加碼活動,115000062,2026/06/16,165683050,3313661,336898701,06,11,17,25,38,47
端午節加碼活動,115000062,2026/06/16,165683050,3313661,336898701,06,15,27,31,37,39
端午節加碼活動,115000062,2026/06/16,165683050,3313661,336898701,07,11,31,33,42,44
端午節加碼活動,115000062,2026/06/16,165683050,3313661,336898701,07,21,25,32,33,43
端午節加碼活動,115000062,2026/06/16,165683050,3313661,336898701,08,11,22,33,43,45
端午節加碼活動,115000062,2026/06/16,165683050,3313661,336898701,08,13,26,31,38,44
端午節加碼活動,115000062,2026/06/16,165683050,3313661,336898701,08,22,23,29,32,36
端午節加碼活動,115000062,2026/06/16,165683050,3313661,336898701,09,12,34,38,40,43
端午節加碼活動,115000062,2026/06/16,165683050,3313661,336898701,09,16,29,36,40,46
端午節加碼活動,115000062,2026/06/16,165683050,3313661,336898701,09,22,27,28,45,46
端午節加碼活動,115000062,2026/06/16,165683050,3313661,336898701,10,11,20,34,37,47
端午節加碼活動,115000062,2026/06/16,165683050,3313661,336898701,10,14,39,42,43,44
端午節加碼活動,115000062,2026/06/16,165683050,3313661,336898701,10,18,19,23,44,47
端午節加碼活動,115000062,2026/06/16,165683050,3313661,336898701,11,12,19,44,45,46
端午節加碼活動,115000062,2026/06/16,165683050,3313661,336898701,11,14,16,20,22,41
端午節加碼活動,115000062,2026/06/16,165683050,3313661,336898701,11,20,21,23,40,43
端午節加碼活動,115000062,2026/06/16,165683050,3313661,336898701,11,20,22,26,29,48
端午節加碼活動,115000062,2026/06/16,165683050,3313661,336898701,11,25,42,45,47,48
端午節加碼活動,115000062,2026/06/16,165683050,3313661,336898701,12,19,32,33,36,41
端午節加碼活動,115000062,2026/06/16,165683050,3313661,336898701,12,22,23,31,32,37
端午節加碼活動,115000062,2026/06/16,165683050,3313661,336898701,12,25,26,27,31,38
端午節加碼活動,115000062,2026/06/16,165683050,3313661,336898701,15,26,27,29,38,47
端午節加碼活動,115000062,2026/06/16,165683050,3313661,336898701,16,19,23,29,31,49
端午節加碼活動,115000062,2026/06/16,165683050,3313661,336898701,16,20,29,36,44,45
端午節加碼活動,115000062,2026/06/16,165683050,3313661,336898701,18,29,35,36,37,40
端午節加碼活動,115000062,2026/06/16,165683050,3313661,336898701,19,20,23,24,33,40
端午節加碼活動,115000062,2026/06/16,165683050,3313661,336898701,20,21,24,32,39,41
端午節加碼活動,115000063,2026/06/19,195405550,3908111,383926029,01,06,22,43,46,48
端午節加碼活動,115000063,2026/06/19,195405550,3908111,383926029,01,07,12,21,32,33
端午節加碼活動,115000063,2026/06/19,195405550,3908111,383926029,01,10,16,18,25,47
端午節加碼活動,115000063,2026/06/19,195405550,3908111,383926029,02,03,15,33,44,47
端午節加碼活動,115000063,2026/06/19,195405550,3908111,383926029,02,04,12,15,19,22
端午節加碼活動,115000063,2026/06/19,195405550,3908111,383926029,02,13,16,20,34,44
端午節加碼活動,115000063,2026/06/19,195405550,3908111,383926029,02,17,28,38,40,41
端午節加碼活動,115000063,2026/06/19,195405550,3908111,383926029,03,13,14,15,22,49
端午節加碼活動,115000063,2026/06/19,195405550,3908111,383926029,03,15,31,32,41,45
端午節加碼活動,115000063,2026/06/19,195405550,3908111,383926029,04,05,07,24,37,42
端午節加碼活動,115000063,2026/06/19,195405550,3908111,383926029,04,11,13,20,23,32
端午節加碼活動,115000063,2026/06/19,195405550,3908111,383926029,05,09,11,21,36,37
端午節加碼活動,115000063,2026/06/19,195405550,3908111,383926029,05,09,29,32,38,49
端午節加碼活動,115000063,2026/06/19,195405550,3908111,383926029,05,12,27,28,32,38
端午節加碼活動,115000063,2026/06/19,195405550,3908111,383926029,05,15,16,24,42,43
端午節加碼活動,115000063,2026/06/19,195405550,3908111,383926029,05,26,28,29,30,37
端午節加碼活動,115000063,2026/06/19,195405550,3908111,383926029,06,08,10,40,41,43
端午節加碼活動,115000063,2026/06/19,195405550,3908111,383926029,06,08,23,33,38,49
端午節加碼活動,115000063,2026/06/19,195405550,3908111,383926029,06,08,27,31,41,42
端午節加碼活動,115000063,2026/06/19,195405550,3908111,383926029,06,08,29,30,38,47
端午節加碼活動,115000063,2026/06/19,195405550,3908111,383926029,06,10,14,17,21,47
端午節加碼活動,115000063,2026/06/19,195405550,3908111,383926029,06,11,24,34,46,48
端午節加碼活動,115000063,2026/06/19,195405550,3908111,383926029,06,17,19,30,38,46
端午節加碼活動,115000063,2026/06/19,195405550,3908111,383926029,07,09,17,18,20,25
端午節加碼活動,115000063,2026/06/19,195405550,3908111,383926029,07,10,25,33,36,42
端午節加碼活動,115000063,2026/06/19,195405550,3908111,383926029,07,22,27,30,32,43
端午節加碼活動,115000063,2026/06/19,195405550,3908111,383926029,08,25,32,37,41,48
端午節加碼活動,115000063,2026/06/19,195405550,3908111,383926029,09,19,24,26,28,49
端午節加碼活動,115000063,2026/06/19,195405550,3908111,383926029,09,19,34,39,40,49
端午節加碼活動,115000063,2026/06/19,195405550,3908111,383926029,10,14,17,22,35,36
端午節加碼活動,115000063,2026/06/19,195405550,3908111,383926029,11,15,17,28,40,48
端午節加碼活動,115000063,2026/06/19,195405550,3908111,383926029,12,19,20,32,38,47
端午節加碼活動,115000063,2026/06/19,195405550,3908111,383926029,14,18,27,33,37,43
端午節加碼活動,115000063,2026/06/19,195405550,3908111,383926029,14,30,36,39,47,48
端午節加碼活動,115000063,2026/06/19,195405550,3908111,383926029,15,36,38,39,43,46
端午節加碼活動,115000063,2026/06/19,195405550,3908111,383926029,16,19,25,26,33,34
端午節加碼活動,115000063,2026/06/19,195405550,3908111,383926029,17,19,23,35,40,42
端午節加碼活動,115000063,2026/06/19,195405550,3908111,383926029,17,19,24,26,32,41
端午節加碼活動,115000063,2026/06/19,195405550,3908111,383926029,18,23,26,35,43,45
端午節加碼活動,115000063,2026/06/19,195405550,3908111,383926029,23,24,36,38,39,45
端午節加碼活動,115000064,2026/06/23,196562100,3931242,424971577,01,02,05,08,26,38
端午節加碼活動,115000064,2026/06/23,196562100,3931242,424971577,01,04,08,29,36,38
端午節加碼活動,115000064,2026/06/23,196562100,3931242,424971577,01,06,07,16,44,45
端午節加碼活動,115000064,2026/06/23,196562100,3931242,424971577,01,09,12,24,40,49
端午節加碼活動,115000064,2026/06/23,196562100,3931242,424971577,02,03,12,14,32,39
端午節加碼活動,115000064,2026/06/23,196562100,3931242,424971577,02,06,08,15,30,38
端午節加碼活動,115000064,2026/06/23,196562100,3931242,424971577,02,06,10,14,19,32
端午節加碼活動,115000064,2026/06/23,196562100,3931242,424971577,02,07,13,25,32,39
端午節加碼活動,115000064,2026/06/23,196562100,3931242,424971577,02,07,22,27,41,47
端午節加碼活動,115000064,2026/06/23,196562100,3931242,424971577,03,04,16,35,42,46
端午節加碼活動,115000064,2026/06/23,196562100,3931242,424971577,03,13,25,28,40,49
端午節加碼活動,115000064,2026/06/23,196562100,3931242,424971577,04,05,17,18,34,40
端午節加碼活動,115000064,2026/06/23,196562100,3931242,424971577,04,06,15,30,31,39
端午節加碼活動,115000064,2026/06/23,196562100,3931242,424971577,04,10,12,17,29,41
端午節加碼活動,115000064,2026/06/23,196562100,3931242,424971577,04,26,30,43,47,48
端午節加碼活動,115000064,2026/06/23,196562100,3931242,424971577,05,07,08,34,35,41
端午節加碼活動,115000064,2026/06/23,196562100,3931242,424971577,05,07,13,18,28,41
端午節加碼活動,115000064,2026/06/23,196562100,3931242,424971577,05,10,13,17,19,32
端午節加碼活動,115000064,2026/06/23,196562100,3931242,424971577,05,19,23,29,36,43
端午節加碼活動,115000064,2026/06/23,196562100,3931242,424971577,06,12,13,16,24,43
端午節加碼活動,115000064,2026/06/23,196562100,3931242,424971577,06,17,24,44,46,49
端午節加碼活動,115000064,2026/06/23,196562100,3931242,424971577,06,23,32,34,41,49
端午節加碼活動,115000064,2026/06/23,196562100,3931242,424971577,07,09,14,20,45,46
端午節加碼活動,115000064,2026/06/23,196562100,3931242,424971577,08,25,27,28,31,39
端午節加碼活動,115000064,2026/06/23,196562100,3931242,424971577,09,23,38,40,43,45
端午節加碼活動,115000064,2026/06/23,196562100,3931242,424971577,10,11,19,30,39,41
端午節加碼活動,115000064,2026/06/23,196562100,3931242,424971577,10,14,15,31,36,44
端午節加碼活動,115000064,2026/06/23,196562100,3931242,424971577,10,14,21,32,34,48
端午節加碼活動,115000064,2026/06/23,196562100,3931242,424971577,11,12,24,29,39,43
端午節加碼活動,115000064,2026/06/23,196562100,3931242,424971577,11,14,22,25,32,49
端午節加碼活動,115000064,2026/06/23,196562100,3931242,424971577,11,16,17,36,41,42
端午節加碼活動,115000064,2026/06/23,196562100,3931242,424971577,11,20,31,41,42,43
端午節加碼活動,115000064,2026/06/23,196562100,3931242,424971577,15,16,24,31,35,46
端午節加碼活動,115000064,2026/06/23,196562100,3931242,424971577,16,26,31,35,37,43
端午節加碼活動,115000064,2026/06/23,196562100,3931242,424971577,26,31,35,39,48,49
端午節加碼活動,115000065,2026/06/26,169847400,3396948,454840561,01,02,07,36,46,48
端午節加碼活動,115000065,2026/06/26,169847400,3396948,454840561,01,04,18,28,32,39
端午節加碼活動,115000065,2026/06/26,169847400,3396948,454840561,01,06,21,24,31,47
端午節加碼活動,115000065,2026/06/26,169847400,3396948,454840561,01,09,15,17,32,42
端午節加碼活動,115000065,2026/06/26,169847400,3396948,454840561,01,10,32,38,41,48
端午節加碼活動,115000065,2026/06/26,169847400,3396948,454840561,01,13,20,24,34,41
端午節加碼活動,115000065,2026/06/26,169847400,3396948,454840561,01,16,27,30,39,41
端午節加碼活動,115000065,2026/06/26,169847400,3396948,454840561,01,20,26,27,28,32
端午節加碼活動,115000065,2026/06/26,169847400,3396948,454840561,02,03,04,16,20,39
端午節加碼活動,115000065,2026/06/26,169847400,3396948,454840561,02,15,18,24,38,46
端午節加碼活動,115000065,2026/06/26,169847400,3396948,454840561,02,24,27,29,35,44
端午節加碼活動,115000065,2026/06/26,169847400,3396948,454840561,04,05,12,17,32,47
端午節加碼活動,115000065,2026/06/26,169847400,3396948,454840561,06,07,15,23,24,42
端午節加碼活動,115000065,2026/06/26,169847400,3396948,454840561,06,11,36,37,44,47
端午節加碼活動,115000065,2026/06/26,169847400,3396948,454840561,06,24,28,31,37,39
端午節加碼活動,115000065,2026/06/26,169847400,3396948,454840561,07,09,13,24,33,41
端午節加碼活動,115000065,2026/06/26,169847400,3396948,454840561,07,22,29,30,34,47
端午節加碼活動,115000065,2026/06/26,169847400,3396948,454840561,08,11,19,30,32,33
端午節加碼活動,115000065,2026/06/26,169847400,3396948,454840561,08,14,38,41,45,49
端午節加碼活動,115000065,2026/06/26,169847400,3396948,454840561,08,17,30,34,40,48
端午節加碼活動,115000065,2026/06/26,169847400,3396948,454840561,08,18,19,26,31,38
端午節加碼活動,115000065,2026/06/26,169847400,3396948,454840561,08,21,24,31,37,45
端午節加碼活動,115000065,2026/06/26,169847400,3396948,454840561,09,13,21,43,47,48
端午節加碼活動,115000065,2026/06/26,169847400,3396948,454840561,11,17,19,25,41,49
端午節加碼活動,115000065,2026/06/26,169847400,3396948,454840561,11,19,28,33,36,40
端午節加碼活動,115000065,2026/06/26,169847400,3396948,454840561,12,14,24,38,43,49
端午節加碼活動,115000065,2026/06/26,169847400,3396948,454840561,12,18,19,20,33,49
端午節加碼活動,115000065,2026/06/26,169847400,3396948,454840561,13,14,27,36,48,49
端午節加碼活動,115000065,2026/06/26,169847400,3396948,454840561,16,25,41,43,45,47
端午節加碼活動,115000066,2026/06/30,205899950,4117999,511818423,01,03,22,32,46,47
端午節加碼活動,115000066,2026/06/30,205899950,4117999,511818423,02,06,20,35,36,39
端午節加碼活動,115000066,2026/06/30,205899950,4117999,511818423,02,09,11,19,27,47
端午節加碼活動,115000066,2026/06/30,205899950,4117999,511818423,02,13,21,27,31,34
端午節加碼活動,115000066,2026/06/30,205899950,4117999,511818423,03,05,09,27,28,32
端午節加碼活動,115000066,2026/06/30,205899950,4117999,511818423,03,06,11,28,36,45
端午節加碼活動,115000066,2026/06/30,205899950,4117999,511818423,03,08,18,30,34,36
端午節加碼活動,115000066,2026/06/30,205899950,4117999,511818423,04,08,14,15,23,39
端午節加碼活動,115000066,2026/06/30,205899950,4117999,511818423,04,09,19,28,47,48
端午節加碼活動,115000066,2026/06/30,205899950,4117999,511818423,04,18,26,35,36,38
端午節加碼活動,115000066,2026/06/30,205899950,4117999,511818423,05,09,24,27,37,39
端午節加碼活動,115000066,2026/06/30,205899950,4117999,511818423,06,09,11,22,32,39
端午節加碼活動,115000066,2026/06/30,205899950,4117999,511818423,06,13,33,37,39,45
端午節加碼活動,115000066,2026/06/30,205899950,4117999,511818423,07,22,24,33,44,49
端午節加碼活動,115000066,2026/06/30,205899950,4117999,511818423,08,10,13,16,46,49
端午節加碼活動,115000066,2026/06/30,205899950,4117999,511818423,08,20,22,28,34,39
端午節加碼活動,115000066,2026/06/30,205899950,4117999,511818423,10,12,35,36,45,49
端午節加碼活動,115000066,2026/06/30,205899950,4117999,511818423,10,15,17,24,27,32
端午節加碼活動,115000066,2026/06/30,205899950,4117999,511818423,12,13,19,26,46,49
端午節加碼活動,115000066,2026/06/30,205899950,4117999,511818423,14,19,20,33,40,46
端午節加碼活動,115000066,2026/06/30,205899950,4117999,511818423,17,23,26,30,43,45
